participant,speed,node,Fx1,Fy1,Fx2,Fy2,speed1,speed2,duration
P1,1.0,0,6.778199419688382,10.83634549163584,81.39018525370952,684.7001939554718,0.9995954141255964,1.0021238855081533,1.226
P1,1.0,1,10.082935273147065,40.76516319192856,90.39715900107706,675.4041131458827,0.9996467198442763,1.0027474799621328,1.226
P1,1.0,2,9.359902565433178,88.88100859776351,99.5320258590533,658.9787364898502,0.9996953057684641,1.0031195117513392,1.226
P1,1.0,3,-0.34344061685345906,151.67729173535173,107.78798559599134,633.4330051487508,0.9991824147211102,1.0037959761505504,1.226
P1,1.0,4,-19.018210711910328,223.82933798337083,114.33576575625632,596.942466450229,0.9993115308080555,1.0051029283502242,1.226
P1,1.0,5,-41.53855122662718,300.30980784259253,118.38665685388499,548.7139666397395,0.9993269056579033,1.006173387321178,1.226
P1,1.0,6,-63.23953901414136,376.05658977062006,118.47068208536571,489.0379106318042,0.9952897935215902,1.0063698335773952,1.226
P1,1.0,7,-81.38900528215699,445.40085822269225,113.42708033767438,419.5082086782061,0.9852377051305775,1.0063390162199506,1.226
P1,1.0,8,-94.57779023782852,503.66001371689094,103.23852586764349,343.0918411345711,0.9752852705647475,1.0068192252439034,1.226
P1,1.0,9,-102.3591507663167,548.470329844065,88.17294807596373,264.0888707034664,0.9727685850235971,1.0071053879515375,1.226
P1,1.0,10,-105.4179534929168,580.4924999136553,69.13368008273235,187.9941842210863,0.977738984183546,1.0061200723314627,1.226
P1,1.0,11,-104.87309952617879,603.0476707831571,48.17109953845006,120.7019702081632,0.9847367072321429,1.0037778564072066,1.226
P1,1.0,12,-101.62689063000549,619.6436817019191,28.64863977942814,67.13659611246743,0.9907574372460708,1.0011038590055312,1.226
P1,1.0,13,-96.53875427326415,632.3510896739415,13.437174296287438,29.634330554793337,0.9953880619799761,0.9986455254600406,1.226
P1,1.0,14,-90.36280840197735,642.2150399708764,3.8515546962275566,7.582912736869378,0.9980930179391119,0.9962572400901458,1.226
P1,1.0,15,-83.64519980579806,649.4926754799233,0.0,0.0,0.9993844774316649,0.9941585060451641,1.226
P1,1.0,16,-76.58727486168914,653.5157726938392,0.0,0.0,0.9999505408293077,0.9941074575856865,1.226
P1,1.0,17,-69.31923039821783,653.5302581034008,0.0,0.0,1.0003557918011323,0.9958435328701793,1.226
P1,1.0,18,-61.89146239191996,649.7739660614213,0.0,0.0,1.0009471920463022,0.9984390287578949,1.226
P1,1.0,19,-54.644586142228405,643.0629062624454,0.0,0.0,1.001407578831677,1.0002116510714576,1.226
P1,1.0,20,-47.84978463592095,634.1165982279009,0.0,0.0,1.0022547880123711,1.0008490644293195,1.226
P1,1.0,21,-41.81074413481265,623.7116929378801,0.014874461297150806,0.15765281791658728,1.0031592731409007,1.0007897331804858,1.226
P1,1.0,22,-36.693370351369964,612.8414297599772,0.052833485986525826,0.2159915068232096,1.0040217021051518,0.9999106269318033,1.226
P1,1.0,23,-32.41805621012931,602.5495408097842,0.040909682563659525,0.16221618155118717,1.0042833119819967,0.9994982208216455,1.226
P1,1.0,24,-28.773538025703825,593.6125008307538,0.02127786135021607,0.08776989666347884,1.0039568274868,0.9990394532525124,1.226
P1,1.0,25,-25.38309711005699,586.5210892968046,0.0074175677860524765,0.032318917529159,1.003574374516486,0.99913690938233,1.226
P1,1.0,26,-21.99738912046166,581.7855066071534,-0.000735518106701908,0.0025127476658547026,1.0030040465919283,0.9996743789444811,1.226
P1,1.0,27,-18.545460707347246,579.710615242077,0.0,0.0,1.002483252037471,0.9997242966924532,1.226
P1,1.0,28,-15.005471689778567,579.950979450725,0.0,0.0,1.0020315241347075,0.9999169431544402,1.226
P1,1.0,29,-11.476090967219982,582.0304687378193,0.0,0.0,1.0014808181459058,1.0001241736545472,1.226
P1,1.0,30,-8.094390400412427,585.766103330707,-0.023356645000731608,0.0021329019739363122,1.0011612505101175,0.9994950273886402,1.226
P1,1.0,31,-4.908487330783879,590.8381702105002,-0.01851613630428986,0.0038279356848618246,1.001396205615281,0.9989516488300265,1.226
P1,1.0,32,-1.8716554407371389,596.83286369702,-0.011392551119060948,0.0024687578702761188,1.0012023470640616,0.9991892661529703,1.226
P1,1.0,33,1.1406506364288658,603.3874095863536,0.0,0.0,1.000960127680355,0.9995219299444066,1.226
P1,1.0,34,4.310697163372772,610.1930777554829,0.0,0.0,1.0009429442679467,0.9998984118450458,1.226
P1,1.0,35,7.84651056866652,616.9715896272079,0.0,0.0,1.0007771340221268,0.9997274485278819,1.226
P1,1.0,36,11.920012471627153,623.3079110745683,0.0,0.0,1.000472456755537,0.9993657886008555,1.226
P1,1.0,37,16.556092338639004,628.970030074289,0.0034776611755262424,0.009469245223648576,1.000341724846372,0.9995088509310849,1.226
P1,1.0,38,21.600831665629677,634.1363231523763,0.007751327034633528,0.03591040107420895,1.00034566536926,0.9994388097118084,1.226
P1,1.0,39,26.840581860944038,639.1760340204523,0.011817782640892694,0.08318040025980979,1.000946997605223,0.9993285664478634,1.226
P1,1.0,40,32.07159387421086,644.3513835631426,0.01117400170744347,0.14458794221706844,1.0015428541626745,0.9994052783513432,1.226
P1,1.0,41,37.17087943958422,649.8196060037184,-0.0027653643177966316,0.18232129724212826,1.0017877984293906,0.9996641130816453,1.226
P1,1.0,42,42.12784061145807,655.812635504999,-0.04187352575238473,0.1073666637424374,1.0017878852643718,0.9998484146135566,1.226
P1,1.0,43,47.05960746985383,662.2700105804369,0.0,0.0,1.00159618134457,0.9995988425872381,1.226
P1,1.0,44,52.15203482619127,668.8393921832362,0.0,0.0,1.0016066460080664,0.9991535340943836,1.226
P1,1.0,45,57.60841998094425,675.1610694318246,0.0,0.0,1.0017220760709074,0.9994375123479254,1.226
P1,1.0,46,63.579735368541726,680.6799712545758,0.0,0.0,1.0018823842973998,0.9997857130335979,1.226
P1,1.0,47,70.1514253732849,684.677038579219,0.0,0.0,1.0019089707541395,0.9996809620703898,1.226
P1,1.0,48,77.3098404810105,686.2756997536802,0.0,0.0,1.0017679811647222,0.999785390045922,1.226
P1,1.0,49,84.91742856944413,684.5611689827239,3.3237380440065776,9.256221188876648,1.0020335065634312,0.9995636741608135,1.226
P1,1.0,50,92.71772523305796,678.7640396083762,5.47329962047013,30.557701346304167,1.0029654028475377,0.99910819636815,1.226
P1,1.0,51,100.3565839501139,667.8969215167527,5.9883902497484645,64.66350061373593,1.0034166151586783,0.9987609374890332,1.226
P1,1.0,52,107.37435192329468,650.6945274485954,2.0731967953956865,109.77164339223863,1.0037941455464774,0.9987226577181322,1.226
P1,1.0,53,113.32846087039314,625.74627050228,-7.815250438758616,162.1950723255897,1.0043474765727618,0.9991879604931406,1.226
P1,1.0,54,117.88494492887301,591.726803229732,-22.496979550079274,219.00994413803227,1.0047063569505885,0.9991562675272307,1.226
P1,1.0,55,120.49444575790024,547.8298037512748,-39.254982157723916,278.31874844330525,1.0048828452118783,0.9968492799915075,1.226
P1,1.0,56,120.40958487183792,494.0218306913361,-55.696588332285,337.96996291552534,1.004866520628844,0.9916977661784766,1.226
P1,1.0,57,116.67533469954357,431.5404113318008,-70.13483808423427,394.80972934419276,1.0050901267140655,0.986085550669898,1.226
P1,1.0,58,108.35557099178438,362.97342535973394,-81.67987805890677,445.781415887885,1.0057790586638808,0.9822854701075197,1.226
P1,1.0,59,95.37115907438832,291.75621351759713,-90.01379122385967,489.239123886515,1.0061603500174898,0.9822590052279793,1.226
P1,1.0,60,78.70487892462704,221.98906559555755,-95.1617057443257,525.1531889466112,1.005963466931163,0.9849347257026778,1.226
P1,1.0,61,60.13596025756602,157.8021791718934,-97.41320145760584,554.8925423737576,1.0048610504595987,0.9879724841519244,1.226
P1,1.0,62,41.89077457649296,102.78289440161892,-96.96291859632679,580.161723775131,1.0029666305920675,0.9906906371026183,1.226
P1,1.0,63,25.976641868459616,59.46354991141301,-94.11258923601436,601.9411090752436,1.0004675487771257,0.9931405239895996,1.226
P1,1.0,64,13.716809684443156,28.808184215240363,-89.3766457102792,620.4470536689493,0.9977957504588953,0.9952524300818375,1.226
P1,1.0,65,5.574911318105991,10.053807289384299,-83.29126669067664,635.2514137477766,0.9958330635386514,0.9970772018804941,1.226
P1,1.0,66,1.1257547209302734,0.7397096597860803,-76.49975283979174,645.7924708294452,0.995506923424995,0.9983437625502947,1.226
P1,1.0,67,0.0,0.0,-69.48603021037212,651.8092292499596,0.9963981725202307,0.9990872888278153,1.226
P1,1.0,68,0.0,0.0,-62.517809447786036,653.4670196474085,0.9974165679570792,1.0002166730621727,1.226
P1,1.0,69,0.0,0.0,-55.797936659549705,651.2834953173108,0.9983888155224089,1.0011635080201793,1.226
P1,1.0,70,0.0,0.0,-49.372618281945236,645.8222166671744,0.9992456961027197,1.002066278734521,1.226
P1,1.0,71,0.0,0.0,-43.33098406778473,637.8330794384907,0.9996835809251375,1.002852993263126,1.226
P1,1.0,72,-0.01765425461052281,0.02327838703879636,-37.754228025545935,628.1952638710578,0.9997684094098821,1.0034929763508504,1.226
P1,1.0,73,0.03698197001303428,0.11415959404590167,-32.670633155469524,617.8478665973915,0.9996473012767995,1.0036678281767264,1.226
P1,1.0,74,0.04237562884773397,0.10491657390346898,-28.111852009183938,607.8265156897647,0.9994390642363992,1.0033540149489506,1.226
P1,1.0,75,0.02953617740698157,0.065601984125498,-24.010892090590364,598.8746975531179,0.9993670944630206,1.0027210357923007,1.226
P1,1.0,76,0.015075516673593758,0.029908097488418165,-20.2688707303231,591.5291663165909,0.9993985601177439,1.0028768749516463,1.226
P1,1.0,77,0.0050759154570957955,0.007807985109150645,-16.79412160885594,586.1433840916086,0.9997826465170714,1.003379580232231,1.226
P1,1.0,78,0.0,0.0,-13.451268368414883,582.8069973708442,0.9998733078378546,1.00299286610324,1.226
P1,1.0,79,0.0,0.0,-10.14027878087204,581.5766316829396,0.9993421075537232,1.0023285081845918,1.226
P1,1.0,80,0.0,0.0,-6.708571148626601,582.3157641405365,0.9990524200277272,1.0017217556740572,1.226
P1,1.0,81,0.0,0.0,-3.1138243676080797,584.7742610613532,0.9991980225610619,1.0013780962785799,1.226
P1,1.0,82,0.0,0.0,0.5739913628336127,588.6661941403971,0.9992575775949962,1.001193090604161,1.226
P1,1.0,83,0.0,0.0,4.320876060955343,593.6382083181109,0.999493703488365,1.0013706918787593,1.226
P1,1.0,84,0.0,0.0,8.03489202999018,599.4679867735438,0.9996143054548786,1.0015640417929255,1.226
P1,1.0,85,0.0,0.0,11.74788393418725,605.8889614982855,0.9996673487319487,1.0015177319389692,1.226
P1,1.0,86,0.0,0.0,15.51737069325958,612.6613509307923,0.9994593420506779,1.0011470573814893,1.226
P1,1.0,87,0.00895292254921861,0.003503756935484805,19.387749771387778,619.6294269834606,0.9993938136588534,1.000702151242933,1.226
P1,1.0,88,0.01586997310441043,0.04138466324506187,23.468067237297937,626.6781682990207,0.9996602863450562,1.0006557432942953,1.226
P1,1.0,89,0.020146073592305913,0.11211585461815717,27.692111383954444,633.8740331233721,0.9995178517061893,1.0007715104284074,1.226
P1,1.0,90,0.012015593337277806,0.20766023144914955,31.9599704590464,641.2681303748733,0.9995143380622288,1.000855352492286,1.226
P1,1.0,91,-0.024848691881500677,0.2780241520909954,36.19043542989221,648.9650938702786,0.999193845151619,1.000723845902496,1.226
P1,1.0,92,-0.10938628562182781,0.19943250817345526,40.30618485267044,656.9459423179954,0.9991928702662058,1.0008857097865935,1.226
P1,1.0,93,0.0,0.0,44.41062329395966,664.9248024044302,0.9992714290197255,1.0009360639665512,1.226
P1,1.0,94,0.0,0.0,48.69192378002473,672.580953741325,0.9993171374911792,1.0011186131760197,1.226
P1,1.0,95,0.0,0.0,53.41919871013724,679.3825832552144,0.9996377944285438,1.0011149711057399,1.226
P1,1.0,96,0.0,0.0,58.893263545520576,684.7830544853484,0.9996977841044286,1.0011128300396717,1.226
P1,1.0,97,0.0,0.0,65.32764378990132,688.1134219590243,0.9995794070085752,1.0011780401886683,1.226
P1,1.0,98,0.0,0.0,72.80620661644096,688.4147856795505,0.9996137514404149,1.001185109299308,1.226
P1,1.0,99,6.7755673969144645,10.833482739118475,81.20768104703666,684.6259279574858,0.9995966642495789,1.001829434879977,1.226
P1,1.2,0,7.115828587425272,10.91585457091423,102.82305235176443,693.6638390447168,1.1992475128473925,1.201514656324722,1.156
P1,1.2,1,10.254311864789539,43.56379958350983,112.62363058240742,681.8362635967968,1.199205208310806,1.2021795076136383,1.156
P1,1.2,2,9.7079521755386,96.73766771044143,122.27042456525511,661.7360753082647,1.1994695242641757,1.2031488011021307,1.156
P1,1.2,3,0.026598803071970382,166.8167127202218,130.86155187494,631.683673674024,1.1994585097991783,1.2042725408540147,1.156
P1,1.2,4,-20.55888176028477,246.3935479714629,137.07348683481618,590.1401124973851,1.1991342914103518,1.2054982743805174,1.156
P1,1.2,5,-47.63186768287298,328.9582895136032,139.99899256211998,536.5888965152627,1.1989533715683718,1.2061498574732012,1.156
P1,1.2,6,-75.08270091533517,410.6261285985052,137.94245879172036,471.8494398417055,1.19702385859609,1.2062447668250331,1.156
P1,1.2,7,-99.47818429674172,487.5195251460771,129.94309123012067,398.0682657647411,1.189409560583909,1.206790427626789,1.156
P1,1.2,8,-118.57655936836314,554.9695647775783,115.87995702525328,318.8986902414519,1.1767422079333105,1.2076655654514086,1.156
P1,1.2,9,-131.32313312498255,609.3746641694611,95.9978117203511,239.25086619668548,1.167876069578493,1.2079970896535368,1.156
P1,1.2,10,-137.764264300058,649.4461159223225,72.32101239660909,164.54741879709957,1.1679394007843027,1.2073569125251673,1.156
P1,1.2,11,-138.62528380527115,676.7601661390636,48.173446715789304,100.34280852228777,1.1749481356654512,1.2057237359240272,1.156
P1,1.2,12,-135.04710761402768,694.4004765263845,26.949399469049315,51.243230026740854,1.1833737423963264,1.202935946684987,1.156
P1,1.2,13,-127.99479294123765,704.5974699466142,11.33794964895828,18.967187072174568,1.1901268162350438,1.199570465976749,1.156
P1,1.2,14,-118.75032749701136,708.3365472375929,2.224168904698269,1.6696912267530102,1.1951460235358995,1.1961825885032251,1.156
P1,1.2,15,-108.42052679452122,706.6636403230402,0.0,0.0,1.198563919241959,1.1930757101494693,1.156
P1,1.2,16,-97.69625699997862,700.5585225381026,0.0,0.0,1.200905434328206,1.1914319146494854,1.156
P1,1.2,17,-86.78033708376564,689.9613810383971,0.0,0.0,1.2024540189562747,1.1921885250147437,1.156
P1,1.2,18,-76.05526727079554,674.5992258117511,0.0,0.0,1.2036993226100035,1.1955731223356427,1.156
P1,1.2,19,-65.69926106981083,655.5459821895017,0.0,0.0,1.2048086070279804,1.1991973755098695,1.156
P1,1.2,20,-56.20493383155287,634.6792227521944,0.0,0.0,1.2054572178382217,1.201266861970117,1.156
P1,1.2,21,-47.73955219381715,613.2716386345352,0.09183153990555308,0.22084831619172732,1.2059011580931054,1.201550073243237,1.156
P1,1.2,22,-40.35373042077789,592.2472932982535,0.12403350368873822,0.25875049877614054,1.206216805624831,1.2002668154815763,1.156
P1,1.2,23,-34.13971787894405,573.0546534737176,0.09585790613012872,0.18958755983124226,1.2067422509212167,1.1989361359261073,1.156
P1,1.2,24,-28.952436482258523,557.0569901721124,0.05512039217914993,0.10466734671018312,1.2070525200644149,1.1987764893032795,1.156
P1,1.2,25,-24.45974804023644,544.6684936943981,0.02263072639750382,0.04142903786022953,1.2067414509661187,1.199271162399774,1.156
P1,1.2,26,-20.442014819521184,535.9087681254298,0.0030153215962308794,0.006280251579708698,1.2058703010676333,1.1994004105477734,1.156
P1,1.2,27,-16.516790895781526,530.9824292612833,0.0,0.0,1.2043942129724987,1.1994481414216003,1.156
P1,1.2,28,-12.544752688952228,529.9310206416799,0.0,0.0,1.2029461592695547,1.1998242490475528,1.156
P1,1.2,29,-8.63071202439925,532.187170013333,0.0,0.0,1.2026505371648804,1.1996105359847933,1.156
P1,1.2,30,-4.534343063912887,536.750537003199,0.0,0.0,1.2025587986120598,1.1991299892273948,1.156
P1,1.2,31,-0.19768796378990677,542.9329761729911,0.0,0.0,1.2019256464980113,1.1994885089756795,1.156
P1,1.2,32,4.269995513270106,550.6411445784382,0.0,0.0,1.2011676779557932,1.1997436169556617,1.156
P1,1.2,33,8.957323822068142,559.7090001729841,0.0,0.0,1.2008766752630695,1.1994833155639868,1.156
P1,1.2,34,13.858501937654994,569.682207139075,0.0,0.0,1.2007651900856997,1.1992201811779735,1.156
P1,1.2,35,18.893342544487723,580.3226431069836,0.0,0.0,1.200813893030841,1.1995210227222508,1.156
P1,1.2,36,24.12340267915193,591.6777090052861,0.0,0.0,1.2010684519205008,1.1996563796974464,1.156
P1,1.2,37,29.471201547037914,603.6178508590268,0.00594230025980605,0.0214412591948215,1.2012989701340158,1.1993669581483377,1.156
P1,1.2,38,35.02787924917222,615.6602213553791,0.008782245765068954,0.07003306039236656,1.2012610361358886,1.1996665351018132,1.156
P1,1.2,39,40.92505216142786,627.3700613851602,0.008867284962315541,0.14419127438642715,1.201040269888589,1.1995970155383338,1.156
P1,1.2,40,47.03334871954449,638.698890166729,0.0013362657803229173,0.2232699228902497,1.2009267410424764,1.1991222302027864,1.156
P1,1.2,41,53.30093106882914,649.733760688622,-0.02089518534926022,0.24476673402069654,1.2009045070390503,1.1992369876567275,1.156
P1,1.2,42,59.78979546133189,660.3541198811505,-0.06458939141150186,0.0844421843141887,1.2008272514022946,1.1997504772679857,1.156
P1,1.2,43,66.46206826499889,670.407714043944,0.0,0.0,1.2011351329075604,1.1999583618976852,1.156
P1,1.2,44,73.38867778500584,679.9906567233028,0.0,0.0,1.2015157523251407,1.1992645457503335,1.156
P1,1.2,45,80.65246761440078,689.1241524476789,0.0,0.0,1.2018993839967045,1.1990558014087722,1.156
P1,1.2,46,88.26224902667633,697.2166340707191,0.0,0.0,1.2023448439240447,1.1993062451051908,1.156
P1,1.2,47,96.25092642400834,703.1825587427294,0.0,0.0,1.2026789299687028,1.1990909744797438,1.156
P1,1.2,48,104.53398440848116,705.9574487993976,0.0,0.0,1.2027896546620167,1.1994677940822052,1.156
P1,1.2,49,112.95153121034842,704.4810087738601,2.912547188075061,9.232007467487195,1.2027242586624014,1.1997789855360537,1.156
P1,1.2,50,121.34869109469972,697.3961655868284,4.363063843693594,33.75411769942052,1.2031780603869338,1.1993446423835605,1.156
P1,1.2,51,129.41637091126833,683.095976388138,4.151025093045668,73.5923039161469,1.2038481608444795,1.199085589176398,1.156
P1,1.2,52,136.5788119679175,660.0357661946746,-0.7596974783086821,126.54842044122967,1.2040998611300855,1.1993289653465682,1.156
P1,1.2,53,142.0640533545091,626.8738673256138,-12.621997272440597,187.09055752756757,1.2045708198992182,1.1994497977310776,1.156
P1,1.2,54,145.25827814658223,582.5835040438939,-30.42381058374659,250.3923906609181,1.2051675573696021,1.1985075597648882,1.156
P1,1.2,55,145.37417775849235,526.92746320452,-50.98771691522836,314.59341814944935,1.205627486307587,1.1975017914166297,1.156
P1,1.2,56,141.34485801269588,461.1197602932627,-71.63412480656629,378.97488584184765,1.2057925624988555,1.1957286061461503,1.156
P1,1.2,57,132.07977278308675,388.1285476014181,-90.48145299161195,441.80911777020344,1.2058071908377819,1.1909950979270576,1.156
P1,1.2,58,117.0214572998258,312.08462917245555,-106.21746023186974,500.70715400404805,1.206136682198881,1.184344569179716,1.156
P1,1.2,59,97.00391871584138,237.30756177019182,-118.03499976670568,553.3976093847771,1.206460608010347,1.179208853958211,1.156
P1,1.2,60,74.43638166495239,167.9867744339448,-125.61924103118646,598.1990438989421,1.206458562343328,1.1775362270172633,1.156
P1,1.2,61,52.006381687765085,108.271722648938,-129.09008225546845,634.6273663931894,1.2050400612509005,1.1793511594989425,1.156
P1,1.2,62,32.146404458294604,61.38364911396128,-128.6121334300013,663.2347240936441,1.2014710258249683,1.1825482570745263,1.156
P1,1.2,63,16.75929223058653,28.488604158610887,-124.58652152258578,684.6666039076952,1.1968642897998205,1.1861911884661542,1.156
P1,1.2,64,6.554816362064439,8.616365721180497,-117.93720912698996,699.1904385477961,1.1933712389689126,1.1893711068080368,1.156
P1,1.2,65,0.0,0.0,-109.54786225564361,707.1203031672094,1.192295201082598,1.1925056218275345,1.156
P1,1.2,66,0.0,0.0,-100.13031073179788,708.924793673898,1.193250629285152,1.1948415826581227,1.156
P1,1.2,67,0.0,0.0,-90.37996861903719,704.9643663631745,1.1952289038837833,1.19691716016068,1.156
P1,1.2,68,0.0,0.0,-80.62029851964344,695.63312071608,1.1977306616690575,1.1995367497083782,1.156
P1,1.2,69,0.0,0.0,-71.07393229304691,681.504124052776,1.1993134661776073,1.2022127705512091,1.156
P1,1.2,70,0.0,0.0,-62.01249706384698,663.3153379247067,1.199861473159589,1.2043711790440805,1.156
P1,1.2,71,-0.052410568371042625,0.025959957748270875,-53.53205295914426,642.2320066720871,1.1996559372964997,1.2052114009430603,1.156
P1,1.2,72,0.05121405895467995,0.1709852801711374,-45.78608943010903,619.7769445676103,1.1992885986340502,1.2050500975683476,1.156
P1,1.2,73,0.0715111336474666,0.16764158586801126,-38.98951057675785,597.4595249184325,1.199299487748932,1.205254738352806,1.156
P1,1.2,74,0.05583599260751109,0.11288662860299105,-33.0790144594377,576.755970374049,1.1992446750439532,1.2055193946141938,1.156
P1,1.2,75,0.03245344347846274,0.05749344752300848,-27.955209542465145,558.9925931182836,1.1993738081091547,1.2058121730143296,1.156
P1,1.2,76,0.013820629374536597,0.019648215092346762,-23.46242097369979,544.9842298188903,1.1994637675594657,1.206194012889161,1.156
P1,1.2,77,0.0028133601129055807,0.00019223691477302201,-19.301711750422186,534.9963716933851,1.199111425406832,1.2058501136865416,1.156
P1,1.2,78,0.0,0.0,-15.279952277082979,529.0010295680435,1.1989041473126685,1.205200577688874,1.156
P1,1.2,79,0.0,0.0,-11.25819275681794,526.7582892973716,1.1990675368355725,1.2042721704336727,1.156
P1,1.2,80,0.0,0.0,-7.071126464447094,527.8252830173145,1.1995198970553274,1.2037632980275046,1.156
P1,1.2,81,0.0,0.0,-2.709493642424712,531.7441330180667,1.1996714064166143,1.2032256788796838,1.156
P1,1.2,82,0.0,0.0,1.829952568469171,538.134448724887,1.1994594694420118,1.2022965913611119,1.156
P1,1.2,83,0.0,0.0,6.496418970629019,546.5973781091021,1.1993332722180352,1.2019343144670216,1.156
P1,1.2,84,0.0,0.0,11.131690705910216,556.6957220293256,1.1994901891722827,1.2015110156218165,1.156
P1,1.2,85,0.0,0.0,15.722555385720089,567.9464022378587,1.199727308707862,1.2012518840480897,1.156
P1,1.2,86,0.0,0.0,20.342897855188856,579.8577408969262,1.1996720539882453,1.2014973627111276,1.156
P1,1.2,87,0.01424090485183908,0.025831538259800536,25.001304445226626,592.0299493004412,1.199272368923581,1.2016126029268777,1.156
P1,1.2,88,0.019723238964230963,0.09097056155240593,29.85223297332379,604.1524577521457,1.1992191894651845,1.2009393118297242,1.156
P1,1.2,89,0.017506201203432523,0.1928744898553112,34.95009219747519,616.0312633908255,1.1991383104075954,1.2001189365324758,1.156
P1,1.2,90,-0.004472431520607659,0.30639262668215433,40.18514861809078,627.7097944681411,1.1992872928055531,1.2002388712980665,1.156
P1,1.2,91,-0.06237595922517206,0.3500635269119844,45.55494840293148,639.3965935749908,1.1995371643003288,1.2004746504036887,1.156
P1,1.2,92,-0.1693647316051811,0.15706351983425326,51.0558858761086,651.2256207035985,1.1996695209063148,1.2005974994423334,1.156
P1,1.2,93,0.0,0.0,56.691125948901494,663.0617121240025,1.199729426344229,1.201021731591541,1.156
P1,1.2,94,0.0,0.0,62.6715187514432,674.4834198349591,1.199508341860657,1.2012392492624422,1.156
P1,1.2,95,0.0,0.0,69.20346565164112,684.7829569146074,1.1995033587888813,1.2009008083020976,1.156
P1,1.2,96,0.0,0.0,76.42561571742773,692.9899495905773,1.1994598130132295,1.2012870346006532,1.156
P1,1.2,97,0.0,0.0,84.49964903955194,698.0156867304163,1.1991488812514106,1.2021701824511668,1.156
P1,1.2,98,0.0,0.0,93.3798796479631,698.6970139058446,1.19918385207757,1.2020921611619861,1.156
P1,1.2,99,7.134626983145003,10.920186087429885,102.86285551293972,693.7782709743884,1.1992467981193689,1.2015132044941128,1.156
P1,1.4,0,6.315073925189239,11.035011297909463,128.82682868451738,714.2101906514553,1.4000802420098242,1.4023744452253457,1.101
P1,1.4,1,8.267882625314066,46.52380111013987,139.35069599143984,699.4152621656912,1.4002233739206185,1.4031687509315567,1.101
P1,1.4,2,6.735687188469093,104.91906336338681,149.11716633079865,674.4476218465444,1.4001607560511165,1.4037821084668516,1.101
P1,1.4,3,-3.548513183761488,183.4147827302831,157.17981471918458,638.0548467231961,1.3996370278222727,1.4048157380216801,1.101
P1,1.4,4,-25.799838257282396,273.66068762920173,161.77374569997784,589.2519499394023,1.3989582745558726,1.4061518134070183,1.101
P1,1.4,5,-56.87174228836222,366.80086594090153,161.77945433292354,528.1001142333294,1.3981418120879634,1.4072061839662695,1.101
P1,1.4,6,-89.66580294402158,457.56269690148423,155.94124495396343,456.234720339264,1.398140452132792,1.408407921311252,1.101
P1,1.4,7,-119.41796400765358,542.1473721614908,143.3738122674425,376.9014865194028,1.3969402072124133,1.4090630407125528,1.101
P1,1.4,8,-143.3652237741014,615.6628597678283,124.0545542705416,294.4346125200556,1.389629514599072,1.4088342682644828,1.101
P1,1.4,9,-159.78454798884476,674.000422148615,99.26738596728109,214.03536050493207,1.3764081184410675,1.4085199770417751,1.101
P1,1.4,10,-168.0568954263989,715.8032507188631,71.66371732361938,141.3201923706352,1.3645890202386497,1.4082568194756662,1.101
P1,1.4,11,-169.1343616403326,743.0221292295942,45.280856299014204,81.29233632329544,1.3610353254662693,1.40674869067414,1.101
P1,1.4,12,-164.46638929163498,759.3211309259074,23.67107083580607,37.302626540161334,1.365846884623138,1.4032295615255186,1.101
P1,1.4,13,-155.38906249609641,767.3746717025841,8.882447805235358,10.153463819596258,1.375680573311257,1.3980833554365455,1.101
P1,1.4,14,-143.4166815257237,767.8468902179465,0.0,0.0,1.3861474189683758,1.3930933769125833,1.101
P1,1.4,15,-130.13880274408208,761.003315961636,0.0,0.0,1.3945806064281252,1.3901096200166823,1.101
P1,1.4,16,-116.35103914928554,748.1463664044917,0.0,0.0,1.4000596084369332,1.3894422256650414,1.101
P1,1.4,17,-102.40469264259681,730.4109183015514,0.0,0.0,1.403007786611074,1.3907648465412288,1.101
P1,1.4,18,-88.42065678583589,707.438457145619,0.0,0.0,1.4046836666149614,1.393981305804985,1.101
P1,1.4,19,-74.7525142215995,678.9127952516786,0.0,0.0,1.4060499290323054,1.3988152926640283,1.101
P1,1.4,20,-61.79382660389783,646.4964821327254,0.0,0.0,1.4073012940444565,1.402210886460105,1.101
P1,1.4,21,-50.16303393443091,612.8653488875315,0.13105618892105259,0.2898878584581791,1.408674373877473,1.4025774000924187,1.101
P1,1.4,22,-40.0952013452142,579.8936429173283,0.18135023637632391,0.31826493990009425,1.4092934425206167,1.4009945309488907,1.101
P1,1.4,23,-31.665043200154923,548.8034547271584,0.14879043047060758,0.23495198064472567,1.409121575163557,1.39950526520802,1.101
P1,1.4,24,-24.908186621023816,521.1918440746027,0.09207219375937813,0.1335382606854544,1.4096306458577355,1.398875645108912,1.101
P1,1.4,25,-19.525708922870233,498.71499596799623,0.04130829730602286,0.05487967824355711,1.4105385177283454,1.3990098060887488,1.101
P1,1.4,26,-15.041775565112813,482.10430799459107,0.00882627681066052,0.00890500327557369,1.4107078215079658,1.3997039667307336,1.101
P1,1.4,27,-11.15569672354601,471.24498127070234,0.0,0.0,1.4096975212943426,1.3999519565877736,1.101
P1,1.4,28,-7.456888086708148,465.87710312197055,0.0,0.0,1.4077728388543989,1.3995926452310568,1.101
P1,1.4,29,-3.69816203938474,465.8617918613962,0.0,0.0,1.405886152315244,1.399553365491608,1.101
P1,1.4,30,0.041838320763162525,470.86625913588193,0.0,0.0,1.4049602946271296,1.4002312249958613,1.101
P1,1.4,31,3.8650570375913906,479.95832935394765,0.007956327138233122,0.000484499998480234,1.4041086177615654,1.400465650867167,1.101
P1,1.4,32,8.08751425664088,491.8316524154242,0.0,0.0,1.4026469339367669,1.3997593105457136,1.101
P1,1.4,33,12.698763052528735,505.7145881096464,0.0,0.0,1.4018151779796333,1.3989656116153928,1.101
P1,1.4,34,17.793640689839812,521.3356344431047,0.0,0.0,1.401924181948426,1.3988037962272806,1.101
P1,1.4,35,23.574482603509622,538.112424094683,0.0,0.0,1.4016568702825045,1.3993638288137455,1.101
P1,1.4,36,30.039981500549825,555.2472028875629,0.007978347753697131,0.0056693738842733205,1.4008821315768472,1.3998107754931066,1.101
P1,1.4,37,37.09900192645198,572.4279182710088,0.0064508339541650824,0.054291301667536755,1.400756755250603,1.398988304397029,1.101
P1,1.4,38,44.64285861118877,589.8136197488997,0.0017171237874652296,0.13465494739743705,1.4007818570793864,1.3981539135905252,1.101
P1,1.4,39,52.44677352413815,607.4924746439709,-0.009865174929452668,0.2377577868815285,1.4005333154384387,1.3989258482377096,1.101
P1,1.4,40,60.46741001784859,625.182287466748,-0.032144237812609854,0.3218724648292618,1.4009667090261921,1.400100546026205,1.101
P1,1.4,41,68.75871838943861,642.400812228873,-0.06683579625933429,0.2906564065217086,1.4019946309310696,1.4003765402226969,1.101
P1,1.4,42,77.22735606526255,658.8301101289089,0.0,0.0,1.4022010420203237,1.40018850284996,1.101
P1,1.4,43,85.90312272766847,674.3154643778138,0.0,0.0,1.4019402318048007,1.3998414883637902,1.101
P1,1.4,44,94.97204156314196,688.4780200685013,0.0,0.0,1.40184204332872,1.3996235318320007,1.101
P1,1.4,45,104.4193242041528,700.5835526726323,0.0,0.0,1.4020109895411368,1.399819733199382,1.101
P1,1.4,46,114.18372509604302,709.9181335765271,0.0,0.0,1.4026170438878616,1.4001910669859752,1.101
P1,1.4,47,124.10997538328044,715.842984497858,0.0,0.0,1.402877678088331,1.3999046522909442,1.101
P1,1.4,48,133.93434963950614,717.2292743315662,0.0,0.0,1.4025469705821796,1.3992487889788798,1.101
P1,1.4,49,143.40174492914582,712.3737888594209,2.887095995141659,11.76970100348302,1.4030910683427844,1.3994800223532384,1.101
P1,1.4,50,152.24456014406047,699.6516965460964,2.664682135902477,41.65309435647067,1.404691710542331,1.40016351151609,1.101
P1,1.4,51,159.9345546881281,677.8016303972688,-0.27411661331109566,90.24342015326239,1.4054477048070613,1.4003218952893781,1.101
P1,1.4,52,165.7955721470549,645.5801085566665,-8.684423934583855,155.9690412154486,1.4052877958328025,1.3999052893429151,1.101
P1,1.4,53,168.89312280627925,601.7217920775408,-24.948050180204724,232.4761004773646,1.4054207815979174,1.3990522346063303,1.101
P1,1.4,54,168.24416665096402,545.6898729702878,-48.35731296623791,312.49310519357056,1.4057682949029238,1.3980041548109017,1.101
P1,1.4,55,163.00700460206357,478.657613351595,-75.0852001333357,391.52729314052715,1.4062286699661972,1.397016736586677,1.101
P1,1.4,56,152.19485354568667,403.69841513757115,-101.2617744043951,467.67144819988914,1.406884125387516,1.3949938567991733,1.101
P1,1.4,57,135.16106517113403,325.0127906842887,-124.47639745705152,539.0613382014946,1.4073545450140623,1.3893635558773565,1.101
P1,1.4,58,112.65410609703456,247.2240712625908,-143.2605026819314,603.2192665306649,1.4073776236534254,1.3809537270575007,1.101
P1,1.4,59,86.95048343375213,175.13019858537234,-156.8785608793219,658.268082122123,1.407078014791284,1.3736450054891016,1.101
P1,1.4,60,61.1139135355075,113.11100765792399,-165.06379520431244,703.3848858221855,1.4062539697023528,1.3705826243506007,1.101
P1,1.4,61,38.13550530400522,64.13844007395211,-167.9607628090261,738.383705964394,1.404889688407774,1.3727240809405623,1.101
P1,1.4,62,20.10229600747628,29.42139223448048,-166.0461297973156,763.4649553364785,1.4020162121250517,1.378220830911076,1.101
P1,1.4,63,7.902260201906654,8.26545995885893,-159.85144754437013,779.1894353674892,1.397086831369183,1.3842525340860983,1.101
P1,1.4,64,0.0,0.0,-150.12773924604284,786.1650065440515,1.3920260572086596,1.3886630903544859,1.101
P1,1.4,65,0.0,0.0,-137.94804166044423,784.829892448774,1.3895321248131565,1.3922990669411266,1.101
P1,1.4,66,0.0,0.0,-124.29064345978881,775.6170813814972,1.390772161070411,1.3956510301689808,1.101
P1,1.4,67,0.0,0.0,-109.93249926232869,759.0046911211135,1.3931932692475169,1.3980456672028374,1.101
P1,1.4,68,0.0,0.0,-95.60429250995152,735.5476121281024,1.3956542101882927,1.400101034058514,1.101
P1,1.4,69,0.0,0.0,-81.76523628304548,706.1737281307365,1.3982466242689624,1.4032293384828878,1.101
P1,1.4,70,0.0,0.0,-68.6589436143745,672.3193978108609,1.4004581625698453,1.407087914218095,1.101
P1,1.4,71,0.04763712639587045,0.1950086354634896,-56.576227420115465,635.7897726024688,1.4009274317721745,1.4093802659664116,1.101
P1,1.4,72,0.09904506867523111,0.2248568496189672,-45.75292777420585,598.7158292706181,1.399963464979268,1.4097743782855316,1.101
P1,1.4,73,0.09062089854867157,0.16964060930575342,-36.34442389606558,563.3284388187695,1.399255466113492,1.4095106195407912,1.101
P1,1.4,74,0.06071943315983015,0.10065813545482248,-28.4355163613409,531.5473396636577,1.3992404270341499,1.40963640964064,1.101
P1,1.4,75,0.030136320282663526,0.04758798624163163,-21.91322817627353,504.81316522913886,1.3997522278142478,1.4103399570090172,1.101
P1,1.4,76,0.009311814135020602,0.014629843832049738,-16.577657031157578,484.02812573804624,1.4000397789852612,1.410648177328491,1.101
P1,1.4,77,0.0,0.0,-12.161484670031498,469.50235564410644,1.3998569417094768,1.4095679357291646,1.101
P1,1.4,78,0.0,0.0,-8.327613609642267,461.0167109679994,1.399938833140006,1.4084720371300763,1.101
P1,1.4,79,0.0,0.0,-4.741510869036713,458.0430818540473,1.400184921896295,1.4079806401443227,1.101
P1,1.4,80,0.0,0.0,-1.0973504653666573,459.97372284490643,1.4002497326530772,1.4071322388935936,1.101
P1,1.4,81,0.0,0.0,2.8791494664789,466.1577518113474,1.4000978591551985,1.4055457778354183,1.101
P1,1.4,82,0.0,0.0,7.246965487983509,475.8410847035188,1.3999260184319104,1.4038700130126864,1.101
P1,1.4,83,0.0,0.0,11.974873776935338,488.30043268507006,1.3995882894399148,1.4025092280134577,1.101
P1,1.4,84,0.0,0.0,17.07851020166666,502.95710695321105,1.3992002083269184,1.401852178364087,1.101
P1,1.4,85,0.0,0.0,22.519292047242775,519.2691215720918,1.399349134138411,1.4016832945661983,1.101
P1,1.4,86,0.010717005402370063,0.009699056810612405,28.264769334184603,536.6996210862875,1.399908144400695,1.4014883446457709,1.101
P1,1.4,87,0.014994901558149264,0.06481715925636462,34.36725382778148,554.7957481594913,1.3997269512218544,1.4009959303490847,1.101
P1,1.4,88,0.014730813696845903,0.16145901020171222,40.7777039307763,573.2429617433813,1.3991702389760456,1.400532826003555,1.101
P1,1.4,89,0.0024438158348797385,0.29239220127605964,47.43053662673692,591.9043498235553,1.399408872638848,1.4006947013877904,1.101
P1,1.4,90,-0.032364085054169205,0.4107547238424579,54.30284307069931,610.7894742427458,1.4000750556502106,1.4011485535505281,1.101
P1,1.4,91,-0.09988009089490078,0.40068746789655973,61.290284630698224,629.8564007860642,1.3998986156534228,1.4012178840683542,1.101
P1,1.4,92,-0.20132651093113244,0.0536068809049946,68.27349189303455,648.8077199414037,1.3994255990078495,1.4008295667943818,1.101
P1,1.4,93,0.0,0.0,75.3212857923471,667.1452846992152,1.399171560624118,1.4004066738004306,1.101
P1,1.4,94,0.0,0.0,82.61179705613137,684.2710523816155,1.3995506168393144,1.4006856517373072,1.101
P1,1.4,95,0.0,0.0,90.39705097601185,699.3697050069464,1.3999510110165443,1.4016387804050563,1.101
P1,1.4,96,0.0,0.0,98.91786715253356,711.3113206282876,1.3997610749357492,1.401854999024002,1.101
P1,1.4,97,0.0,0.0,108.25570432080067,718.7598621649498,1.3995353632881977,1.4009020978317392,1.101
P1,1.4,98,0.0,0.0,118.32194205604502,720.2730821517245,1.3997412292623885,1.4009079884988862,1.101
P1,1.4,99,6.319241885633416,11.026210556211613,128.87531223361523,714.3430098672504,1.400044910971042,1.402053211480674,1.101
P1,1.6,0,6.490619469353309,11.46070405514388,152.7329479435742,718.1230440113259,1.5991640764699815,1.6042891186191945,1.033
P1,1.6,1,6.959711138368031,53.27489956400854,164.2048546200287,697.7938396161882,1.5990058366552928,1.6051346535873252,1.033
P1,1.6,2,3.306530582468825,122.71901426565267,174.17314488410892,666.5457153720506,1.5991483364278387,1.6065644784178235,1.033
P1,1.6,3,-9.224028548539463,217.6086062839258,181.48525024060626,623.349275493632,1.5991945131666336,1.6082292703484873,1.033
P1,1.6,4,-34.9298207215685,326.8607669019695,184.2855573548367,567.452973650705,1.5988204990772334,1.6088918773175307,1.033
P1,1.6,5,-71.34911888941274,436.2256260692992,180.5553590344406,498.9799930287478,1.597676990653817,1.6090600303631777,1.033
P1,1.6,6,-110.09768148742207,535.8956313226402,169.15169665064604,420.03835354130354,1.5960841588595922,1.6094493738532345,1.033
P1,1.6,7,-144.29820931828192,621.7804420292804,149.49733256848975,335.08571159402305,1.5915810022752457,1.6095592272306658,1.033
P1,1.6,8,-171.74706905632564,692.4883538373126,122.717168537316,249.84043637705116,1.5799056676492085,1.6091448660975358,1.033
P1,1.6,9,-190.75497150288567,748.0653202295415,91.81125542847082,170.46969635202336,1.5625879476648545,1.6082010260492405,1.033
P1,1.6,10,-200.23550156499604,789.4579565943473,61.04560914401219,103.08228317786336,1.549396275052498,1.6058809853887697,1.033
P1,1.6,11,-200.81117134120433,817.974581504436,34.33742525627948,52.07653927625507,1.5505424833499135,1.6012812519353559,1.033
P1,1.6,12,-194.20297161330052,835.2453905158426,14.827517725269344,18.637900780717075,1.5631471892633446,1.5951488434628323,1.033
P1,1.6,13,-181.76243949479442,842.6193621323662,3.1150470266033774,0.49951397348689075,1.578734281926292,1.589167640090153,1.033
P1,1.6,14,-165.45519627488216,840.6776560592234,0.0,0.0,1.5909836472638827,1.5851772419921377,1.033
P1,1.6,15,-147.3494202861533,829.3499594088694,0.0,0.0,1.5979525622196153,1.5846015894200964,1.033
P1,1.6,16,-128.6767646281866,809.0526780576514,0.0,0.0,1.6016841270125783,1.5877977185405316,1.033
P1,1.6,17,-110.24517587012903,781.2961377006258,0.0,0.0,1.6041177170444545,1.593352597341613,1.033
P1,1.6,18,-92.79814176794751,747.5752754986811,0.0,0.0,1.6066971718795175,1.5987084515330061,1.033
P1,1.6,19,-76.35399705603324,708.6766428609991,0.0,0.0,1.6097045911656358,1.6020769682273128,1.033
P1,1.6,20,-61.02847487442632,665.5757140147334,-0.2428714680168126,0.07468590535643625,1.6122600070512296,1.6030649943971402,1.033
P1,1.6,21,-47.23227674783556,620.4259796109789,-0.06295768395116445,0.3078141056858899,1.613909949442388,1.6018722954189488,1.033
P1,1.6,22,-35.18896938218634,576.1523394785336,0.06492102256699277,0.3369887178270259,1.614608528387997,1.6000874603017985,1.033
P1,1.6,23,-25.01768696789286,535.1180894951937,0.17923520326819564,0.2884046905896575,1.6145697634065765,1.5989334754070117,1.033
P1,1.6,24,-16.77717020650819,498.51909503505937,0.18429997516858035,0.19881274861522347,1.6142294221086289,1.598599727750383,1.033
P1,1.6,25,-10.418978031164182,467.25392355937646,0.11024807898135638,0.1088427947764276,1.613955058859494,1.5991654410477127,1.033
P1,1.6,26,-5.572670155181748,442.5900684762822,0.014401029461549066,0.04104680429276902,1.6135513484290256,1.6001239280787887,1.033
P1,1.6,27,-1.9533901371615545,425.2943616273697,0.0,0.0,1.6127902273140893,1.6002896598949916,1.033
P1,1.6,28,0.8034963621603424,414.98781873334275,0.0,0.0,1.611572717189177,1.5998591369348014,1.033
P1,1.6,29,3.1058901068730562,410.8298524126447,0.0,0.0,1.6094595801410871,1.5997519916083671,1.033
P1,1.6,30,5.396862871153542,412.25200151348406,0.0,0.0,1.6071218688311684,1.599911689336919,1.033
P1,1.6,31,7.988256662426315,418.94097627287437,0.0,0.0,1.605294666556467,1.5998863763006372,1.033
P1,1.6,32,11.079221335907548,430.468754832493,0.0,0.0,1.6037127446916368,1.5995862455900782,1.033
P1,1.6,33,14.855778291350296,446.00597206723086,0.0,0.0,1.6018931109932388,1.5995425163262653,1.033
P1,1.6,34,19.592130256875855,464.5317141978218,0.0,0.0,1.6008149667015552,1.5996653214680874,1.033
P1,1.6,35,25.31408125954696,485.48479469721445,0.0,0.0,1.6005259291635767,1.5994942143614057,1.033
P1,1.6,36,31.821109522294382,508.7119503327354,-0.10562430487407828,0.015559912774536173,1.6004268490312126,1.5992412342368298,1.033
P1,1.6,37,38.95726111471615,533.7269055472367,-0.12913396814642797,0.11934234054945336,1.6002681328703041,1.599270541824663,1.033
P1,1.6,38,46.60714868345294,559.6211946863806,-0.1772125113951847,0.27373495876081577,1.6002911453637245,1.599351199399332,1.033
P1,1.6,39,54.668791837946756,585.6970380299501,-0.24313440055450658,0.4443175542002733,1.6006341173006982,1.599336329268722,1.033
P1,1.6,40,63.21314618295261,611.6711526243961,-0.3096244057439454,0.5665891453161892,1.6010800632264406,1.599421717206777,1.033
P1,1.6,41,72.41104506818822,637.2173648704006,-0.33198014767606315,0.4945648615335227,1.6016003889174462,1.5992723055941165,1.033
P1,1.6,42,82.38323585514637,661.639785687945,0.0,0.0,1.6017642362505817,1.5992404889484575,1.033
P1,1.6,43,93.25160176325728,683.9519652391591,0.0,0.0,1.6014969661287775,1.5996062880749387,1.033
P1,1.6,44,104.96209894363894,703.1402476243626,0.0,0.0,1.6012870698354247,1.5997679486611813,1.033
P1,1.6,45,117.1216829542114,718.4297660588237,0.0,0.0,1.601618705993577,1.599751551759503,1.033
P1,1.6,46,129.32415575943722,729.1596934051246,0.0,0.0,1.602143397622903,1.599866775290533,1.033
P1,1.6,47,141.30334857360776,734.3909225849061,0.0,0.0,1.6029216778473998,1.5999977792538425,1.033
P1,1.6,48,152.73125460368308,732.9399580122752,0.0,0.0,1.603818969014161,1.6002554833947258,1.033
P1,1.6,49,163.2964753376952,723.8197524986066,2.0820954158278306,6.301527783518553,1.604768652638861,1.6004328537143917,1.033
P1,1.6,50,172.73452514618882,706.2368888163239,0.5658347357009483,39.39802153239324,1.6058710637634688,1.600241875948278,1.033
P1,1.6,51,180.53606536099153,679.1125721217023,-3.8578772894548448,96.33443298943659,1.6065612092485886,1.599844730039091,1.033
P1,1.6,52,185.92016422889265,641.0300697103722,-13.70793731420628,176.95281822534568,1.606504519209282,1.5995332954791799,1.033
P1,1.6,53,187.7663963886077,590.7982933206077,-32.31060771692935,273.2007103210207,1.6062716538258344,1.5993036860962844,1.033
P1,1.6,54,184.56302819026553,528.1764591342951,-60.18367758899,372.7053240394654,1.6061396888344737,1.598173619549936,1.033
P1,1.6,55,175.3947592666402,454.6725745875802,-92.66163452487415,465.5991387559185,1.6063449443693727,1.5958684136551073,1.033
P1,1.6,56,159.83072598760882,373.9874303326845,-123.65207292699758,547.6149485393596,1.6068626260239625,1.5922964198868657,1.033
P1,1.6,57,137.71353564096222,291.20599736893985,-150.28072604971592,617.9902282177904,1.6071316829449558,1.5852642899588327,1.033
P1,1.6,58,110.54231831943568,211.72702331165368,-171.3030382165066,677.2365279172551,1.606717023123874,1.573136920714929,1.033
P1,1.6,59,81.78429341864195,140.9739643278353,-185.41736659737265,726.6272462948664,1.6055957036765256,1.5622597603638544,1.033
P1,1.6,60,54.56537461992473,83.5656763237373,-192.5831639305094,767.4767468656116,1.6036415025124773,1.5590828529778578,1.033
P1,1.6,61,31.455006211160818,41.6562489143177,-193.70914067280495,799.9915794289586,1.600143169017633,1.5655064626873045,1.033
P1,1.6,62,14.607479636316134,14.65478558847763,-189.3478658222611,823.3934711669789,1.5952753910527935,1.5768987194343276,1.033
P1,1.6,63,4.195248227154588,0.1768114408007513,-180.06844555121899,837.1073671090984,1.5903357273595506,1.5870304246976077,1.033
P1,1.6,64,0.0,0.0,-166.99832623443564,840.9510686450443,1.5873398919703463,1.593556343875774,1.033
P1,1.6,65,0.0,0.0,-151.0762176303295,834.6523824662089,1.5872307461282735,1.5963342178820397,1.033
P1,1.6,66,0.0,0.0,-133.588962894548,818.2446138956367,1.5896929277789773,1.597660260608685,1.033
P1,1.6,67,0.0,0.0,-115.96552509672233,792.5713037774594,1.5937894985581555,1.599543297766313,1.033
P1,1.6,68,0.0,0.0,-98.90789838589232,758.9459177643882,1.5978496053619249,1.6024041306794319,1.033
P1,1.6,69,0.0,0.0,-82.834498875717,719.0013542713089,1.6007785858957813,1.6062455344133857,1.033
P1,1.6,70,0.2680998926644571,0.3994083648514642,-68.41129827216595,674.9825829493992,1.6016774066923563,1.6101983165111335,1.033
P1,1.6,71,0.3358107127462898,0.6399905890312071,-55.59473203481266,629.4929747938771,1.6010357295815028,1.6131699825836894,1.033
P1,1.6,72,0.3506313959842012,0.6601276871364192,-44.22375751827011,584.8539500583331,1.6002211476455972,1.6143684011230668,1.033
P1,1.6,73,0.2978271298320582,0.5658926581137713,-34.579360313120766,543.0363713506783,1.5997566079635903,1.6143556587834238,1.033
P1,1.6,74,0.17992165892241532,0.4464580382431294,-26.631945993276855,505.7252303069569,1.5996843791325532,1.613790756137003,1.033
P1,1.6,75,0.08047789062137832,0.3153429750852058,-20.017901474589152,474.0061103582132,1.599931284000602,1.612902141676002,1.033
P1,1.6,76,-0.0105619341608917,0.14291292217188817,-14.707253102753203,448.3485791346008,1.6004613596179489,1.6120167546746875,1.033
P1,1.6,77,0.0,0.0,-10.55577668623235,429.0448791540104,1.6007036066360236,1.611066464798323,1.033
P1,1.6,78,0.0,0.0,-7.013841983733636,416.2454206151726,1.6004389035744317,1.6100755079494256,1.033
P1,1.6,79,0.0,0.0,-3.898025629507677,409.57074901556473,1.600246779297811,1.6087582734099757,1.033
P1,1.6,80,-0.07065069385791885,0.025296796632834267,-1.0778670703374638,408.34293919850285,1.60020234317778,1.6067997694562726,1.033
P1,1.6,81,-0.039929990679322465,0.01612290993702083,1.9293229843337398,412.12868885015365,1.600004141591314,1.6049853468863307,1.033
P1,1.6,82,-0.03374993956739206,0.05461189671477419,5.396058002737223,420.5974155524128,1.5997767616002514,1.603669364415072,1.033
P1,1.6,83,-0.05210933243558839,0.13551485171844035,9.275321522876022,433.1506637548529,1.5996925894112137,1.6024927348315203,1.033
P1,1.6,84,-0.03253584617036657,0.1623843038125501,13.786009841631168,449.1055883674772,1.6000241721778232,1.6014520745446825,1.033
P1,1.6,85,0.03520784464792396,0.12357595221947187,19.031768402843756,467.9268625673358,1.600131094367809,1.6007955290189062,1.033
P1,1.6,86,0.06743550129913424,0.12242297218495311,24.895577340280774,489.0511580860156,1.5999660107701,1.6004013170401963,1.033
P1,1.6,87,0.04876583990079999,0.20945872256325662,31.38816524448808,511.9162760925914,1.600053705298955,1.5999161991210595,1.033
P1,1.6,88,0.00021697110620666802,0.37551099195887316,38.573246850436156,536.233555453011,1.6001487256609215,1.5995233199585186,1.033
P1,1.6,89,-0.07636067043749886,0.5779726881493559,46.29882622491867,561.8548967498833,1.5999282521971034,1.5994709914883833,1.033
P1,1.6,90,-0.1517786870760154,0.6921566229735733,54.522297114897285,588.4866534800823,1.5995664697157492,1.5997629903475092,1.033
P1,1.6,91,-0.19709489948989514,0.5287594897139578,63.29503179846473,615.6660865899041,1.5995485639922506,1.599932216855601,1.033
P1,1.6,92,0.0,0.0,72.56583185687039,642.7084293705453,1.5998019101834413,1.6001919067412669,1.033
P1,1.6,93,0.0,0.0,82.40300388419759,668.4809752719342,1.5998329645470863,1.6010358323947174,1.033
P1,1.6,94,0.0,0.0,92.9445648392797,691.4716861697955,1.5998765508584007,1.6018224496849873,1.033
P1,1.6,95,0.0,0.0,104.11689138468384,710.227096549738,1.599969979018958,1.6019271543927165,1.033
P1,1.6,96,0.0,0.0,115.8287213966446,723.4912833510868,1.5998117320993124,1.6022816358542984,1.033
P1,1.6,97,0.0,0.0,128.04431402269742,730.005593349824,1.5995047230043642,1.6028751435795463,1.033
P1,1.6,98,0.0,0.0,140.46961922039924,728.5510728910301,1.5993583950995212,1.6033834054405975,1.033
P1,1.6,99,6.487526254844172,11.466584655491216,152.65590683357001,718.133208758575,1.5992665992983324,1.6039831965960671,1.033
P1,1.8,0,5.095291105454367,11.560722418329378,178.16215759860003,723.5801984948455,1.7993262121625677,1.8050132269088932,0.992
P1,1.8,1,3.125126149163567,58.79341490512973,189.90122922731607,703.3849020775812,1.7990107261286565,1.8054342268613754,0.992
P1,1.8,2,-3.5454563423232446,137.5923119048135,199.0151616505743,670.5997074137791,1.7993176626520517,1.8059384756297965,0.992
P1,1.8,3,-18.50413529943604,246.7759466180597,204.41408141887604,624.9376489844891,1.799671961787427,1.8065619491208875,0.992
P1,1.8,4,-45.94425111425101,374.08198804955805,204.53093087895382,566.271987525991,1.7988887756260659,1.8078627021865197,0.992
P1,1.8,5,-84.73788203184542,500.6360376186069,197.23084931074905,495.05293768371854,1.7967406239941324,1.8092953628045403,0.992
P1,1.8,6,-126.98385109690106,611.9496182010664,181.99217845436178,413.71551595146155,1.7942095493386092,1.810321519443489,0.992
P1,1.8,7,-164.35914704616337,702.7558152482303,159.11144396104325,327.3887431844188,1.7892254555386526,1.8109635694629524,0.992
P1,1.8,8,-194.35852611797455,773.6687010719214,129.76237443065816,242.25295058886874,1.7758768747086542,1.810356510135221,0.992
P1,1.8,9,-216.1874202624813,827.3441191784797,96.68777159759506,164.24559326373208,1.7561473429521193,1.8081437200072348,0.992
P1,1.8,10,-228.15166011447957,866.9835794418626,64.50604583458326,98.9884883709227,1.743474984573482,1.805514883098096,0.992
P1,1.8,11,-230.17196590350792,895.2540946725103,37.120873832902234,50.35981883023451,1.7461069405911154,1.8027609988967568,0.992
P1,1.8,12,-223.98848063901298,913.3943221634526,16.733695526984835,18.683569859465415,1.7614083815822101,1.7987822113482643,0.992
P1,1.8,13,-210.88801424925555,921.1124908743515,4.2842190656370835,1.2433417230647772,1.77953540610662,1.7928717216655299,0.992
P1,1.8,14,-191.89029492858026,917.8253417483487,0.0,0.0,1.7923330066878893,1.786489365354012,0.992
P1,1.8,15,-169.55710584902425,903.172522279752,0.0,0.0,1.7998964028928017,1.7825112497002813,0.992
P1,1.8,16,-145.85950403373488,876.8259698599247,0.0,0.0,1.8030697098463202,1.7832911729088898,0.992
P1,1.8,17,-121.77756706144099,839.832683894979,0.0,0.0,1.804314333320757,1.7881748238652964,0.992
P1,1.8,18,-98.78529378624764,794.9509691416686,0.0,0.0,1.807079803588002,1.7941560060617652,0.992
P1,1.8,19,-78.0576000288756,744.6300542483683,0.0,0.0,1.8117187288989922,1.79935341720073,0.992
P1,1.8,20,-59.56580887558152,689.9516713514622,0.14278123835046125,0.3180454082363194,1.8164706174894896,1.8027753867242922,0.992
P1,1.8,21,-43.275131628093035,632.289960146819,0.3131489948809392,0.5262787698786856,1.8194783239967203,1.8034612268050134,0.992
P1,1.8,22,-29.672370433172578,574.7147629045439,0.2552825162845974,0.5186622335986599,1.8199930755430598,1.8017856194349768,0.992
P1,1.8,23,-18.55842267206577,520.821121172249,0.3615971336588071,0.5552739442759993,1.8193411665490458,1.79970764628026,0.992
P1,1.8,24,-9.568605390723793,472.7843290675379,0.5691793487766083,0.48009747609767217,1.8183396888336347,1.7984699652943805,0.992
P1,1.8,25,-2.6180149818866,431.1993977141086,0.4943744359113522,0.2470704001974253,1.8167765649127834,1.7982230295022952,0.992
P1,1.8,26,2.475032957227412,396.72910389795555,0.3777680894001809,0.10054449729831517,1.8149852130777835,1.7983960020679042,0.992
P1,1.8,27,6.227708788600631,370.7456696926945,0.3956989183787413,0.09675426977171385,1.813221366230899,1.7986639157317872,0.992
P1,1.8,28,8.865700583786342,353.92714925019646,0.3214969173060778,0.07964264533141553,1.8118852481881969,1.799640680926167,0.992
P1,1.8,29,10.646076720006233,345.4423765880522,0.23616759144820823,0.07776392502212628,1.810590942174615,1.800820742229843,0.992
P1,1.8,30,12.12000119715498,343.996541507507,0.3445099239109251,0.18451666090108548,1.8085632001824197,1.8006027901137107,0.992
P1,1.8,31,13.681272013159717,348.8662255374446,0.33927515911612327,0.21679432818594657,1.806078272214986,1.7993773956589934,0.992
P1,1.8,32,15.66337725511796,359.6804234130951,0.05902977350796695,0.06426641091601962,1.8037138266823527,1.7986000682574725,0.992
P1,1.8,33,18.336941166746488,375.94077901543176,0.0,0.0,1.8019833145447766,1.7984709670847798,0.992
P1,1.8,34,21.900282696388267,396.8347140487044,0.04900377237121038,0.10579670154802572,1.8005933105451157,1.7989832031942325,0.992
P1,1.8,35,26.574013669967275,421.2313794421377,0.1459680244479736,0.1444511131515855,1.7995326910401945,1.7996705445853678,0.992
P1,1.8,36,32.62154195852131,448.2249602901067,0.0,0.0,1.7992181216399508,1.7996993500044005,0.992
P1,1.8,37,39.928489354149534,477.5872035025922,0.0,0.0,1.7992747377194425,1.7994580068345487,0.992
P1,1.8,38,48.31039969818687,509.1842005360656,0.07540965637021245,0.289945959797993,1.7992691879759588,1.7993626505881413,0.992
P1,1.8,39,57.88147678961957,542.2045118650125,-0.06879999073405281,0.6766016918143088,1.799041390827741,1.7988763205243863,0.992
P1,1.8,40,68.68265608397189,575.423130710262,-0.17548562076732363,0.8052495289510497,1.799178124762072,1.7987318896290496,0.992
P1,1.8,41,80.55573505152103,607.9395160220619,-0.293594146679299,0.6313189648780617,1.8000012062365456,1.799174687181763,0.992
P1,1.8,42,93.47648549269502,639.1291393923595,0.0,0.0,1.80092904557939,1.7995674526299896,0.992
P1,1.8,43,107.36980373530633,668.0592879073093,0.0,0.0,1.801609614214593,1.799612041990624,0.992
P1,1.8,44,121.79288557717207,693.3102395142197,0.0,0.0,1.8018899010207376,1.799488532759217,0.992
P1,1.8,45,136.38045564194192,713.2832369691247,0.0,0.0,1.802266723113248,1.7994873466918884,0.992
P1,1.8,46,150.794118484719,726.6985835106827,0.0,0.0,1.8032161238371331,1.7999943946759698,0.992
P1,1.8,47,164.42394240772455,732.8292163431978,0.0,0.0,1.8043346601878416,1.8003270644913494,0.992
P1,1.8,48,176.7741894624436,730.9878217466467,0.0,0.0,1.805541007928837,1.7996968072282786,0.992
P1,1.8,49,187.65466894225372,719.8065419121465,1.6136017016652078,6.256056254557096,1.8067930415561841,1.7986952325949022,0.992
P1,1.8,50,196.58463029846288,697.6386468750227,-1.3761267223880451,43.280259668725975,1.8074852307658742,1.7988209178678176,0.992
P1,1.8,51,202.6421360928539,663.6938354662159,-8.046247848086026,107.08762640823582,1.8076222756779055,1.7996179040864815,0.992
P1,1.8,52,204.834103692399,618.0823062811987,-20.37525269001397,198.75948755272964,1.8076637393888844,1.8000076873393969,0.992
P1,1.8,53,201.95828259174138,560.9863764380083,-41.025188786957834,310.2488117648868,1.807785162170087,1.7997740980252046,0.992
P1,1.8,54,192.60237075699507,492.81173597813694,-70.87643233726939,426.27083283404954,1.8082817808325038,1.7989125596258675,0.992
P1,1.8,55,176.52106118145426,415.53375113308124,-105.97630252669393,532.8546466570235,1.808411336473875,1.7969095252570588,0.992
P1,1.8,56,154.63507695811802,333.55202366683363,-139.83402124609455,623.9949166059415,1.8075180193104972,1.7937796054902224,0.992
P1,1.8,57,128.1072776200707,252.62156050083402,-168.7907420612776,699.9372027275404,1.8063875113905619,1.7884889464494842,0.992
P1,1.8,58,98.97965938981002,178.0999552528536,-191.9731670510417,762.5951589529167,1.8052076749954578,1.7791432611024602,0.992
P1,1.8,59,70.59498082864279,114.35869437244826,-208.51224221488837,814.1226232467719,1.8030168163588733,1.7668097593718963,0.992
P1,1.8,60,45.703354808947914,64.7013691526276,-217.83541727783728,856.8643525069549,1.7991045708787683,1.7560481610931848,0.992
P1,1.8,61,25.75213719771763,30.420299701466288,-220.2842728146193,891.7531321084948,1.7944245848274416,1.7537039547369766,0.992
P1,1.8,62,11.91598088098301,10.020255778909902,-216.35826053414155,917.0527509503835,1.79040208820695,1.7621342862145364,0.992
P1,1.8,63,3.958428124084489,0.19462444575072746,-206.26454040181747,930.2436861518747,1.7877190524945434,1.7755336046842265,0.992
P1,1.8,64,0.0,0.0,-190.9433050279777,930.4295587679269,1.787217303100128,1.7875554356807357,0.992
P1,1.8,65,0.0,0.0,-171.6619023396427,917.9138076514861,1.7888803793206174,1.794849982907189,0.992
P1,1.8,66,0.0,0.0,-149.89160071271652,893.0760200738223,1.7920620899989006,1.797082850893826,0.992
P1,1.8,67,-0.23437884771824274,1.51864921385528,-127.48640428939527,856.9866712670018,1.795922084777689,1.7973364905965434,0.992
P1,1.8,68,0.5511583656832822,2.957399172785084,-105.91828623491274,811.9548296910043,1.7991778453850016,1.798926113164245,0.992
P1,1.8,69,1.18638112096701,3.855864154946597,-85.91369428992041,760.4549946634744,1.8010310562794012,1.8030134084533131,0.992
P1,1.8,70,1.722714469409706,4.1162866351736,-68.11382615131328,704.4623115937629,1.8015946200943354,1.809296265593266,0.992
P1,1.8,71,2.0178199237398524,4.091713138141722,-52.956644343439955,646.3515372345598,1.8010860240252282,1.815649338790079,0.992
P1,1.8,72,2.040844971180657,4.126745547914943,-39.992612228740754,589.0122059570662,1.8000661150164892,1.8197459235849724,0.992
P1,1.8,73,1.9719216336516723,4.120236507166792,-28.90466086725788,534.6670563107622,1.7991203386031076,1.8209487375960098,0.992
P1,1.8,74,1.8453921964114655,3.947769602887727,-19.80434183004389,484.78445012864506,1.7986593292957533,1.8196646830613894,0.992
P1,1.8,75,1.7340133006590475,3.7882200429672372,-12.47854625874183,440.8939473738358,1.7988056876569367,1.8171986120970205,0.992
P1,1.8,76,1.6852996010028796,3.729247662270205,-6.43838277826095,404.3865599537125,1.7994779208828666,1.815418050121857,0.992
P1,1.8,77,1.597202926340255,3.5259108685378924,-1.702449524615825,375.697398907427,1.8001542957143164,1.8141321110825332,0.992
P1,1.8,78,1.4287557339314245,3.1005832801301008,1.7053354508640006,354.65000309443326,1.8001810069751318,1.8122324427969851,0.992
P1,1.8,79,1.2892808913526579,2.758904113380764,4.293342025547179,341.1885045526625,1.7997388968175625,1.8105089982159444,0.992
P1,1.8,80,1.197346299742245,2.594526220368283,6.431999263789203,335.0347837323952,1.7992700421715992,1.809668479784365,0.992
P1,1.8,81,1.0741838767087204,2.3091922515581955,8.28988533705084,335.3655397592886,1.7990297722313164,1.8090907055142458,0.992
P1,1.8,82,0.9406137914676815,1.8521697600633609,10.329856411379483,341.43661746114907,1.7993134578021204,1.8080309674578239,0.992
P1,1.8,83,0.8573594569952909,1.5717159232070828,13.003548000734087,352.96203495300557,1.7995592071843733,1.8059557684314376,0.992
P1,1.8,84,0.8437515274284663,1.4898647148537005,16.350170152512636,369.5482089897242,1.79961849343271,1.802961587983297,0.992
P1,1.8,85,0.8741107895256789,1.2111996659899225,20.516007357337962,390.42451390275585,1.7999012647500958,1.8007577371222336,0.992
P1,1.8,86,0.9093204095244456,0.7232264550016535,25.724608810375067,414.9753211108308,1.7998253043572114,1.8000176113278525,0.992
P1,1.8,87,0.8495442243639848,0.45001570707700944,32.018171118202545,442.8627862542411,1.7993750366663244,1.799729664013775,0.992
P1,1.8,88,0.6861974121869595,0.515428419705959,39.37920666419545,473.5550019178161,1.799296215821061,1.799456693538553,0.992
P1,1.8,89,0.47648346408219044,0.6257964959721204,47.883518413474576,506.3554150572002,1.7994491142462872,1.7995629168874179,0.992
P1,1.8,90,0.21128356925534555,0.5547526899929844,57.554762570532105,540.7285032616659,1.79948356448808,1.799410132061425,0.992
P1,1.8,91,-0.05773548288363988,0.19139746480321118,68.32231893765942,576.0140023401684,1.799274242906602,1.799053775994492,0.992
P1,1.8,92,0.0,0.0,80.15441458482465,611.042560885824,1.7988618385679922,1.7993409818191035,0.992
P1,1.8,93,0.0,0.0,92.91315663585803,644.4149221354795,1.79918796497295,1.7999288397524436,0.992
P1,1.8,94,0.0,0.0,106.41662122756412,674.7760956955498,1.7999391430228255,1.8005411437491217,0.992
P1,1.8,95,0.0,0.0,120.49189814337234,700.5603730597536,1.7998785178446144,1.8012678056969353,0.992
P1,1.8,96,0.0,0.0,134.84650420274517,719.9647293629043,1.7994006329059573,1.801297876145478,0.992
P1,1.8,97,0.0,0.0,149.12253276860986,731.3876171367638,1.7991713597447045,1.8014984963845184,0.992
P1,1.8,98,0.0,0.0,163.09867305636686,733.5249040749518,1.7993295891623615,1.8031775606467424,0.992
P1,1.8,99,5.097596437079226,11.53112608371062,176.40240868493788,725.0527446280743,1.799419990787983,1.804657524881713,0.992
P2,1.0,0,11.456185916249419,10.543522069407224,96.29767338303492,649.9662153529383,0.9994480723684963,1.0017969405190346,1.323
P2,1.0,1,20.954098474940597,29.561353003997475,102.4641375445238,640.5428316018518,0.9994816447406012,1.0021397395371348,1.323
P2,1.0,2,26.283450686240368,56.264187635993714,107.67444921038036,623.0980656135836,0.9994331222836228,1.002389182230213,1.323
P2,1.0,3,22.903282711169727,89.80301395583858,110.96198182854066,596.4025528327863,0.9996609566987723,1.0025321006251942,1.323
P2,1.0,4,14.042261802104406,133.8212647594662,112.91856688693983,560.5018982818871,1.0027930609986546,1.0036032207751633,1.323
P2,1.0,5,-0.18379606102122478,190.92904036580143,112.67231819871743,515.682340252132,1.0047156232400565,1.00415759221326,1.323
P2,1.0,6,-19.296829912284576,258.5524271893441,109.69970926041997,462.33576463892814,0.9989219829745883,1.0045702418695146,1.323
P2,1.0,7,-39.68818467892328,329.04786746195055,103.89896833742101,402.0977176895188,0.9905101536248129,1.004155731530769,1.323
P2,1.0,8,-59.57681808253464,392.7664928809154,94.05373329091175,336.54051422306435,0.9861756418803248,1.0040665895997916,1.323
P2,1.0,9,-76.1827329184563,444.8901447399223,80.8004274522215,268.7425663266134,0.9838045101525722,1.0044450400728318,1.323
P2,1.0,10,-88.89946000463908,487.1950700593076,64.33058890757769,203.42079504048516,0.9812559946340231,1.003972603279245,1.323
P2,1.0,11,-98.21437255834581,522.4423014381993,46.526726630387685,144.3774155670307,0.9804878812535456,1.0033695007629455,1.323
P2,1.0,12,-103.00196337709748,552.5338083480901,30.26638586193845,94.64838383763922,0.984450000047204,1.0022740498002531,1.323
P2,1.0,13,-104.14739879127418,578.8835121775853,16.884182180246082,55.96708320689891,0.9901875844243949,1.0002211490687882,1.323
P2,1.0,14,-101.97248645142946,601.6216693926101,8.147872290143933,28.181152227219105,0.9934289077237959,0.9980501713297218,1.323
P2,1.0,15,-97.46073323830844,620.4376736825116,3.0012131251926175,10.518312048300867,0.9945413093134865,0.9964555389028698,1.323
P2,1.0,16,-91.6537416372661,634.9291913942549,0.3363007370934003,1.3724047037962568,0.9955290073426303,0.9967991378881813,1.323
P2,1.0,17,-84.78882655074626,644.5665292944714,0.0,0.0,0.9972389839811717,0.9980253787878688,1.323
P2,1.0,18,-77.86638895200687,648.2817016808425,0.0,0.0,0.9991799902832552,0.9995915310553206,1.323
P2,1.0,19,-70.95834407055317,645.1453278546268,0.0,0.0,1.000380324296217,1.0007376088004063,1.323
P2,1.0,20,-64.3352628292286,635.4297014861585,0.0,0.0,1.0016859208699191,1.0002094009660039,1.323
P2,1.0,21,-58.2382975083495,620.4395720742926,0.0,0.0,1.0020627765416952,0.9992209610090748,1.323
P2,1.0,22,-52.353991295926335,602.3034281816789,0.0,0.0,1.0023953259098606,0.9990933590385065,1.323
P2,1.0,23,-46.6669746415301,583.1943173869239,0.0,0.0,1.003371760423997,0.9996358452023093,1.323
P2,1.0,24,-41.075179124289214,564.8545619267552,0.0,0.0,1.0039558740311623,0.9999871499350347,1.323
P2,1.0,25,-35.72609013580476,548.775343133617,0.0,0.0,1.0040164366974167,0.9992808414187074,1.323
P2,1.0,26,-30.590972594103313,535.4647271852817,0.0,0.0,1.0041611160082016,0.9992695321732015,1.323
P2,1.0,27,-25.68313600437909,524.8364786160113,0.0,0.0,1.0041958772596697,0.9996901019073858,1.323
P2,1.0,28,-21.116298405158588,517.0870923102242,0.0,0.0,1.0039248987249116,0.9996357924543733,1.323
P2,1.0,29,-16.663929379657727,512.2281264834575,0.0,0.0,1.0030448313305536,1.000061011191353,1.323
P2,1.0,30,-12.380681136716264,509.9483530849714,0.0,0.0,1.002616662516496,1.000150120655368,1.323
P2,1.0,31,-8.186684182407642,509.94606085964455,0.0,0.0,1.0024253371945064,0.999758177155412,1.323
P2,1.0,32,-4.049078843175648,512.0955656182272,0.0,0.0,1.0021781646378392,0.9989929014237351,1.323
P2,1.0,33,0.003101395639475644,516.0181003674272,0.0,0.0,1.0018226930532828,0.9988202336648921,1.323
P2,1.0,34,4.128314534470982,521.0327170980977,0.0,0.0,1.001510910863909,0.9998943963414033,1.323
P2,1.0,35,8.263292144170805,526.9345742426532,0.0,0.0,1.0012206885072243,0.9995309201901412,1.323
P2,1.0,36,12.531092180256339,533.6198644092506,0.0,0.0,1.0007084108645607,0.9988178458319333,1.323
P2,1.0,37,16.996222852956873,540.6941018458964,0.0,0.0,1.0007577002967298,0.9989629717562751,1.323
P2,1.0,38,21.664665184686907,548.1196474956921,0.0,0.0,1.0010664232109894,0.9993481080000591,1.323
P2,1.0,39,26.754749302005415,556.1408692840638,0.0,0.0,1.0009740225776702,0.9995105012861163,1.323
P2,1.0,40,32.253220394750755,564.908775001307,0.015313494467864279,0.032870268178121,1.0007976109688625,0.9993265477629792,1.323
P2,1.0,41,38.20774856649548,574.4700660180376,0.004913902590450575,0.060452666546882416,1.0005110779134754,0.9996686599505726,1.323
P2,1.0,42,44.60326240220263,584.8242427277766,-0.058012629882980914,0.020184136549378066,1.0008031388063257,0.99937639929087,1.323
P2,1.0,43,51.26998958549383,595.8851740877731,0.0,0.0,1.0009904017007285,0.9987219831552314,1.323
P2,1.0,44,58.1926111254681,607.2614842596179,0.0,0.0,1.0008556859493722,0.9992783738792155,1.323
P2,1.0,45,65.2794359050921,618.2164246419063,0.0,0.0,1.0011792721318509,1.000049942324531,1.323
P2,1.0,46,72.56238557417193,627.8597685850838,0.0,0.0,1.0014399571812727,1.000064752452013,1.323
P2,1.0,47,80.02323760944569,635.1961161622852,0.0,0.0,1.001228091059091,0.9993106665058985,1.323
P2,1.0,48,87.49581659860605,638.9538631625065,3.325927256470145,1.953122376676364,1.00119885908847,0.9995918828961574,1.323
P2,1.0,49,94.84654633255812,637.9433751490357,8.272127083120084,10.939989223293148,1.0017843403855247,1.0004855023770134,1.323
P2,1.0,50,101.72451347719345,631.0732985680686,14.442498987154806,27.61251784139222,1.0022089130581437,0.9995109773576286,1.323
P2,1.0,51,107.76298087653969,617.333098142525,19.031359559911742,52.685093411547236,1.0023262176501724,0.9988705327735473,1.323
P2,1.0,52,112.5220604006624,596.1330567194235,18.587629546760198,85.70681127204872,1.0026700779098305,0.9997540549056021,1.323
P2,1.0,53,115.61693249263361,567.3369214060058,12.055967817584746,126.96271458710538,1.0032654611618048,1.001238569025169,1.323
P2,1.0,54,116.85280692109758,531.2714404301984,0.5874471595206613,177.06337527079936,1.00349464905709,1.0014935169643477,1.323
P2,1.0,55,115.77398684213667,488.34838784224985,-14.992568442114889,234.3643763977419,1.0037649027695361,0.999476022881961,1.323
P2,1.0,56,112.2133164577888,439.1160547460108,-33.334334815365665,293.5787160985667,1.004496379091366,0.9949002076094163,1.323
P2,1.0,57,105.91428709468595,384.40231594753135,-52.54575094306701,348.553293229305,1.005079977829968,0.9896360313068148,1.323
P2,1.0,58,96.62041002465887,325.5193295206275,-70.95494994869588,396.652894425334,1.0044970694958002,0.9857270439984556,1.323
P2,1.0,59,84.48987951061571,264.73227008240167,-87.06033973749703,439.5481259214165,1.0034144118173745,0.9840135521496058,1.323
P2,1.0,60,69.72636797032632,204.99238174290596,-99.93038578794707,480.05202640206954,1.0029645225117545,0.9838364228155565,1.323
P2,1.0,61,53.49535198104949,149.38814832046066,-108.5580838982602,518.8786564811525,1.0024623540406736,0.9844805576961944,1.323
P2,1.0,62,37.416146006993756,100.9510801784289,-112.55360537415432,554.5938712033061,1.0016229863907153,0.9872238478663786,1.323
P2,1.0,63,23.152401014006323,61.870019743974815,-112.26446594470802,585.2321135891548,1.000366044123062,0.9906964638055542,1.323
P2,1.0,64,12.272769209371614,32.87011429372768,-108.42523991753454,609.7617135627918,0.9990239778430589,0.9921661345326616,1.323
P2,1.0,65,5.128026757575428,13.724733202100017,-102.31354516895595,628.0586029403394,0.9978212512637555,0.9925380586352655,1.323
P2,1.0,66,1.221111737976741,3.1521037359021613,-94.92287988791252,640.1958931773271,0.9966465233980529,0.9942109659021745,1.323
P2,1.0,67,0.0,0.0,-87.23798767581405,646.2163570881104,0.9970513112905295,0.9974653620356018,1.323
P2,1.0,68,0.0,0.0,-79.88874462830225,646.1706223977037,0.9983784256597794,0.9997485109287726,1.323
P2,1.0,69,0.0,0.0,-72.96241347898042,640.4715059538706,0.9994296000013783,1.001611417546094,1.323
P2,1.0,70,0.0,0.0,-66.54403881739734,629.9356105861436,0.9997085426801776,1.0033489013580243,1.323
P2,1.0,71,0.0,0.0,-60.3505020293615,615.7360037835282,0.9995299238425563,1.003380589989773,1.323
P2,1.0,72,0.06352034883473494,0.014721654333385164,-54.32094753841405,599.316187404552,0.999546963352564,1.0022903197567392,1.323
P2,1.0,73,0.08414307333632513,0.07396351854753612,-48.47388929790131,582.218561112397,0.9996503884392292,1.0021012332847148,1.323
P2,1.0,74,0.08994794318279796,0.04730753227603509,-42.815394213927775,565.718619202991,0.9995582918231127,1.0034464392802518,1.323
P2,1.0,75,0.0822080637340495,0.010531598367981471,-37.569483176469916,550.7085285717408,0.9995299825768537,1.004293974516708,1.323
P2,1.0,76,0.0,0.0,-32.672474288532456,537.9191906928611,0.9996243297684627,1.0036897302729344,1.323
P2,1.0,77,0.0,0.0,-28.083026655333438,527.8059100773332,0.9991597926231552,1.0034001243713735,1.323
P2,1.0,78,0.0,0.0,-23.741621146304087,520.7017086951091,0.9990238161645236,1.003695719183559,1.323
P2,1.0,79,0.0,0.0,-19.510369422090186,516.542389350976,0.9995235597185879,1.0032950063781605,1.323
P2,1.0,80,0.0,0.0,-15.434577881224087,514.9373323252248,0.9997436734568684,1.0024975771282651,1.323
P2,1.0,81,0.0,0.0,-11.404956746066798,515.4399824753987,0.9993107450371629,1.0026159719632677,1.323
P2,1.0,82,0.0,0.0,-7.397113587448426,517.4166443547568,0.9992876198935021,1.0025148625756908,1.323
P2,1.0,83,0.0,0.0,-3.395923988577475,520.2272421560322,0.9995469706674648,1.0015148884197547,1.323
P2,1.0,84,0.0,0.0,0.6784255652409759,523.3855002180206,0.9997118172183533,1.0005852225279968,1.323
P2,1.0,85,0.0,0.0,4.792029359469446,526.7566805601064,0.9997324984393631,1.001075257290304,1.323
P2,1.0,86,0.0,0.0,9.071716847146925,530.3983169080628,0.9997604259360571,1.001505671302253,1.323
P2,1.0,87,0.0,0.0,13.635478304579935,534.7666566238948,0.9994431946988759,1.001235785002163,1.323
P2,1.0,88,0.014630637962297983,0.010969604961196906,18.62264922047315,540.5574794597835,0.9990723505275771,1.0010923202590722,1.323
P2,1.0,89,0.03144171562042614,0.039014126405604616,24.170846807220144,548.4150751400845,0.9993173959780622,1.0011714651540402,1.323
P2,1.0,90,0.04526670717060106,0.08217415206005123,30.26109528472139,558.7375984287978,0.999784026194463,1.0008716344680046,1.323
P2,1.0,91,0.03290759657591205,0.11960391418812717,36.85295011246538,571.39145280209,1.0000672924902687,1.00054582968818,1.323
P2,1.0,92,-0.049179024847976816,0.09048385092998834,43.88305505866988,585.9017331679736,0.999730802649709,1.0008856908679207,1.323
P2,1.0,93,0.0,0.0,51.267327311639136,601.3193051999108,0.9993897646860778,1.0015712687716591,1.323
P2,1.0,94,0.0,0.0,58.909313913854696,616.5205399228302,0.9996057365913127,1.0011534318237958,1.323
P2,1.0,95,0.0,0.0,66.70933069089416,630.3584592165511,0.9993138833305838,1.0002365873071173,1.323
P2,1.0,96,0.0,0.0,74.5044358837266,641.7534165382604,0.9993200874858269,1.0001971625589168,1.323
P2,1.0,97,0.0,0.0,82.15139987737751,649.5932506905748,0.9995128532941443,1.000995595520011,1.323
P2,1.0,98,4.096141113837464,0.6323270428703713,89.4689228226984,652.7409137735091,0.9993745439613909,1.0017965787954095,1.323
P2,1.0,99,11.463925361125565,10.546636732916163,96.26995869013767,650.177974480928,0.9994348071150678,1.0019505646953144,1.323
P2,1.2,0,12.093629252861836,10.59510843822544,123.02042493784538,686.5616353680762,1.199371018819271,1.201377632975887,1.236
P2,1.2,1,23.44369136828807,31.422198891916942,129.87076110612384,678.4542880146696,1.199393145005463,1.2014009511443136,1.236
P2,1.2,2,32.9891942934095,61.317321229488215,135.34598618881046,659.7593754014929,1.1993591599965627,1.201881494517111,1.236
P2,1.2,3,32.028564420557416,95.48469943259323,138.66674171709565,629.3691610538601,1.1992818108265049,1.2023779846509466,1.236
P2,1.2,4,21.90541441847387,134.2833299899907,139.05514943826276,587.1967878691142,1.1991037142624896,1.203106248861038,1.236
P2,1.2,5,8.050545980405609,182.50802651413326,137.8515517949261,534.9080401501201,1.2012299717173778,1.203498518545524,1.236
P2,1.2,6,-10.654103556952034,241.61098872276133,132.8862529784699,473.9160341257085,1.2061426002991258,1.2042299617482042,1.236
P2,1.2,7,-32.79156848347101,308.23828218242704,124.38241129689396,406.29641723632403,1.204354389561081,1.2049673998994963,1.236
P2,1.2,8,-55.143760674257585,376.12891516761096,112.0688247045703,335.72596519249623,1.1928072841114743,1.2051169624080078,1.236
P2,1.2,9,-77.6424435260177,437.9672273264451,95.08835610017731,264.76007138507356,1.1841666867893856,1.204927991768193,1.236
P2,1.2,10,-97.49146042182201,491.70711660915794,75.7382135551782,196.96717008909962,1.181745525772182,1.2044020159447562,1.236
P2,1.2,11,-113.6879312042399,540.2401770333058,55.34996833620492,137.45683813126007,1.1814839458847255,1.2038954162061672,1.236
P2,1.2,12,-126.67874221121248,584.0924128638993,36.63641127826617,88.29006363308142,1.1808067127166662,1.202634921977766,1.236
P2,1.2,13,-133.8558535843703,621.6515994722682,22.596243208608776,50.0004829920169,1.1808689818391345,1.2009715100741907,1.236
P2,1.2,14,-135.76809098247477,652.7460568402934,12.369120771728698,23.375914713918707,1.1829705882534314,1.1988720934156942,1.236
P2,1.2,15,-133.23847791987146,677.1475838870471,6.165779616975662,7.134216408059904,1.186125276058477,1.19633989621749,1.236
P2,1.2,16,-126.65633302156127,694.2552068292006,0.0,0.0,1.188763211681257,1.1946737315014653,1.236
P2,1.2,17,-118.04514842700395,703.8502250343598,0.0,0.0,1.190523642747408,1.1950335837062693,1.236
P2,1.2,18,-107.9801220645424,705.6952472412202,0.0,0.0,1.193036964408732,1.1972499746231573,1.236
P2,1.2,19,-97.21267516249138,699.4057129458092,0.0,0.0,1.1965248811593292,1.1993129589635274,1.236
P2,1.2,20,-86.8593551097009,684.4904748794906,0.0,0.0,1.1999758585337408,1.2004430679636315,1.236
P2,1.2,21,-76.66637737416035,661.4852607205872,0.0,0.0,1.2027115127885453,1.2000607772144543,1.236
P2,1.2,22,-67.00340296523537,632.6351706340101,0.0,0.0,1.2040391547378557,1.1992162231245471,1.236
P2,1.2,23,-58.09055823455908,600.8171426887843,0.0,0.0,1.2044214475273474,1.1991511992439219,1.236
P2,1.2,24,-49.64338600947264,569.0181195281069,0.0,0.0,1.2049078942761828,1.1993675187244366,1.236
P2,1.2,25,-41.765564557778895,539.3400077717951,0.0,0.0,1.2056226844771654,1.1993315292976567,1.236
P2,1.2,26,-34.46493753317679,513.1628678206018,0.0,0.0,1.2064589076835217,1.19933948382177,1.236
P2,1.2,27,-27.870163428504366,491.8404605527941,0.0,0.0,1.2070072497134174,1.1993500911667585,1.236
P2,1.2,28,-21.787527027139856,475.4574200033271,0.0,0.0,1.206950665561668,1.1988524214428222,1.236
P2,1.2,29,-16.0975121841463,463.5044361206404,0.0,0.0,1.2063557656395167,1.1991858816760304,1.236
P2,1.2,30,-11.026705777554719,456.0478181025794,0.0,0.0,1.2058199273674248,1.1996870980318832,1.236
P2,1.2,31,-6.235112061069696,452.7058003189792,0.0,0.0,1.2054151492647942,1.1994614414944202,1.236
P2,1.2,32,-1.7622463315461774,452.7595528430087,0.0,0.0,1.2047680068459332,1.1991249914142297,1.236
P2,1.2,33,2.476179638400796,455.446489472248,0.0,0.0,1.2035865865241202,1.1994170184618567,1.236
P2,1.2,34,6.764388920141583,460.1943295840579,0.0,0.0,1.2029709992624273,1.199622943274494,1.236
P2,1.2,35,10.965904735143079,466.9555020705825,0.0,0.0,1.2023710048221294,1.1995825555927249,1.236
P2,1.2,36,15.376397806179284,475.302653121969,0.0,0.0,1.201648211182685,1.1995519378621213,1.236
P2,1.2,37,20.13824164891945,484.7854514791863,0.0,0.0,1.2012442551636942,1.198939193288513,1.236
P2,1.2,38,25.184685595790203,495.9874827369542,0.0,0.0,1.2007850012219268,1.1990486458516338,1.236
P2,1.2,39,30.841886041131435,509.28120273732907,0.0,0.0,1.200243331956829,1.1995659233975953,1.236
P2,1.2,40,36.98121010878856,524.3211893627293,0.0,0.0,1.200050132656207,1.1996540592619536,1.236
P2,1.2,41,43.58365088871824,541.0863636795041,0.0,0.0,1.200298897119832,1.199414123129451,1.236
P2,1.2,42,50.79979828109409,559.4889545196746,0.0,0.0,1.2002178109921222,1.1991486101030304,1.236
P2,1.2,43,58.40338658223504,578.8259360433453,0.0,0.0,1.2004720247693113,1.1989762584557324,1.236
P2,1.2,44,66.50648034833188,598.3010769571746,0.0,0.0,1.2008094766241744,1.198949705450616,1.236
P2,1.2,45,75.09974748034763,617.139999640874,0.0,0.0,1.2007368573794799,1.199424939780587,1.236
P2,1.2,46,83.97940189022972,634.4214563712,0.0,0.0,1.2002304904380667,1.1994081310277742,1.236
P2,1.2,47,93.18198083625943,648.8255174150019,0.0,0.0,1.2003962576458855,1.1991037208507729,1.236
P2,1.2,48,102.41027160982983,658.4161911482402,5.323731753792445,2.6668723318971512,1.2008043979422311,1.1992723277400024,1.236
P2,1.2,49,111.30754892593096,661.2656148096546,12.422435421344094,14.367834755887964,1.2009422461705341,1.1995055590150638,1.236
P2,1.2,50,119.53680163740206,655.9102042076605,21.44694751702785,34.617233780905174,1.2015849360842579,1.199734055466406,1.236
P2,1.2,51,126.44494534715143,641.1264552368086,28.343462348294008,62.2571275118367,1.2021192173685575,1.199694700431229,1.236
P2,1.2,52,131.5388464082617,616.14671938935,28.18195480899634,94.36556862795297,1.202787088113654,1.1993419298402686,1.236
P2,1.2,53,134.53219025041957,581.2650154253429,20.559007141334277,130.65541651758744,1.203414330881648,1.199079699962112,1.236
P2,1.2,54,135.3524385462316,537.6739376556956,7.9945426936386585,174.28461033296543,1.2038727074152706,1.2006037958678601,1.236
P2,1.2,55,133.42173665156383,486.4621697491581,-8.77817540881415,227.55513115789086,1.2043424742105706,1.2030960167127205,1.236
P2,1.2,56,128.5299860436185,428.75264267136134,-29.205111701711207,288.29649710448626,1.2046924621399322,1.2018699676288653,1.236
P2,1.2,57,120.39188700533165,366.4569921182101,-51.713511565538795,350.4154469691946,1.2053791795893198,1.1950759060270855,1.236
P2,1.2,58,108.47498148059712,301.63314798954144,-74.88821878521549,408.0677821155987,1.2056822992959337,1.1880245860244047,1.236
P2,1.2,59,93.18550080341129,236.6460301805935,-96.94594774582622,459.90658266399794,1.2054286112065062,1.1847908541803809,1.236
P2,1.2,60,75.18091488636765,175.18243643556067,-116.47535337402722,508.5563312567097,1.2042524444126148,1.1834354481377094,1.236
P2,1.2,61,55.73474095731416,120.72972688986486,-132.1307706179631,555.8274412719892,1.203137150574815,1.1819523300387595,1.236
P2,1.2,62,37.43421599344728,75.52187765059273,-142.00962419838373,600.2707218941817,1.2024526042802308,1.1809175487123569,1.236
P2,1.2,63,22.304734924833124,41.185056395742876,-145.51238746903957,639.1311876439778,1.2012882268163902,1.1822051289244122,1.236
P2,1.2,64,11.521913148936141,17.94942104596086,-143.06493306043907,670.6463084557197,1.1993185406915323,1.1849150847842784,1.236
P2,1.2,65,5.155218585664347,4.381917526561862,-136.03906819805195,694.2777677626295,1.1966260590919238,1.1870479556832636,1.236
P2,1.2,66,0.0,0.0,-126.35447605218802,710.1236166299497,1.1945169502511772,1.1887087870412505,1.236
P2,1.2,67,0.0,0.0,-115.2451195240126,717.928398672304,1.1942861138993255,1.1903642215969155,1.236
P2,1.2,68,0.0,0.0,-103.97201324215814,716.9850758130851,1.1959367513067392,1.1935079386152643,1.236
P2,1.2,69,0.0,0.0,-93.2847075646781,706.9767580905749,1.1983566141765325,1.1985641310383197,1.236
P2,1.2,70,0.0,0.0,-83.06839370940664,688.2885128532332,1.1993840978602883,1.2028760885431606,1.236
P2,1.2,71,0.0,0.0,-73.55860572734854,662.2079314928277,1.1994912179346007,1.204612509943488,1.236
P2,1.2,72,0.0,0.0,-64.51559489113527,631.087730288274,1.1996000350429912,1.2047886522953006,1.236
P2,1.2,73,0.0,0.0,-55.72437510314397,597.6577132760358,1.1993911396023667,1.2045962244136046,1.236
P2,1.2,74,0.0,0.0,-47.53763795523465,564.5672039918907,1.1991713635725156,1.2043844066537275,1.236
P2,1.2,75,0.0,0.0,-39.76866686114838,534.0937133836824,1.1992958246704954,1.2057553580474087,1.236
P2,1.2,76,0.0,0.0,-32.59733675240274,507.66893845304963,1.1994005268010284,1.2073849080964179,1.236
P2,1.2,77,0.0,0.0,-26.185297165665105,486.0207029785093,1.1995891176482654,1.2077906419885385,1.236
P2,1.2,78,0.0,0.0,-20.26861008605007,469.546610445609,1.1996525967597753,1.2074799349367829,1.236
P2,1.2,79,0.0,0.0,-15.025375096889437,458.1184446970398,1.1993577198014649,1.206888158743171,1.236
P2,1.2,80,0.0,0.0,-10.283830813481105,451.22395255248733,1.1990932996173596,1.2061284594236128,1.236
P2,1.2,81,0.0,0.0,-5.830765863808782,448.40640185751136,1.1992055428101884,1.205350602315285,1.236
P2,1.2,82,0.0,0.0,-1.7214613981682898,448.9884926272872,1.1992407612600893,1.2045600165363213,1.236
P2,1.2,83,0.0,0.0,2.34549042087503,452.09356540565346,1.19928767269171,1.2031304886123622,1.236
P2,1.2,84,0.0,0.0,6.319915283866958,457.0909836090217,1.1994706291859858,1.2019780084949236,1.236
P2,1.2,85,0.0,0.0,10.249310332065846,463.4217920708806,1.199671007490275,1.2019259245456233,1.236
P2,1.2,86,0.0,0.0,14.442942951448495,470.7864337461004,1.1993710131462296,1.201509574527112,1.236
P2,1.2,87,0.0,0.0,18.965688115567673,479.5322797454815,1.1992106527355473,1.2011618435969986,1.236
P2,1.2,88,0.0,0.0,24.237543812855403,490.32276745488645,1.1994401500272138,1.2008195245328752,1.236
P2,1.2,89,0.0,0.0,30.542842291667537,503.9755444117306,1.1995699799842947,1.2003086851682432,1.236
P2,1.2,90,0.3518015066253417,0.06122181545471045,37.937776746534325,521.2683454763637,1.1994957660217072,1.2002681774148773,1.236
P2,1.2,91,0.332685840884886,0.08102763561832461,46.56947385331844,542.2370494527216,1.1992966136464882,1.2007762137472437,1.236
P2,1.2,92,0.0,0.0,56.16779018910505,566.0753532318832,1.1993971517583082,1.2010925065364906,1.236
P2,1.2,93,0.0,0.0,66.38666089714738,591.470687582002,1.1994873506057186,1.200530219715191,1.236
P2,1.2,94,0.0,0.0,76.87469394216878,616.7410364119613,1.1995734031529093,1.2003870755303214,1.236
P2,1.2,95,0.0,0.0,87.09881091672723,640.1960028483586,1.199705749611101,1.2006289782968356,1.236
P2,1.2,96,0.0,0.0,96.89424281419056,660.4391127622905,1.1995355637933696,1.2010681333162776,1.236
P2,1.2,97,0.0,0.0,106.18353094677862,676.0542353908068,1.1993301720928236,1.201286569888547,1.236
P2,1.2,98,0.0,0.0,114.84323987590648,685.354657550859,1.1992840466330619,1.2013594362877154,1.236
P2,1.2,99,12.074679491089729,10.595787089676502,122.77067540620136,686.6884123092881,1.1993115369309977,1.20143877938935,1.236
P2,1.4,0,11.961993838200916,10.848490937479248,147.86312582756116,697.5951289430751,1.399170341240907,1.4039238257535351,1.119
P2,1.4,1,22.128780065515382,36.218170674918575,154.36438292548038,682.6589477193218,1.3988323466705546,1.4042659165345077,1.119
P2,1.4,2,31.746914937204565,75.40953131236017,158.64809959897988,655.7442581008723,1.3992321844183142,1.4044807664352843,1.119
P2,1.4,3,32.77817399705891,125.04481249294173,159.9049473253508,615.8726969341104,1.3997368319216263,1.4046224092870903,1.119
P2,1.4,4,21.72968045272668,182.41431312448688,156.5200193218141,562.5426172933825,1.3996857090777475,1.4047979740370005,1.119
P2,1.4,5,3.632002847530637,248.388842579734,148.9707735768144,497.4989722996816,1.4013766439699504,1.4052214136183914,1.119
P2,1.4,6,-19.49695951037197,322.2787411351503,136.73482139455,424.0271423422417,1.4060535649253167,1.4056487696964177,1.119
P2,1.4,7,-47.265580237772824,398.6331692362515,118.46530034095863,345.71593789711926,1.4047761441835809,1.4055545756029137,1.119
P2,1.4,8,-75.17194182178561,471.1597725243602,96.62130471303449,267.68600886919046,1.3927972392249859,1.4052335534674105,1.119
P2,1.4,9,-100.23110405472165,536.2908573104014,72.71408629775078,195.9212495977842,1.3803515698238908,1.404691257026212,1.119
P2,1.4,10,-122.42340297571288,592.7661392188679,49.14193764135252,133.8131046788995,1.3729579503886817,1.4036758546025636,1.119
P2,1.4,11,-139.56590489309102,642.0230759227878,29.977026016917847,83.15469805253308,1.3700643662070429,1.4020419465755682,1.119
P2,1.4,12,-150.6523252855202,685.6950869985683,16.173251303830828,45.54173620643031,1.371716115419438,1.3993218870287034,1.119
P2,1.4,13,-156.53981039122752,721.7017859110373,7.101029449246193,20.208088416761868,1.377071087281177,1.3955994607013191,1.119
P2,1.4,14,-156.22331142866793,746.6151961833297,2.6482859881526104,4.690879409819941,1.383908960926061,1.3927778126511332,1.119
P2,1.4,15,-150.32454580579062,760.155525126599,0.0,0.0,1.3883100611485257,1.392578306434972,1.119
P2,1.4,16,-141.17392612339845,764.0080292112333,0.0,0.0,1.3892531281174922,1.3952569338518488,1.119
P2,1.4,17,-129.35020386473815,758.7260006677785,0.0,0.0,1.390589986910081,1.399173280023078,1.119
P2,1.4,18,-115.82216691847235,744.2332094316469,0.0,0.0,1.3943400879124916,1.4014750192148255,1.119
P2,1.4,19,-102.1695831276265,721.0950172919366,0.0,0.0,1.3994021121431761,1.4013884072805793,1.119
P2,1.4,20,-88.60886573602647,690.7698316860447,0.0,0.0,1.4041816504490208,1.4007430225578386,1.119
P2,1.4,21,-75.67412276583961,654.9253701974538,0.0,0.0,1.407173598788039,1.4000963444411072,1.119
P2,1.4,22,-64.02220300601962,615.0996796792073,0.0,0.0,1.408746512644921,1.399170900256705,1.119
P2,1.4,23,-53.40419089020937,573.4764529967844,0.0,0.0,1.409413098241597,1.3988168979746738,1.119
P2,1.4,24,-43.83231094525032,533.0605962309255,0.0,0.0,1.409755644140743,1.3989565202753187,1.119
P2,1.4,25,-35.468442370264015,496.33416345944426,0.0,0.0,1.4101517120498057,1.3996517154301438,1.119
P2,1.4,26,-28.101383653797495,464.55046413826506,0.0,0.0,1.4104233377806392,1.400373009381359,1.119
P2,1.4,27,-21.631546622709454,438.13500783208633,0.0,0.0,1.4104010367959152,1.400234967856213,1.119
P2,1.4,28,-15.923996080948063,417.29205300441697,0.0,0.0,1.410071504992106,1.399744637175405,1.119
P2,1.4,29,-11.037272945403673,402.5960521853418,0.0,0.0,1.409159672295232,1.3994931037512097,1.119
P2,1.4,30,-6.933107595905729,394.02896639631604,0.0,0.0,1.4077075801071919,1.399787371339995,1.119
P2,1.4,31,-3.1953393194553503,390.2280512912311,0.0,0.0,1.4063391247101555,1.4002615673974297,1.119
P2,1.4,32,0.28414327249116283,390.26876873403705,0.0,0.0,1.4049105571559322,1.3998887056058913,1.119
P2,1.4,33,3.4794214153223977,394.3553120043659,0.0,0.0,1.4041584463423284,1.399252162513979,1.119
P2,1.4,34,6.904296416365636,402.1685103950678,0.0,0.0,1.403974711984573,1.3992140012647947,1.119
P2,1.4,35,10.694872719310963,412.97099708620965,0.0,0.0,1.402748429290029,1.399599689371581,1.119
P2,1.4,36,14.953500045597599,426.7276236280768,0.0,0.0,1.4011277152989834,1.400378322974808,1.119
P2,1.4,37,20.032879643311954,443.759625710237,0.0,0.0,1.4005579428217083,1.400409956811274,1.119
P2,1.4,38,25.82415855876484,464.3192232284176,0.0,0.0,1.40014672760059,1.3993616449961523,1.119
P2,1.4,39,32.3400521415119,488.28226314600846,0.0,0.0,1.3998154813841193,1.3992217549000143,1.119
P2,1.4,40,39.9546421411564,514.7220974039868,0.0,0.0,1.399564910960728,1.4000182905336507,1.119
P2,1.4,41,48.50807406903202,542.6182452711282,0.0,0.0,1.3991367588314383,1.4001307873221411,1.119
P2,1.4,42,57.86186629828573,571.3521544536055,0.0,0.0,1.399178165097125,1.3996112879352773,1.119
P2,1.4,43,68.09158687795804,599.8119276968936,0.0,0.0,1.3998793611127305,1.3992768177583985,1.119
P2,1.4,44,78.80762563951248,626.2363213833078,0.0,0.0,1.4004099410183872,1.3995358695664148,1.119
P2,1.4,45,89.70388152230862,649.283902374376,0.0,0.0,1.400607791219714,1.4001068295123438,1.119
P2,1.4,46,100.62312168815242,668.1040208257128,0.0,0.0,1.4008647022061749,1.400266386585111,1.119
P2,1.4,47,111.03910267670004,681.463129083315,0.0,0.0,1.401451744562905,1.3997393719480917,1.119
P2,1.4,48,120.70112364573419,687.7366409213132,5.4428248500539755,1.0315530234710697,1.4024914559056612,1.3992939054200937,1.119
P2,1.4,49,129.54823570817763,685.5908091241813,12.84167233556332,13.950540218786735,1.4031639306511434,1.399483752964672,1.119
P2,1.4,50,137.18933349116992,674.1733441730198,22.901495152498622,37.57722300625956,1.403508293657061,1.4001089793155463,1.119
P2,1.4,51,143.36909519789575,652.8631917613894,32.26020434024669,72.23254650270856,1.4036322236009684,1.400295175776051,1.119
P2,1.4,52,147.71709586228033,621.059981138871,34.99875182348068,115.26009924027673,1.4039169265534177,1.3996543208989334,1.119
P2,1.4,53,149.39749342944702,578.532240058426,27.694989460976892,164.3560063546881,1.405229850100939,1.3991985198693822,1.119
P2,1.4,54,148.26393084725484,526.2066015570442,12.417013308010992,220.1240000574027,1.406214178014704,1.4004068516253858,1.119
P2,1.4,55,143.71914624776272,465.7940968819108,-8.414973026273504,283.08176406895785,1.4059763036677886,1.403839515890006,1.119
P2,1.4,56,134.53659956142064,398.7880252110219,-33.74364317550917,349.6523636225239,1.4059688698055166,1.404588543453826,1.119
P2,1.4,57,121.03103326430059,327.449045941715,-60.874499697689146,413.830179900446,1.4062991100629694,1.3969808203789,1.119
P2,1.4,58,103.5454110430886,255.95832407871603,-87.24650162413516,472.31502640093817,1.4061941599783117,1.3856165357752201,1.119
P2,1.4,59,82.58005431228393,188.73761801101577,-111.65416050107099,525.8077867884645,1.4056070586829639,1.378160703356015,1.119
P2,1.4,60,60.76762081008574,129.12425520113723,-132.13327853917934,576.3010953599994,1.4041141209477663,1.3746305652278452,1.119
P2,1.4,61,40.71240863032513,80.12529985548032,-147.16964666140174,624.5131636114621,1.4022262402500743,1.3737431043298929,1.119
P2,1.4,62,24.007096904307517,43.6004183466915,-156.11684701740057,668.7719318577364,1.400652167834966,1.3763142257169636,1.119
P2,1.4,63,12.252108932408305,19.070951018409666,-158.15986670664452,706.0172464684005,1.398529943618623,1.381421758338206,1.119
P2,1.4,64,5.308387070252128,4.737570946380891,-154.23899841335964,734.1039783949935,1.3955027483414184,1.3851858907275991,1.119
P2,1.4,65,0.0,0.0,-146.22454991148555,752.4717271522234,1.39343318539556,1.38681727155976,1.119
P2,1.4,66,0.0,0.0,-135.0821028418528,760.9095676624728,1.3935355233525366,1.3882236405905022,1.119
P2,1.4,67,0.0,0.0,-122.46815927847979,759.189565007776,1.3957237693187132,1.390875621047117,1.119
P2,1.4,68,0.0,0.0,-109.75636789037766,747.4552184632996,1.39853703890115,1.395275619271546,1.119
P2,1.4,69,0.0,0.0,-97.08583705889588,725.967889073364,1.4002633784757272,1.4009759160137478,1.119
P2,1.4,70,0.0,0.0,-85.16244035244398,695.6242948164025,1.4006547031742673,1.4060275878787623,1.119
P2,1.4,71,0.0,0.0,-74.19349268541184,658.7383957913263,1.3999511563557767,1.4081812016880526,1.119
P2,1.4,72,0.0,0.0,-63.58826877245354,618.1945350417662,1.3996119952514823,1.40796586443703,1.119
P2,1.4,73,0.0,0.0,-53.821520789520726,576.5607673456478,1.400053405260782,1.4073454309534859,1.119
P2,1.4,74,0.0,0.0,-45.02615306303008,536.3826903779859,1.400050500744305,1.4075884740313827,1.119
P2,1.4,75,0.0,0.0,-36.7382400651373,499.9047369721762,1.3995279538527052,1.409142124005304,1.119
P2,1.4,76,0.0,0.0,-29.475976547628136,468.36679086321845,1.3994875011272834,1.4104796633000658,1.119
P2,1.4,77,0.0,0.0,-23.263611687442552,442.31062465250756,1.3995496021369713,1.4105278956043976,1.119
P2,1.4,78,0.0,0.0,-17.688580461170822,421.93265303202486,1.3995823472944442,1.4098977847211274,1.119
P2,1.4,79,0.0,0.0,-13.100185203390108,406.888087818699,1.399500598798278,1.4090695574117278,1.119
P2,1.4,80,0.0,0.0,-9.263492242776211,396.6823962522034,1.398964348697906,1.4080308272046735,1.119
P2,1.4,81,0.0,0.0,-5.734182174824103,391.04646276984107,1.3988462081306068,1.406632179027012,1.119
P2,1.4,82,0.0,0.0,-2.6053635343892703,389.4950391551776,1.399420141759832,1.405301569790365,1.119
P2,1.4,83,0.0,0.0,0.5496061505368723,391.4431210285985,1.4001462693974052,1.4038280051397682,1.119
P2,1.4,84,0.0,0.0,4.085917843842376,396.8597204316326,1.4002869940353093,1.40268003874182,1.119
P2,1.4,85,0.0,0.0,8.007855929841424,405.89502796443657,1.4000214534732311,1.402362042001227,1.119
P2,1.4,86,0.0,0.0,12.79299785707868,418.54037458652186,1.3999919727054615,1.4021548189792605,1.119
P2,1.4,87,0.0,0.0,18.61485629792437,435.1831843206175,1.3998461024926026,1.4012406499584271,1.119
P2,1.4,88,0.0,0.0,25.439583664532847,456.33909763546694,1.3996107230607455,1.4002834520553258,1.119
P2,1.4,89,0.0,0.0,33.72162277906107,481.7819813499661,1.399653111822578,1.400292328360088,1.119
P2,1.4,90,0.0,0.0,43.42131665587211,510.7251641899301,1.3995431339380502,1.400746034907179,1.119
P2,1.4,91,0.6201072148888394,0.044097613047159506,54.327642552441525,542.1911176358958,1.3994643863978624,1.4007191239743024,1.119
P2,1.4,92,0.0,0.0,66.47793968028625,574.7770986281678,1.3997380739982974,1.4003213900813425,1.119
P2,1.4,93,0.0,0.0,79.340778656251,606.762708360957,1.4001204681012263,1.3999932799641717,1.119
P2,1.4,94,0.0,0.0,92.37660649992667,636.5122391298622,1.4002387068829436,1.4002760698327585,1.119
P2,1.4,95,0.0,0.0,105.39153080246548,662.4223049870983,1.4001179178886711,1.401278226917344,1.119
P2,1.4,96,0.0,0.0,117.79552274083902,682.8553820930813,1.399848959221172,1.4021036223783512,1.119
P2,1.4,97,0.0,0.0,129.20433503203424,696.4177975757245,1.3997112010332455,1.4024173378847142,1.119
P2,1.4,98,0.0,0.0,139.4698953184589,701.8776740433714,1.3997477176228297,1.4030248778622387,1.119
P2,1.4,99,11.984258504540863,10.849953984830357,148.02040609720774,697.8234797902311,1.3993465698440515,1.4037022768066105,1.119
P2,1.6,0,12.078782053049544,11.026732680776801,165.66836703254145,702.2246798929413,1.5998667421522197,1.6036077026510664,1.053
P2,1.6,1,21.69271540128253,42.25165148973053,171.6876333703472,681.5963120684547,1.6001454217791777,1.6038101583383184,1.053
P2,1.6,2,31.214515513966532,92.04465081790437,173.6870170150628,647.2573130553632,1.6000581949470165,1.6046437913519886,1.053
P2,1.6,3,33.70360228862301,157.28823812413282,171.10310184084398,598.8981189911638,1.5995245985450595,1.6058085182617243,1.053
P2,1.6,4,22.099121606917976,232.74629511786637,162.23580522577154,536.6810628252099,1.5988367695801433,1.6068003912019424,1.053
P2,1.6,5,-0.3726672182170716,316.9261574265223,146.79430614115006,462.9633300513651,1.5984040541253342,1.6071977665205024,1.053
P2,1.6,6,-28.411099111044056,407.78433110853786,127.59583156437434,382.85431532178535,1.601341185395291,1.6065912753950595,1.053
P2,1.6,7,-61.15731309339152,497.5554587135809,104.22962177444182,301.4059295411779,1.6058231174064477,1.605258876303058,1.053
P2,1.6,8,-95.3366584113617,577.8230409946968,78.53566405666444,223.22672811469147,1.6013134383925727,1.603954623339138,1.053
P2,1.6,9,-125.18091049141557,646.2508292493743,54.78141067216645,154.21536338791495,1.5861366777561854,1.602372708078075,1.053
P2,1.6,10,-149.6822634840045,704.3642256056603,34.22188459767998,98.7039369934124,1.5708281134749424,1.6004704795264513,1.053
P2,1.6,11,-168.9416693191965,752.9630428843108,18.312199554795775,56.07433063037906,1.5614949699432845,1.5987860651459798,1.053
P2,1.6,12,-179.91412882548315,792.3740827445689,8.485013444251557,25.35007524486751,1.5593983072759081,1.5967083910275917,1.053
P2,1.6,13,-182.57930072635855,822.257676207688,2.728334035074862,7.008665374592674,1.5646914661089915,1.59448258327344,1.053
P2,1.6,14,-179.27947543110545,840.3740131686484,0.0,0.0,1.5747388226627088,1.5933305783128233,1.053
P2,1.6,15,-169.70096684271073,844.5806627633593,0.0,0.0,1.5839571104875831,1.5939091342721494,1.053
P2,1.6,16,-155.35645478640808,835.8389539437057,0.0,0.0,1.5890377598921506,1.595876743840155,1.053
P2,1.6,17,-139.5484059431386,817.0033452392299,0.0,0.0,1.5914220954938911,1.5986131359356517,1.053
P2,1.6,18,-122.43168650491091,789.1419808396134,0.0,0.0,1.594600395911326,1.6006519634206764,1.053
P2,1.6,19,-104.54514110807108,752.1818637793547,0.0,0.0,1.5996444245861345,1.600964368548404,1.053
P2,1.6,20,-88.12513833596321,707.4004508037516,0.0,0.0,1.6055563737816478,1.6002517919715364,1.053
P2,1.6,21,-73.15592883824367,657.3525025737952,0.0,0.0,1.6104963420711071,1.5996917701143754,1.053
P2,1.6,22,-58.828560256415884,604.6052615596014,0.0,0.0,1.6133006714788478,1.5996311960765859,1.053
P2,1.6,23,-46.63213934809896,551.228643156266,0.0,0.0,1.6141333398280895,1.5998190134550956,1.053
P2,1.6,24,-36.44186705462831,499.39678080902297,0.0,0.0,1.6139092072715695,1.6002064043996844,1.053
P2,1.6,25,-27.36669752141485,451.91358628055116,0.0,0.0,1.6136775080505148,1.6001724040636678,1.053
P2,1.6,26,-19.867268882520133,411.1235411563387,0.0,0.0,1.6134411554435715,1.5995235857232595,1.053
P2,1.6,27,-13.945125837622724,377.73236407860185,0.0,0.0,1.6136429586058856,1.5996842926005628,1.053
P2,1.6,28,-9.001856146549823,351.85082358552216,0.0,0.0,1.613700201381103,1.6003327224020254,1.053
P2,1.6,29,-5.141465179554434,333.69273671460047,0.0,0.0,1.6126413541724196,1.6001442763374236,1.053
P2,1.6,30,-2.1507389628038878,322.93649714549275,0.0,0.0,1.6109733793618024,1.5996685014756495,1.053
P2,1.6,31,0.38102949303177513,318.96708668529675,0.0,0.0,1.6092070770560252,1.5992621170070682,1.053
P2,1.6,32,2.3927049752149925,320.936413197717,0.0,0.0,1.6073405998236436,1.5990277401728148,1.053
P2,1.6,33,4.407513686632797,327.7673521044592,0.0,0.0,1.605337020926811,1.5993042289242563,1.053
P2,1.6,34,7.0653553209160895,339.1729042173739,0.0,0.0,1.6037985791082259,1.5996256897113166,1.053
P2,1.6,35,9.995180882551121,355.3054031340013,0.0,0.0,1.6027124618586255,1.5992464671610596,1.053
P2,1.6,36,13.585502899738685,375.48471707880725,0.0,0.0,1.601618754908866,1.5985321503901653,1.053
P2,1.6,37,18.613980115583438,399.15323938057077,0.0,0.0,1.60059664425989,1.5985379885338733,1.053
P2,1.6,38,24.994180596352084,426.5061692196665,0.0,0.0,1.5994539930175995,1.5989854411755249,1.053
P2,1.6,39,32.9442805786974,457.15570146147286,0.0,0.0,1.5984791178674196,1.5995229697094253,1.053
P2,1.6,40,42.717484518840784,490.34077087536633,0.0,0.0,1.5981400762619042,1.6002169018596717,1.053
P2,1.6,41,53.77382007553218,525.7548026568078,0.0,0.0,1.5981663342614922,1.6002467894787584,1.053
P2,1.6,42,65.91905082506861,562.3824361435969,0.0,0.0,1.5982260474649685,1.5997228692407208,1.053
P2,1.6,43,79.24838039774447,598.0548743391741,0.0,0.0,1.59865869770473,1.5994987334809567,1.053
P2,1.6,44,92.94589852097123,630.9868611645184,0.0,0.0,1.59961305815292,1.5995413364180067,1.053
P2,1.6,45,106.5469679467652,659.9485644403301,0.0,0.0,1.600475602394992,1.5993600889830886,1.053
P2,1.6,46,120.26348373775045,683.0797332221488,0.0,0.0,1.6011229525353288,1.599663265475092,1.053
P2,1.6,47,133.4653612766256,698.3934519108223,0.0,0.0,1.6020700490241349,1.6003127666799815,1.053
P2,1.6,48,145.48969804932446,704.9098915727068,0.0,0.0,1.6027200341716794,1.5997665939415202,1.053
P2,1.6,49,156.32048652792975,702.0079996545657,8.48266588296388,7.946919791029784,1.602935096978949,1.5990536949147005,1.053
P2,1.6,50,165.27664536973506,688.5800660165996,17.079546495584246,32.28912793322857,1.6033701931546331,1.5996178803308436,1.053
P2,1.6,51,171.48358730152924,663.6833171257719,26.605859434342474,71.41382023798191,1.6040942350224883,1.6000939233458522,1.053
P2,1.6,52,174.46477665908097,626.9505585537661,32.73588104462337,123.90057821308991,1.6051233483059963,1.599621898221092,1.053
P2,1.6,53,173.03200613475963,578.2194302571562,29.37372745937547,185.0624043024447,1.6064874768461694,1.5991953036505657,1.053
P2,1.6,54,166.14031048516452,518.20300552059,14.624378191383384,251.82740726540877,1.6073870868076934,1.59879956243767,1.053
P2,1.6,55,154.50756110199043,449.2748815523947,-7.802411609269185,324.24738879530923,1.6073758415752035,1.5993289203518632,1.053
P2,1.6,56,137.98010304775437,374.39222823286167,-35.462334190130115,400.7484786400824,1.607018719030915,1.6020949450747912,1.053
P2,1.6,57,116.49695559117205,296.709058637096,-67.21970400257165,476.2290510412085,1.606456320590354,1.6024179892217048,1.053
P2,1.6,58,92.8916544759032,221.29279679271198,-99.48653195116842,546.537144078505,1.6054256034352117,1.5950441929364902,1.053
P2,1.6,59,69.24921697732272,154.30487682467134,-129.00812829620708,611.2151295170564,1.6039934469607404,1.5832542522882875,1.053
P2,1.6,60,46.69230638604859,99.04681383195224,-154.44733453094142,670.5094365943316,1.6023499095415796,1.5728567061084082,1.053
P2,1.6,61,28.007594298273332,55.71368226798979,-173.23908683952934,723.0797531070853,1.6002080707106188,1.5665781461620356,1.053
P2,1.6,62,14.874449942250374,24.818212855737976,-183.40402319421827,767.0411265431358,1.5977335493204368,1.5655084837455628,1.053
P2,1.6,63,6.042421101535888,6.570289251546202,-185.46120683975505,800.52539434086,1.595676847324647,1.5694796968057547,1.053
P2,1.6,64,0.0,0.0,-180.0310430854567,821.6016804297152,1.5940479295214953,1.5757279118009073,1.053
P2,1.6,65,0.0,0.0,-168.30499365911638,829.4306085207063,1.5930230702277577,1.5809416527424731,1.053
P2,1.6,66,0.0,0.0,-153.3215377756425,824.8194647964078,1.5937459391102644,1.584196843162099,1.053
P2,1.6,67,0.0,0.0,-136.64700989693313,808.8213865002746,1.5958638552155067,1.587224827199048,1.053
P2,1.6,68,0.0,0.0,-118.96543419696992,782.1315449139666,1.597817705539441,1.5924209289633566,1.053
P2,1.6,69,0.0,0.0,-102.01471889427872,746.0389396053927,1.5992644367399886,1.5998793623348202,1.053
P2,1.6,70,0.0,0.0,-86.39552251360786,702.3586987896781,1.6002369201205815,1.6068908304184886,1.053
P2,1.6,71,0.0,0.0,-71.69938222454499,652.9219420075706,1.6003684694472031,1.61101253304407,1.053
P2,1.6,72,0.0,0.0,-58.6167680083471,600.3831442553183,1.6000734499682552,1.612804996797955,1.053
P2,1.6,73,0.0,0.0,-47.198334571181896,548.1985624095006,1.59988906195864,1.6133023528633814,1.053
P2,1.6,74,0.0,0.0,-36.67201285628666,499.0493342261455,1.599745212461115,1.6131546852490815,1.053
P2,1.6,75,0.0,0.0,-27.725859766006344,454.64625820270834,1.5996727062479017,1.613342197575073,1.053
P2,1.6,76,0.0,0.0,-20.629576465329393,416.68985382147923,1.5997886323689763,1.6139366204342607,1.053
P2,1.6,77,0.0,0.0,-14.379907897395045,386.32987109914717,1.599982750815903,1.61403570463905,1.053
P2,1.6,78,0.0,0.0,-9.254242399311842,363.34985218148984,1.599792617508649,1.613404781324957,1.053
P2,1.6,79,0.0,0.0,-5.694719762409262,346.99578850627415,1.599758086654226,1.612397808919727,1.053
P2,1.6,80,0.0,0.0,-2.7538762856454744,336.6911234086979,1.6002041914088312,1.610855526716426,1.053
P2,1.6,81,0.0,0.0,-0.17819545465440242,331.5484526862071,1.6005024335801064,1.6088603564169244,1.053
P2,1.6,82,0.0,0.0,1.7876528064203545,330.60573285791713,1.60051511123032,1.6068358838266152,1.053
P2,1.6,83,0.0,0.0,3.8880767844240602,333.76843368416604,1.6002112044848853,1.6046914595368826,1.053
P2,1.6,84,0.0,0.0,6.564031251870445,341.39688248567717,1.5998049794346525,1.6028096980131001,1.053
P2,1.6,85,0.0,0.0,9.754413798966109,353.4009748911294,1.5994256439061139,1.6015806141188391,1.053
P2,1.6,86,0.0,0.0,14.207428455544553,369.88037618508145,1.5991464642123725,1.6007061415848778,1.053
P2,1.6,87,0.0,0.0,20.349490672262508,391.4947058952039,1.5990180921873987,1.6001676990455818,1.053
P2,1.6,88,0.0,0.0,28.011702448771185,418.28854473011745,1.5991386473528029,1.5999774465611551,1.053
P2,1.6,89,0.0,0.0,37.48584547115884,449.4890314390498,1.599350612045346,1.5996418139676747,1.053
P2,1.6,90,0.0,0.0,48.73775997717219,484.58875137666865,1.5991845167930263,1.599237023613956,1.053
P2,1.6,91,0.0,0.0,61.12626109524728,522.980537769524,1.5990526543554489,1.5992996881889872,1.053
P2,1.6,92,0.0,0.0,74.52993918795508,562.7753998724893,1.5991567231439028,1.5999850500477062,1.053
P2,1.6,93,0.0,0.0,88.76496344369642,601.470727598695,1.5992722556587302,1.600889383498062,1.053
P2,1.6,94,0.0,0.0,103.1892568416112,637.0921074288626,1.599208416053814,1.6013894335765655,1.053
P2,1.6,95,0.0,0.0,117.5765748717345,667.7318325225298,1.5991672313406018,1.601597689559807,1.053
P2,1.6,96,0.0,0.0,131.69774582750455,691.1238299720046,1.5995518762603969,1.6016283835874983,1.053
P2,1.6,97,0.0,0.0,144.73905617923097,705.3769973162407,1.5996653551406643,1.6018403704598487,1.053
P2,1.6,98,0.0,0.0,156.16314549197787,709.2798640362105,1.599578128414434,1.6027036217224895,1.053
P2,1.6,99,12.089503460558626,11.02642985724381,165.41729030433578,701.601870976058,1.5998002744912594,1.603506739723048,1.053
P2,1.8,0,14.922132248074,11.244027840884062,186.28318828437116,725.7911137104225,1.7995909421387077,1.8030679179971292,0.984
P2,1.8,1,25.25206533528526,44.09102025797221,192.7046183168059,705.2217506541771,1.7993645955061135,1.8037162537782925,0.984
P2,1.8,2,35.946092055113084,94.9197392958005,194.02033149199494,668.6245267296023,1.79951244950534,1.8049542979946152,0.984
P2,1.8,3,41.17540418978716,160.78620402493948,189.71334169507494,616.43045615157,1.7995023142707844,1.8066753121515817,0.984
P2,1.8,4,33.01097928323971,235.67805946960456,178.54181636539087,549.6567670250043,1.7990527643577148,1.8078463139438579,0.984
P2,1.8,5,11.639291185581303,317.5182495549104,159.40409928942518,471.2810040300037,1.7988274134750795,1.8077250487435677,0.984
P2,1.8,6,-16.101897805761986,406.9631769554035,135.5346931446674,387.4746364623948,1.8009541297839124,1.80688729677935,0.984
P2,1.8,7,-48.151591829351574,499.7828865575054,109.38229746587321,304.5435762645558,1.8047229754583245,1.8058370079421757,0.984
P2,1.8,8,-83.88184086326476,587.2851515106379,80.89648923268496,226.56134775876922,1.8038136114980952,1.804926450657774,0.984
P2,1.8,9,-118.33564113757923,663.98551299912,54.60053973738466,157.55006944886927,1.7932430589249886,1.8034418855059575,0.984
P2,1.8,10,-146.83002689784954,729.9348674172552,33.867560668872386,102.04812611807851,1.7764367565215624,1.8001997928604154,0.984
P2,1.8,11,-169.77771965876323,785.5774374748434,18.264515463631582,60.64990760648421,1.7632172821309822,1.796716483163792,0.984
P2,1.8,12,-186.1251197594714,829.1672779753361,7.870388836772831,30.04246514808636,1.7576544650080377,1.7936957128227686,0.984
P2,1.8,13,-192.74257347661305,860.0778027226578,2.7410396290489154,9.176260800969875,1.7589053633715828,1.7913201662225886,0.984
P2,1.8,14,-190.76912495986468,879.1795084509638,0.0,0.0,1.765346922655258,1.7905885375554091,0.984
P2,1.8,15,-183.30285780302475,885.8432584939586,0.0,0.0,1.774439775929628,1.7919541068638465,0.984
P2,1.8,16,-170.36516041265625,878.2911932080849,0.0,0.0,1.782732069749147,1.795437129566503,0.984
P2,1.8,17,-152.84579805836648,857.3189567565096,0.0,0.0,1.7881111010161854,1.7993711037589144,0.984
P2,1.8,18,-134.41511527221454,826.5406347915657,0.0,0.0,1.7922672406952307,1.8017120082444074,0.984
P2,1.8,19,-115.8500906950943,788.1677557518577,0.0,0.0,1.7975411178273588,1.802366169934709,0.984
P2,1.8,20,-96.79111527224606,742.3632075967736,0.0,0.0,1.804007299739425,1.8018523841063672,0.984
P2,1.8,21,-79.01589156693527,690.0017358993284,0.0,0.0,1.8096449539971584,1.800789862812093,0.984
P2,1.8,22,-63.681048688043255,633.3250073005487,0.0,0.0,1.813553618988627,1.7993986528669295,0.984
P2,1.8,23,-49.5635096172636,575.068950265273,0.0,0.0,1.8156416177751515,1.7983419435886383,0.984
P2,1.8,24,-36.96615341198585,517.7673983424762,0.0,0.0,1.8165602499555926,1.7984998433073829,0.984
P2,1.8,25,-27.217152543829677,463.4780584073328,0.0,0.0,1.8165134166236436,1.799395113865472,0.984
P2,1.8,26,-19.294261720213076,414.0151333818652,0.0,0.0,1.8159236495929556,1.8000518735769222,0.984
P2,1.8,27,-12.389993546208226,371.0991551316941,0.0,0.0,1.8155725074192748,1.8001733456135807,0.984
P2,1.8,28,-7.074946076796372,335.94377618520554,0.0,0.0,1.815205328386147,1.7998127026335822,0.984
P2,1.8,29,-3.310098142504853,309.15096617762015,0.0,0.0,1.8142874994230263,1.7997245980703542,0.984
P2,1.8,30,-0.3373136079369877,291.0504414674103,0.0,0.0,1.8127405363879248,1.799654216757524,0.984
P2,1.8,31,1.9736786579714667,281.0681320047287,0.0,0.0,1.8109001992656515,1.799352365946594,0.984
P2,1.8,32,3.8474329943601133,277.71415431094755,0.0,0.0,1.8091356726588501,1.7994165105014206,0.984
P2,1.8,33,5.795354169930627,280.27309200836856,0.0,0.0,1.8072862776976295,1.799633323429047,0.984
P2,1.8,34,7.820853082147377,288.7351719032311,0.0,0.0,1.8050376584356127,1.7996483819494606,0.984
P2,1.8,35,10.285498475741209,302.25803200714614,0.0,0.0,1.8033385880253447,1.7994723424508878,0.984
P2,1.8,36,14.05522025490612,319.72398209776026,0.0,0.0,1.802162406254916,1.7989401766492135,0.984
P2,1.8,37,19.13088317467239,340.979738208333,0.0,0.0,1.8009277715691556,1.798843582090817,0.984
P2,1.8,38,25.251332721440196,366.28442652699164,0.0,0.0,1.7998085178019867,1.7994617773504795,0.984
P2,1.8,39,33.04757340629176,395.68008555283865,0.0,0.0,1.798951685278398,1.7997443359852703,0.984
P2,1.8,40,42.51273198167476,429.20173339248913,0.0,0.0,1.7986459248523263,1.7992830145900558,0.984
P2,1.8,41,53.05981487097983,466.2477117297303,0.0,0.0,1.7988473985931275,1.798950769119229,0.984
P2,1.8,42,64.77168074316768,505.1920260759026,0.0,0.0,1.7990305958340658,1.7992965478392142,0.984
P2,1.8,43,77.58099863404911,544.6105808545234,0.0,0.0,1.7993111258374346,1.7997704411464313,0.984
P2,1.8,44,90.74718962171424,583.5439616462345,0.0,0.0,1.799948177970119,1.7996641089904173,0.984
P2,1.8,45,104.14059499151637,619.9550959336638,0.0,0.0,1.8005565079933707,1.7991603723532117,0.984
P2,1.8,46,118.02313599660337,650.6279455107596,0.0,0.0,1.8010823900785051,1.799197402082065,0.984
P2,1.8,47,131.63095105253575,673.236951735402,0.0,0.0,1.8015265468177697,1.7996490213625445,0.984
P2,1.8,48,144.21900110329784,686.9165527080597,0.0,0.0,1.801689732917554,1.7995883138736672,0.984
P2,1.8,49,155.81150091565246,690.3936315156348,13.311437460389595,9.490424573840135,1.8019002484990003,1.7992342025157786,0.984
P2,1.8,50,165.70016927998452,681.3849272028312,22.894383004227265,40.004910349852516,1.8025873211276704,1.7997686656394407,0.984
P2,1.8,51,172.50723958579638,658.311516986576,33.341367978015676,86.90478445059613,1.8036518004199722,1.8003243493796486,0.984
P2,1.8,52,175.59156185256765,621.0006159644264,40.23828455324113,148.15514960797762,1.8046349874015057,1.79960383701974,0.984
P2,1.8,53,173.9747826856594,569.8176962040329,37.75408007584157,217.33548879153398,1.8056205387859292,1.7987173620517931,0.984
P2,1.8,54,166.05584231614924,505.96933293008755,23.157808580540827,289.6485912524413,1.8068632986896465,1.7990036898202477,0.984
P2,1.8,55,152.28126754731426,432.76139538866,-0.05012859831041209,366.0907685038756,1.8077401944762377,1.8006186194440421,0.984
P2,1.8,56,133.87609145346696,354.80503888669574,-27.988686792959285,447.76987895967807,1.8077497687792456,1.8030409245729988,0.984
P2,1.8,57,110.72866889530944,276.19204624154406,-60.098287574045216,530.3213409581832,1.8070484261464457,1.803111083701819,0.984
P2,1.8,58,85.20718095870978,201.40934981269692,-94.93822693668378,607.7321619723562,1.8061904331821323,1.7970387722931473,0.984
P2,1.8,59,61.275150048345644,136.36173172032161,-128.49313215040522,678.2450084346546,1.8049346660899672,1.785227495945434,0.984
P2,1.8,60,40.21749373237039,85.11834764199065,-158.135791647595,742.6439637776747,1.8024655392859714,1.773316323604396,0.984
P2,1.8,61,22.778637739089632,46.9013897487769,-182.30996822203744,799.5831976545381,1.799319175415259,1.765122502112025,0.984
P2,1.8,62,11.04358572564262,19.460064883874605,-198.00720701340092,846.0266395635939,1.7961963884171777,1.7623774492792432,0.984
P2,1.8,63,4.826820204525432,2.6315314490343464,-203.58459543525785,879.9761819004971,1.793318936197698,1.764298860958746,0.984
P2,1.8,64,0.0,0.0,-199.9846656560371,900.22245371686,1.7913442754174078,1.76886705090309,0.984
P2,1.8,65,0.0,0.0,-188.43962328655365,905.2188834508486,1.7910988017616583,1.7743102761739844,0.984
P2,1.8,66,0.0,0.0,-170.7710869106299,894.2853670223255,1.7931654687349177,1.7785393410947459,0.984
P2,1.8,67,0.0,0.0,-150.36699514389272,868.8523039419724,1.7965149505324054,1.7822852291434121,0.984
P2,1.8,68,0.0,0.0,-129.06728314017192,831.063687871177,1.799043765618738,1.7880798237279527,0.984
P2,1.8,69,0.0,0.0,-107.32567562469552,782.3990788867355,1.8002715318429714,1.7968401862841281,0.984
P2,1.8,70,0.0,0.0,-87.05262897947239,724.9566741092996,1.8005871943985525,1.805736371543224,0.984
P2,1.8,71,0.0,0.0,-69.5019342663224,662.0966226575388,1.8004174452955302,1.8127510356714047,0.984
P2,1.8,72,0.0,0.0,-53.926718655486695,596.9629178560999,1.7998957555338508,1.8171458643891616,0.984
P2,1.8,73,0.0,0.0,-40.360488431140155,532.3070806211734,1.7992496944972074,1.819504145832437,0.984
P2,1.8,74,0.0,0.0,-29.546709553851873,471.4222106277234,1.7991068373541492,1.820027331371304,0.984
P2,1.8,75,0.0,0.0,-20.540090159637327,417.26355563099463,1.799332298812627,1.818660613969158,0.984
P2,1.8,76,0.0,0.0,-12.744138460355353,371.09857150093734,1.7995339373686114,1.817167519081406,0.984
P2,1.8,77,0.0,0.0,-7.112783610350592,333.332438096793,1.7997211259617159,1.8165255660305772,0.984
P2,1.8,78,0.0,0.0,-3.3064072709235646,304.5314003514173,1.799605168152385,1.8158093825219352,0.984
P2,1.8,79,0.0,0.0,-0.01677986286733783,284.677951664123,1.7994946246212749,1.8145958439779284,0.984
P2,1.8,80,0.0,0.0,2.2402137192911247,272.5731631569314,1.799743042576986,1.8131435452504525,0.984
P2,1.8,81,0.0,0.0,3.056244081051586,266.820541675661,1.7997697983799157,1.81123001348833,0.984
P2,1.8,82,0.0,0.0,3.8917967215216898,266.754146593811,1.7994567084967912,1.8086694782233539,0.984
P2,1.8,83,0.0,0.0,5.3297509032943315,272.0348967659854,1.7992585771604817,1.8059005130543762,0.984
P2,1.8,84,0.0,0.0,6.969688001053953,282.22943741791164,1.7994089514111122,1.803605550252279,0.984
P2,1.8,85,0.0,0.0,9.655249253054453,297.3453239663233,1.799642504870535,1.802201227787616,0.984
P2,1.8,86,0.0,0.0,14.390856314233108,317.92345997476633,1.7994002813220884,1.801343038574886,0.984
P2,1.8,87,0.0,0.0,20.88413012943208,344.03309113972546,1.799100637042376,1.8000667754302146,0.984
P2,1.8,88,0.0,0.0,29.247008423197116,375.2031085379005,1.7994092981806529,1.798648450253035,0.984
P2,1.8,89,0.0,0.0,40.05141490258,411.42190140889244,1.7998517118677437,1.798331455583325,0.984
P2,1.8,90,0.0,0.0,52.72114183309187,452.59183786819045,1.7999790470894692,1.7984962672269966,0.984
P2,1.8,91,0.0,0.0,66.65542875580972,497.23670694017744,1.7997212030290712,1.798658655001638,0.984
P2,1.8,92,0.0,0.0,82.04279464562099,543.2389474323631,1.7994488124401518,1.7991792746553439,0.984
P2,1.8,93,0.0,0.0,98.41281075104119,589.0605523038397,1.7992645071000317,1.7998746805604289,0.984
P2,1.8,94,0.0,0.0,114.92001557298951,632.8552893503459,1.7990338034709208,1.8006648468726028,0.984
P2,1.8,95,0.0,0.0,131.5453089595551,671.4946612846569,1.7990932493354563,1.8015651710962797,0.984
P2,1.8,96,0.0,0.0,147.9372657746739,701.8345724098333,1.7993131324247398,1.8020691437602325,0.984
P2,1.8,97,0.0,0.0,162.9422599199204,721.9911165405275,1.7995178560908534,1.8022393973864073,0.984
P2,1.8,98,0.0,0.0,175.87415764444447,730.4832056796288,1.79980152650472,1.802588859606738,0.984
P2,1.8,99,14.978803811206651,11.249693213637487,186.2082377865672,725.3082327694722,1.799705163467576,1.8028743793630646,0.984
P3,1.0,0,9.877108624553403,10.860180180632074,124.74790240670345,916.5625580904164,0.999740331841001,1.00322162577989,1.323
P3,1.0,1,17.01420287764057,45.73897802357544,135.1349021656259,901.082076008678,0.9997232528430027,1.0035427865334856,1.323
P3,1.0,2,18.890185309674546,102.68044540582893,145.1710126061489,875.3194356148726,0.9995838394883385,1.0033230505843176,1.323
P3,1.0,3,7.648795665539848,174.7875827161172,153.32954150746843,837.5078559753169,0.9991279896078046,1.004269328999568,1.323
P3,1.0,4,-13.73989365502676,255.62946162605425,158.5426738305121,786.2193577527876,0.9994932612321676,1.0059563932089053,1.323
P3,1.0,5,-37.14444265852676,340.27659555251273,160.46196272028405,721.5106236445506,1.001229289911316,1.0072424739928572,1.323
P3,1.0,6,-58.87968353631011,421.9808003238288,157.41198993660103,643.5918229897587,0.9954188176046089,1.0076469387055094,1.323
P3,1.0,7,-76.90210993490898,495.32254872313774,148.92283419938514,553.9096399278483,0.982278884039551,1.0069850240608988,1.323
P3,1.0,8,-91.60219491726068,559.1121677187076,134.56747646409116,456.5316141872878,0.9725786286081435,1.007065077617474,1.323
P3,1.0,9,-104.00744751754686,614.8255571527998,114.64452676789075,357.1820896062755,0.972693059035302,1.00627135668694,1.323
P3,1.0,10,-113.80263985390673,664.6667050051832,91.21956048571684,263.0639476460973,0.9803660454509122,1.0053630049304443,1.323
P3,1.0,11,-121.4268014843888,710.7317491835947,66.77904420544058,181.11478780793757,0.9882745655824139,1.0044904789506983,1.323
P3,1.0,12,-125.94900770098172,753.8297700076032,44.89879996275412,115.29294688457959,0.9909257190820988,1.0028466902297393,1.323
P3,1.0,13,-127.16918691330758,793.5466892145287,27.28039865952497,66.274839653433,0.9907472530035437,0.9997665793752472,1.323
P3,1.0,14,-125.2981291225251,828.0838027131191,14.479378284617638,32.91524826455257,0.9899149162506201,0.996648501569922,1.323
P3,1.0,15,-120.54210049347184,855.3988719426633,6.381188039146271,12.460667530120636,0.9902013807795358,0.9955491432223358,1.323
P3,1.0,16,-114.00753377774593,874.3314591227984,1.917912057485505,1.6763054692064498,0.9920152496241679,0.9964331646764458,1.323
P3,1.0,17,-106.23024636659468,884.570690830902,0.0,0.0,0.9948004187187018,0.9976783394625254,1.323
P3,1.0,18,-98.09855494515747,886.5814821316426,0.0,0.0,0.9980078805822293,0.9988308886240016,1.323
P3,1.0,19,-90.0981952269533,881.3990134432566,0.0,0.0,1.0004154759041601,0.9986881213610441,1.323
P3,1.0,20,-82.23877225331948,870.4980519387994,0.0,0.0,1.001904560065942,0.9991926305481835,1.323
P3,1.0,21,-74.5682977893321,855.2865948741589,0.0,0.0,1.0031493039383756,0.9998075676175139,1.323
P3,1.0,22,-66.86733711521445,837.3324555414612,0.0,0.0,1.003421145349234,1.000518805371421,1.323
P3,1.0,23,-59.27516740865424,818.1463121587691,0.0,0.0,1.0038836605219736,1.000840886111011,1.323
P3,1.0,24,-51.911669581718144,798.9977069964949,0.0,0.0,1.0045093898771313,0.9997020167268654,1.323
P3,1.0,25,-44.936919826162764,781.0285900929854,0.0,0.0,1.0052112921606124,0.9988768856521995,1.323
P3,1.0,26,-38.4673650090219,765.0559700805265,0.0,0.0,1.0056922026002915,0.9988804556588583,1.323
P3,1.0,27,-32.39908955353446,751.9787308903149,0.0,0.0,1.0053776059962871,0.9992877464916868,1.323
P3,1.0,28,-26.68925489640942,742.3732583892654,0.0,0.0,1.0049373526086973,0.9996473762604907,1.323
P3,1.0,29,-21.102986637810655,736.4928627635524,0.0,0.0,1.0049307897518998,0.9995103655323362,1.323
P3,1.0,30,-15.543379483470623,734.526343962708,0.0,0.0,1.0045438867049967,0.999499227379964,1.323
P3,1.0,31,-9.925104033379748,736.3451599765596,0.0,0.0,1.0037355172375182,0.9992038724560167,1.323
P3,1.0,32,-4.20550135206793,741.3132940990089,0.0,0.0,1.0028486802533836,0.9985485433743078,1.323
P3,1.0,33,1.611172782266665,748.6533498034589,0.0,0.0,1.002286917687079,0.9992790420103281,1.323
P3,1.0,34,7.530587375070204,757.588228683357,0.0,0.0,1.0020475609305328,1.0003743908293614,1.323
P3,1.0,35,13.50301256851478,767.3073951351031,0.0,0.0,1.0017175332961865,1.000323153181007,1.323
P3,1.0,36,19.597974004769853,777.4027581568054,0.0,0.0,1.0019325858439931,0.9990254546810646,1.323
P3,1.0,37,25.851949524010713,787.4986693867818,0.0,0.0,1.002097603471922,0.9987339811777398,1.323
P3,1.0,38,32.31808885825113,797.4913441831588,0.0,0.0,1.0018636313587257,0.9997015949381075,1.323
P3,1.0,39,39.01445038799419,807.3416340851663,0.0,0.0,1.0015542336868732,1.0003721781999495,1.323
P3,1.0,40,45.896119491366896,817.033114427213,0.0,0.0,1.0014979477265784,1.0004990626067032,1.323
P3,1.0,41,52.94867363990893,826.8074224736306,0.0,0.0,1.0019194626988952,1.0000374572576343,1.323
P3,1.0,42,60.12872427689488,837.0148917849739,0.0,0.0,1.0023662204034103,0.9992648942064273,1.323
P3,1.0,43,67.43208170100878,848.019339656204,0.0,0.0,1.002197284209763,0.9989638452714196,1.323
P3,1.0,44,74.87904740517527,859.8207545027777,0.0,0.0,1.001836221039351,0.9993790541133821,1.323
P3,1.0,45,82.46614470924017,872.1069297589262,0.0,0.0,1.001820616593628,0.9999750287218727,1.323
P3,1.0,46,90.31785103795953,883.7842716482229,0.0,0.0,1.0021933958111167,0.9998935757534784,1.323
P3,1.0,47,98.56746444258762,893.1970897199852,0.0,0.0,1.0027109499981484,0.9993966629576393,1.323
P3,1.0,48,107.3513627797016,898.4185447550826,4.523774882039355,7.13000658350653,1.0027301094121177,0.9989659176117923,1.323
P3,1.0,49,116.70289207325784,897.4748649258689,7.679129780541377,27.046271956480943,1.002289568957716,0.9988817287498735,1.323
P3,1.0,50,126.33189242557309,888.6120814150918,9.518685672058577,62.723876210802054,1.00226268518692,0.9991788127170694,1.323
P3,1.0,51,135.73945778434842,870.2356105330077,7.014346094788381,115.71392840665885,1.0025072072081855,0.9999052579980388,1.323
P3,1.0,52,144.12972748582004,841.0817267944374,-2.397352103379998,183.42432437119027,1.003535101040972,1.0001535971434734,1.323
P3,1.0,53,150.6651556575664,800.1269721984137,-18.51895098876732,260.10886290833855,1.0049375453795264,0.9987850796469228,1.323
P3,1.0,54,154.5757899615764,746.8401197875636,-37.975461391128384,338.74821259419747,1.0062887799287796,0.9963116212148914,1.323
P3,1.0,55,155.04411406033526,681.2594696928649,-56.75786040680393,413.1788771099701,1.0071222059517413,0.9927635549467292,1.323
P3,1.0,56,151.31229942262217,604.2940716156102,-72.46320850753922,479.09684809069006,1.0072232032415311,0.9866139703335322,1.323
P3,1.0,57,142.5743147032748,517.9520806585119,-84.7134492507077,535.159174818446,1.0069253836938934,0.9804585320151994,1.323
P3,1.0,58,128.3299489920045,425.7249571611811,-94.1937137781345,583.2285525501292,1.0067508910344236,0.9779187939365395,1.323
P3,1.0,59,108.90834090666007,332.8123004907099,-101.73914679276861,626.3996519261196,1.0065171683759933,0.9803359399712326,1.323
P3,1.0,60,85.78996842914187,245.3107908961385,-107.79873875801847,667.3763480975773,1.0056837692477236,0.9862093521282127,1.323
P3,1.0,61,61.80258340033106,168.90233714827292,-112.18881606337169,707.8969715878974,1.003902436328072,0.9909525923309428,1.323
P3,1.0,62,40.132307765053724,107.39876192789461,-114.7073596577752,748.3736096560955,1.0020071801378887,0.9937948428969502,1.323
P3,1.0,63,23.15892536289221,62.02389053560488,-114.94169953811657,787.5541823752279,0.999161757007865,0.9943408872117275,1.323
P3,1.0,64,11.62118126166772,31.517448910536412,-112.68706110341465,822.8700883959283,0.9965392959359829,0.9929843219560193,1.323
P3,1.0,65,4.828667160094154,13.061362834356451,-108.22228612717662,851.1483225922616,0.9948993887289603,0.99232455540664,1.323
P3,1.0,66,1.4285365125426779,3.3392665855158308,-101.94080627970054,870.0457653342637,0.9950110174218946,0.9932720785669328,1.323
P3,1.0,67,0.0,0.0,-94.56090855841555,878.8963482246153,0.9966236016900544,0.9945273020999078,1.323
P3,1.0,68,0.0,0.0,-86.51403629603685,878.2907075747024,0.9982428251940454,0.9968228217854916,1.323
P3,1.0,69,0.0,0.0,-78.11668913550648,869.9404817835172,0.999457886213788,0.9992375216921061,1.323
P3,1.0,70,0.0,0.0,-69.58381094033952,856.0828821942654,1.0004351775242153,1.0017220015273391,1.323
P3,1.0,71,0.0,0.0,-61.005575545927776,838.968415587387,1.0003505675538722,1.0024727615109368,1.323
P3,1.0,72,0.0,0.0,-52.75317377312543,820.684643228373,0.9998742281902712,1.0029870516624584,1.323
P3,1.0,73,0.0,0.0,-44.97753261971189,802.947381374528,0.9995125336368106,1.0047524181935226,1.323
P3,1.0,74,0.0,0.0,-37.93075083768709,787.0143891600986,0.9994090035791591,1.005742633911683,1.323
P3,1.0,75,0.0,0.0,-31.714429359188237,773.740550907683,0.9992583025097863,1.0061057890016207,1.323
P3,1.0,76,0.0,0.0,-26.114238749057133,763.5668066713881,0.9992610577846393,1.005704569761558,1.323
P3,1.0,77,0.0,0.0,-20.976466916524082,756.5635092918459,0.9999038217404607,1.0050951891575552,1.323
P3,1.0,78,0.0,0.0,-15.947172280519398,752.7410792631188,0.9998153304979427,1.004638289793965,1.323
P3,1.0,79,0.0,0.0,-10.888803550531911,751.9025803904085,0.9992073117394143,1.0034698019985937,1.323
P3,1.0,80,0.0,0.0,-5.701407069667663,753.6869130886399,0.998868716154822,1.0034270450655753,1.323
P3,1.0,81,0.0,0.0,-0.2736972924493895,757.7947385389546,0.9989232413092942,1.0035999742402149,1.323
P3,1.0,82,0.0,0.0,5.321744234607793,763.7923639315303,0.9994651834955518,1.003100393835935,1.323
P3,1.0,83,0.0,0.0,11.083415309094605,771.1933342250425,0.9995566748886486,1.0019569357682365,1.323
P3,1.0,84,0.0,0.0,16.83191666698041,779.5813248999827,0.9995599110404717,1.0011823022178583,1.323
P3,1.0,85,0.0,0.0,22.46073259555294,788.5390961889626,0.9996824544501122,1.0017294294934307,1.323
P3,1.0,86,0.0,0.0,27.955547666573935,797.7296687897225,0.9992707441244222,1.001839084133492,1.323
P3,1.0,87,0.0,0.0,33.32794056463167,806.9294323031922,0.9994018328042603,1.00168575898867,1.323
P3,1.0,88,0.015329758585135907,0.006458403305016513,38.73634658547497,816.130643051304,0.9995279796356764,1.0016826535110788,1.323
P3,1.0,89,0.024909014276881334,0.055410280078260536,44.293290551972454,825.6180104985644,0.999770558506463,1.000935950583937,1.323
P3,1.0,90,0.03391940724568292,0.1447629023713898,50.11779656664136,835.9066051048225,0.9998575215916863,1.0006585923008957,1.323
P3,1.0,91,0.020309888809971054,0.25500184893528954,56.311538510496746,847.4855663555459,0.9994914040004043,1.0007094681669655,1.323
P3,1.0,92,-0.053194665097671165,0.2938247120570817,62.94033008463821,860.5745513864413,0.9991466159253656,1.0015054065458293,1.323
P3,1.0,93,-0.22936298957507567,0.04858335161652671,70.11214983096207,874.951417665338,0.9989940598644991,1.0019217746552551,1.323
P3,1.0,94,0.0,0.0,77.8464990860575,889.7717567355327,0.9994443166724725,1.0012180473306258,1.323
P3,1.0,95,0.0,0.0,86.14547425732064,903.6983063616885,0.9999067239122433,1.00128193089814,1.323
P3,1.0,96,0.0,0.0,95.02875584509644,915.1088912722959,0.9996352195412425,1.0012342914429613,1.323
P3,1.0,97,0.0,0.0,104.45558526982786,922.2507394171001,0.9993640147281693,1.001550596289843,1.323
P3,1.0,98,0.0,0.0,114.37665772759166,923.3803418288882,0.9993325092896373,1.0022994231445046,1.323
P3,1.0,99,9.83529644411431,10.8645765718671,124.68479150920776,916.9511387602549,0.9996586463525798,1.0029830267490902,1.323
P3,1.2,0,12.53944059684027,11.033159952431303,149.9069983430997,971.7941865147852,1.1997699007406026,1.2038854876866651,1.236
P3,1.2,1,21.729356769188296,46.90728615814031,162.3166388883267,956.2108554244652,1.1992004174709812,1.2036643017917976,1.236
P3,1.2,2,26.36834388916537,105.62414990859044,174.20093003143901,927.7740151897161,1.1991343347408756,1.2042119517327432,1.236
P3,1.2,3,15.88391614063275,179.6184709072672,184.2754012378675,885.1368869015341,1.1988282171863067,1.205423363347493,1.236
P3,1.2,4,-9.985901140306524,260.8626495262375,190.40509686896212,827.0047124638652,1.1991634759841183,1.206593005298933,1.236
P3,1.2,5,-40.620548737925304,346.61055768896574,192.78115499312003,754.0577495939616,1.202187723885654,1.20788389330504,1.236
P3,1.2,6,-70.02885122121138,432.17946595340226,189.62710919741357,667.2941479022304,1.2008007360140176,1.2090154420606372,1.236
P3,1.2,7,-96.46118062899588,511.1304477544331,179.1538415683866,567.8964487324236,1.186669347473203,1.2092696220153032,1.236
P3,1.2,8,-118.15324540988398,580.983051379516,161.1771068164337,460.43075610859086,1.1696530662023419,1.2090569968809761,1.236
P3,1.2,9,-136.80898323251367,642.8706583502417,135.5098258375227,352.1843044748757,1.1635411856676958,1.2080319534221167,1.236
P3,1.2,10,-152.39571499726776,697.7822540924908,104.69712525269922,251.25938045685913,1.1697998479856853,1.2066216082253574,1.236
P3,1.2,11,-163.1645766387355,747.446478384752,73.85807629519525,165.54134982942998,1.180394574169848,1.2049266369010092,1.236
P3,1.2,12,-169.3348048351541,793.1269503467628,47.142278587537994,99.35926901367267,1.1876065755396545,1.2028973731087518,1.236
P3,1.2,13,-169.6767583782406,833.7146025653738,27.19146116452976,52.330691266298565,1.1890388484089465,1.1993913798932347,1.236
P3,1.2,14,-164.55309965796843,867.7185925311683,13.577542984130687,22.14071056058223,1.187239218079127,1.1938582521077574,1.236
P3,1.2,15,-155.36453079294407,893.830167597763,5.028513607012774,5.8602346069222815,1.1868249205214245,1.1906291462877334,1.236
P3,1.2,16,-143.056163848067,910.3126217975458,0.0,0.0,1.1894997342810705,1.191558904023092,1.236
P3,1.2,17,-129.4935108714879,916.1968918203139,0.0,0.0,1.1944525856276826,1.195369938216036,1.236
P3,1.2,18,-116.02508137862868,911.7912915052121,0.0,0.0,1.199816579497166,1.1985085792156798,1.236
P3,1.2,19,-103.12544723813106,897.9270071831788,0.0,0.0,1.2039641095460178,1.1997427542650716,1.236
P3,1.2,20,-91.51274261962301,876.209391078308,0.5996298001371716,0.6640751631211835,1.2057212477668466,1.1993786430190736,1.236
P3,1.2,21,-80.78832192827892,849.5528120535378,1.1761559848003151,1.080727521074796,1.2062504109392411,1.1986078006265277,1.236
P3,1.2,22,-70.56280947126474,820.7298159448862,1.4827967861601297,1.1202607884041786,1.2061619585503038,1.1989671690466943,1.236
P3,1.2,23,-60.827013882852604,791.7971494530665,1.662119327117998,0.9000279418409763,1.2064673377406354,1.199566079920811,1.236
P3,1.2,24,-51.264520381257455,764.7791874467713,1.863656177913119,0.6028122772833595,1.206763054507918,1.19971638505815,1.236
P3,1.2,25,-42.084640151456696,740.9931362133533,1.8748416506217902,0.2817971901438676,1.2070663317112253,1.1997719591913634,1.236
P3,1.2,26,-33.511800811182816,720.8613022781208,0.0,0.0,1.2073725166069027,1.1997492264794063,1.236
P3,1.2,27,-25.7117534777015,704.7246873211039,0.0,0.0,1.2074979934468808,1.199601535433608,1.236
P3,1.2,28,-18.766271432231843,692.7117613899461,0.0,0.0,1.2076221068612238,1.1996558421724741,1.236
P3,1.2,29,-12.427871813504133,684.7854519428695,0.0,0.0,1.2068991658274555,1.1999268174707753,1.236
P3,1.2,30,-6.569666425330806,680.8965799440523,0.0,0.0,1.2056953307002425,1.199359286248502,1.236
P3,1.2,31,-0.885589353542775,680.7913313054504,0.0,0.0,1.204405350317167,1.199113845949293,1.236
P3,1.2,32,4.9303128683722095,684.1221205370559,0.0,0.0,1.2034659615930496,1.1993694090239368,1.236
P3,1.2,33,10.901507014707787,690.4135941006485,0.0,0.0,1.203076572633584,1.19940889979271,1.236
P3,1.2,34,17.09085500569631,699.0941764081748,0.0,0.0,1.2023114055648652,1.1990273570181158,1.236
P3,1.2,35,23.578351476465617,709.9093385199427,0.0,0.0,1.201891931695489,1.1990132126117594,1.236
P3,1.2,36,30.331683629435453,722.7206187310018,0.0,0.0,1.2020004541544296,1.1990683610653292,1.236
P3,1.2,37,37.32478294798323,737.2763805044707,0.0,0.0,1.2018913603659498,1.1989151321687985,1.236
P3,1.2,38,44.46008536784192,753.5307905059958,0.0,0.0,1.2017172646713685,1.1993589795928599,1.236
P3,1.2,39,51.61588565062174,771.3814257426799,0.0,0.0,1.2012907419529,1.1997832846435081,1.236
P3,1.2,40,58.65645380383396,790.3214006739205,0.5220763743867464,0.004589566262072059,1.2010674449374326,1.1996010495846103,1.236
P3,1.2,41,65.49127116677568,809.8411274001672,0.45343226350384724,0.21296415629022064,1.2011859520498092,1.1995364558309012,1.236
P3,1.2,42,72.1954790916772,829.4632979711184,0.3754360965971664,0.3394882542613589,1.201251780264455,1.2000000087512197,1.236
P3,1.2,43,78.88910148308845,848.6989628001913,0.2250203180819817,0.21930436665349096,1.2012147294338862,1.1997655161558827,1.236
P3,1.2,44,85.77142247665643,867.3824717981295,0.0,0.0,1.2007643757442885,1.1994332143483815,1.236
P3,1.2,45,93.11952055299757,885.5641272954646,0.0,0.0,1.2006012799514554,1.1991394178895782,1.236
P3,1.2,46,101.28149451609248,902.9556900129609,0.0,0.0,1.2007847260879638,1.1989149488938406,1.236
P3,1.2,47,110.54780355920491,918.5351238669374,0.0,0.0,1.2010033027032203,1.1989585803740388,1.236
P3,1.2,48,121.00044911216376,930.4671535094493,0.0,0.0,1.2013275661227014,1.1994313332690274,1.236
P3,1.2,49,132.61492882603778,936.4059349321191,5.83020529085517,0.6871301897528104,1.2017152645073073,1.1995851074246044,1.236
P3,1.2,50,145.08335570010078,934.0296191497602,10.677173600006402,22.11397220616039,1.2026713352222145,1.1992379795157788,1.236
P3,1.2,51,157.87506964936415,921.4352722718487,14.354413419174671,64.27622728724073,1.2036555097937616,1.199349032766215,1.236
P3,1.2,52,170.29069833529562,897.099754760212,11.675163537161502,128.51648669530772,1.2045456430923134,1.1993489661973136,1.236
P3,1.2,53,181.2812035188022,859.5460872268388,-2.267980681464265,209.21129977223134,1.2057876727140242,1.1989231847565018,1.236
P3,1.2,54,189.8045390646756,807.3567832611252,-26.165258266528127,297.89945675058937,1.207216092137311,1.1993492757966593,1.236
P3,1.2,55,194.92768241819036,739.6778495290057,-53.55119226658335,387.08494634700776,1.2086659173331253,1.199071839837416,1.236
P3,1.2,56,194.8311329291561,656.7140079192417,-79.40838630274638,470.37324148691357,1.2094374875513594,1.194546971834748,1.236
P3,1.2,57,187.41583825144457,560.4263451711265,-101.74968863295346,543.5518349343024,1.209547869788176,1.1844600725323484,1.236
P3,1.2,58,170.8125221564335,455.3745987613752,-120.7172854295013,606.4898224127496,1.209361457785828,1.1722525564330775,1.236
P3,1.2,59,144.5477932490745,348.50984043645855,-137.32258334050184,661.5909363579957,1.2091616432165784,1.1671017381612765,1.236
P3,1.2,60,111.51620676019711,248.22691978788197,-151.06310592417603,711.3753870660586,1.2084734460652282,1.1720859333644016,1.236
P3,1.2,61,77.14146931327976,162.56826809201485,-160.69781621665362,758.0565749012877,1.2069305440104996,1.1812281721348887,1.236
P3,1.2,62,47.09047706067046,96.27750893888552,-165.59339481227238,802.714520676056,1.2038180832834142,1.1882642711789673,1.236
P3,1.2,63,25.01363080914091,49.59835946239936,-165.21915703855623,844.1894987160834,1.1979048074591963,1.190120035448423,1.236
P3,1.2,64,11.186072227576144,20.1367436862472,-159.74436684678668,879.8922367461753,1.1915834430265455,1.1886770121392722,1.236
P3,1.2,65,3.8377926701796077,4.247535536856627,-150.07360373963274,907.1254948654371,1.1872911714894507,1.187312836806899,1.236
P3,1.2,66,0.0,0.0,-137.4753029941403,923.9298633158751,1.1882293127981889,1.1895388012806638,1.236
P3,1.2,67,0.0,0.0,-123.59306858830966,929.4812677935522,1.1934520409180847,1.1934616317095763,1.236
P3,1.2,68,0.0,0.0,-109.64213571772287,923.821376488598,1.1995106889117608,1.1975808536425467,1.236
P3,1.2,69,0.0,0.0,-96.43702259544776,907.7704836774278,1.2022322644535905,1.201819009242219,1.236
P3,1.2,70,0.0,0.0,-84.28066972733988,883.243030140968,1.2018474782119721,1.2054101785196962,1.236
P3,1.2,71,0.0,0.0,-72.9808637391908,852.9265383142083,1.1999186043280123,1.2067849227428578,1.236
P3,1.2,72,0.0,0.0,-62.40698064143322,819.9660343837274,1.1983392009654579,1.2077275724517171,1.236
P3,1.2,73,0.0,0.0,-52.370238109684166,787.5365334704273,1.1980405567610024,1.2083214034105458,1.236
P3,1.2,74,0.0,0.0,-42.793018334292064,757.9937290156225,1.1989700598051987,1.2078965129741972,1.236
P3,1.2,75,0.0,0.0,-33.91091400647412,732.7976071637347,1.1995304664519202,1.2078356793541805,1.236
P3,1.2,76,0.0,0.0,-25.797153978711876,712.8379707169586,1.1995145807213445,1.2081884547130126,1.236
P3,1.2,77,0.0,0.0,-18.525502432483215,698.3074098116995,1.1994014989586657,1.208286140821976,1.236
P3,1.2,78,0.0,0.0,-12.161892766687682,688.845745440553,1.1995777481301149,1.2076837106695602,1.236
P3,1.2,79,0.0,0.0,-6.524039517712567,683.8680942656345,1.1996172548618649,1.2066047729396323,1.236
P3,1.2,80,0.0,0.0,-1.3771991097256444,682.5816577081785,1.1994980035001679,1.2053320019128289,1.236
P3,1.2,81,0.0,0.0,3.5675598440422815,684.2282233771277,1.1993208397734079,1.2040324914063418,1.236
P3,1.2,82,0.0,0.0,8.63978485586392,688.4646437683978,1.1991844894691177,1.2033526656415794,1.236
P3,1.2,83,0.0,0.0,13.971295194615198,695.3121503327029,1.1993668727126237,1.202668614819783,1.236
P3,1.2,84,0.0,0.0,19.62950452744568,705.0038891355988,1.1996447661164815,1.20203116040559,1.236
P3,1.2,85,0.0,0.0,25.51846282677291,717.8149138216859,1.1997406333136362,1.2016624476057427,1.236
P3,1.2,86,0.0,0.0,31.399374032953034,733.7056523651535,1.1992411136672971,1.2017578846884116,1.236
P3,1.2,87,0.0,0.0,37.1567308592487,752.2914855060905,1.1989338406369645,1.2017961818021816,1.236
P3,1.2,88,0.0,0.0,42.89786350701779,773.1515230415762,1.1992419467394109,1.2015383019384602,1.236
P3,1.2,89,0.0,0.0,48.93732393428236,795.7944666020356,1.1995044152596006,1.2013254305040957,1.236
P3,1.2,90,0.35526705349326326,0.1472099875111694,55.68526279885176,819.5417107900338,1.1995287575421587,1.2009928413842705,1.236
P3,1.2,91,0.2615053667383332,0.27900707750628473,63.48885376510466,843.7775017363161,1.1992654215838365,1.200414904270644,1.236
P3,1.2,92,0.0777755146237994,0.24744279099124783,72.43441691008127,868.1181228544467,1.1991266340115698,1.2000249547468653,1.236
P3,1.2,93,0.0,0.0,82.31857503349077,892.2527241232542,1.1992979977009968,1.1995760154359925,1.236
P3,1.2,94,0.0,0.0,92.73966184715343,915.7559530655151,1.1994656605888656,1.1993358122710296,1.236
P3,1.2,95,0.0,0.0,103.4064170372796,937.7549052424474,1.1993749577654016,1.2004336962299935,1.236
P3,1.2,96,0.0,0.0,114.31773010179343,956.6473877945718,1.1992727333795579,1.2021739539774776,1.236
P3,1.2,97,0.0,0.0,125.63509538583946,970.2873384391856,1.1995799476838869,1.203243940739503,1.236
P3,1.2,98,0.0,0.0,137.51091953025764,976.3017537770753,1.2000152774935087,1.203931163863703,1.236
P3,1.2,99,12.527377541874712,11.035403858299741,149.86743095138362,972.4129859883194,1.1999339057252154,1.2039822628962407,1.236
P3,1.4,0,10.495627924266543,11.121798221615123,178.8539629446764,985.4595803402951,1.3998073972377256,1.4051727842072685,1.125
P3,1.4,1,15.984602410277217,50.131673269400466,191.81967245772321,960.1462077158903,1.3994483883281617,1.405764920132564,1.125
P3,1.4,2,17.700192569048465,114.8521485094968,203.25524697572385,919.4401225667326,1.3994996584734385,1.406416564139355,1.125
P3,1.4,3,8.04364557852429,200.23167015761098,211.8842876348402,862.0751543326451,1.3995851720378694,1.4072346083767415,1.125
P3,1.4,4,-16.770299673287948,296.3540218880565,215.03039161274023,787.0298606895343,1.3992153595772194,1.4081771201076687,1.125
P3,1.4,5,-49.703205592896865,396.81671409917857,211.1036382827127,695.3008121741565,1.399321904121545,1.409160893057739,1.125
P3,1.4,6,-82.13641135197298,495.7755483142049,199.51797573802546,590.6325685208678,1.400704858007155,1.410463652204502,1.125
P3,1.4,7,-111.1940716793059,586.4726792289096,178.59215041144202,478.08540603504423,1.3964231866893082,1.4114637010657265,1.125
P3,1.4,8,-135.44331583256508,665.4003941148536,149.28714117697174,364.8954926533869,1.3811267657119506,1.4116199831879992,1.125
P3,1.4,9,-153.6141817247553,733.6469156286535,116.03163033132428,260.3150489990348,1.3639336408686749,1.4107786238237245,1.125
P3,1.4,10,-167.24271405978394,793.6445091651879,83.1984703837651,171.55127111232218,1.3565675447471022,1.408561851374462,1.125
P3,1.4,11,-176.57253581109447,846.0618385695489,54.85813512445081,101.75850502887575,1.3627870484339102,1.4050769291936716,1.125
P3,1.4,12,-180.31448470643318,890.4138511681878,33.20775317773837,51.441401112813914,1.3750420649087212,1.4001273064562574,1.125
P3,1.4,13,-179.15360689172107,925.7992542927806,17.683477999600683,19.059563091348622,1.3863200184461704,1.393643300332464,1.125
P3,1.4,14,-173.03687392657338,951.57130158699,8.020005865451356,1.3809611334271332,1.3915171907784225,1.3888058484684251,1.125
P3,1.4,15,-162.1957079490204,968.0470643030542,0.0,0.0,1.3914477950028896,1.3881459101676115,1.125
P3,1.4,16,-148.34153204780768,975.2078528243244,0.0,0.0,1.389607966445273,1.3914519861205739,1.125
P3,1.4,17,-132.6029968427795,971.7790009553163,0.0,0.0,1.3902785885851912,1.396363781474429,1.125
P3,1.4,18,-116.0725231127338,957.1053769299916,0.0,0.0,1.3950214559405678,1.398915346411751,1.125
P3,1.4,19,-100.5639034137586,931.950009223532,0.0,0.0,1.4011069051006535,1.3992898700116805,1.125
P3,1.4,20,-86.46875701408572,898.0050489499085,0.0,0.0,1.4062951003105164,1.399566466442521,1.125
P3,1.4,21,-73.7799405731364,858.084433403901,0.0,0.0,1.4097584338191387,1.3997252541357896,1.125
P3,1.4,22,-62.93179604161823,815.877074972019,0.0,0.0,1.4112435735253068,1.3997128579806806,1.125
P3,1.4,23,-53.35349858825499,774.9220607533309,0.0,0.0,1.4114632573277464,1.3995788240237648,1.125
P3,1.4,24,-44.604107010727525,737.6766165898437,0.0,0.0,1.4113548537832392,1.3995497383189925,1.125
P3,1.4,25,-36.73353919327089,705.5879369951112,0.0,0.0,1.4111839129955284,1.3999212980143865,1.125
P3,1.4,26,-29.478303901048186,679.4998162430701,0.0,0.0,1.4107733721280442,1.4000342046006862,1.125
P3,1.4,27,-22.7604818097337,659.6517665087514,0.0,0.0,1.4098981229825243,1.399640403421,1.125
P3,1.4,28,-16.748475862876024,645.7050153383526,0.0,0.0,1.4090332180132532,1.3996023986831534,1.125
P3,1.4,29,-11.253945339249947,637.198904385355,0.0,0.0,1.4084780631481641,1.3997536420794436,1.125
P3,1.4,30,-6.221941190448247,633.488406945226,0.0,0.0,1.4075923162778854,1.399876750575486,1.125
P3,1.4,31,-1.5055023581377187,633.8406219096187,0.0,0.0,1.4062298628072123,1.4002034284499296,1.125
P3,1.4,32,3.3005089016857094,637.8124746006158,0.0,0.0,1.4051179200645547,1.4000278235471928,1.125
P3,1.4,33,8.218828268666112,645.0676787477039,0.0,0.0,1.4042115532475652,1.399612454198363,1.125
P3,1.4,34,13.443183149215123,655.2261385074372,0.0,0.0,1.4035293006053284,1.3995276970223696,1.125
P3,1.4,35,19.189424643236617,668.3311747658933,0.0,0.0,1.4027438321408596,1.399563492261048,1.125
P3,1.4,36,25.364952392437228,684.7252799925278,0.0,0.0,1.4018903678948416,1.39960444176142,1.125
P3,1.4,37,32.00241038089111,704.2404376650819,1.6804190774038628,0.19860562494712203,1.4014674088765928,1.3997276750973981,1.125
P3,1.4,38,39.203872725873254,726.2665094682973,1.452904914094,1.053564113824141,1.401274561565044,1.3996520958896694,1.125
P3,1.4,39,46.87697954299416,750.4016826728565,1.1540778529321558,1.7221912769457228,1.401143403497301,1.3996878961297314,1.125
P3,1.4,40,55.253996327794695,776.3149274577809,0.8696263500952913,2.080089335610652,1.4011853309576696,1.399700838789594,1.125
P3,1.4,41,64.43494803825203,803.3523196146552,0.6210810404186762,2.2426653359955293,1.4012984258333254,1.3997555694888855,1.125
P3,1.4,42,74.42313554227938,830.8291333676865,0.36993702915446797,2.2315662165872285,1.4010425210650628,1.3997863332675582,1.125
P3,1.4,43,85.35646591122355,857.8702570277798,0.16807837067392245,1.8397732175836192,1.4010123844538571,1.3995563182619057,1.125
P3,1.4,44,97.16120645140121,883.4198854574335,0.07429316511663443,0.7362966890473415,1.401562929640097,1.399643469527657,1.125
P3,1.4,45,109.67491536894124,906.6025673863239,0.0,0.0,1.401796021976638,1.3998054991427162,1.125
P3,1.4,46,122.90177865234567,926.4849115915774,0.0,0.0,1.4019331140573907,1.3998436620438615,1.125
P3,1.4,47,136.69899998936148,941.6889281438113,0.0,0.0,1.4024179520684852,1.4001860690672039,1.125
P3,1.4,48,150.89832388707987,950.6122962346901,0.0,0.0,1.4034348622933575,1.4002334215678773,1.125
P3,1.4,49,165.4648078602411,951.4985342778984,0.0,0.0,1.4045835570413396,1.3999157072239932,1.125
P3,1.4,50,180.16057644455105,942.2723981155243,7.189184203755085,24.633094106386878,1.4054645070293479,1.3997061384625569,1.125
P3,1.4,51,194.44126866200563,920.8223969212642,7.057415448717872,73.6643970678204,1.4062078320836318,1.399660952093429,1.125
P3,1.4,52,207.4370369539936,885.2546094348877,1.03110607158079,150.2199603247238,1.4070058217964683,1.399664457159759,1.125
P3,1.4,53,217.50212163719132,833.7028290429923,-15.323375608869851,248.86588355816028,1.4076798883944075,1.399509769797418,1.125
P3,1.4,54,222.3891339775281,764.5544251963042,-42.44630747713896,358.0806196379571,1.4085089646237203,1.3988689677337784,1.125
P3,1.4,55,220.11338869629688,677.74207421853,-74.42219790299548,466.2530314449251,1.4093594369431148,1.3979748061603183,1.125
P3,1.4,56,208.5806336912907,575.8586936712634,-104.49394178438439,564.155008079632,1.4104792980878158,1.3955789848901092,1.125
P3,1.4,57,186.19228605493413,464.47566226252684,-129.62812372231997,646.4025520376259,1.4114737235350614,1.388488958197202,1.125
P3,1.4,58,154.05529830187794,352.0537230663842,-149.28872654267937,713.40867009903,1.4114159924482823,1.3757298440326626,1.125
P3,1.4,59,116.39517598038117,248.2190651744192,-164.17745196443917,769.4220772835915,1.4105668817002122,1.3626169212425452,1.125
P3,1.4,60,79.23499479504432,160.59659018108053,-175.2239295684314,818.4870333621259,1.4088889455557982,1.3578201963095873,1.125
P3,1.4,61,48.2584533885134,93.08097972216781,-182.11818772933577,862.744547936928,1.4052469223084945,1.3647214494479365,1.125
P3,1.4,62,26.044445563009372,46.11089364579281,-184.24982861896876,902.4404877429657,1.399249101694077,1.3779058023712227,1.125
P3,1.4,63,12.051715073511383,17.246653959379326,-181.71743778368025,936.0575537109742,1.39150346307973,1.3898860493070375,1.125
P3,1.4,64,4.5483208144214355,2.101588312460022,-174.53227571973068,961.6258542037899,1.3852675243188466,1.39503208058828,1.125
P3,1.4,65,0.0,0.0,-163.17909240619863,977.9933546569453,1.3841855549071844,1.3934805664065297,1.125
P3,1.4,66,0.0,0.0,-149.01154102001473,984.1433951511225,1.3887583413128766,1.3905868493667706,1.125
P3,1.4,67,0.0,0.0,-133.29679650041462,978.7775924924213,1.3956443776663063,1.390346327697931,1.125
P3,1.4,68,0.0,0.0,-117.19885853762901,961.8254916228914,1.4007317732672377,1.3941192508026963,1.125
P3,1.4,69,0.0,0.0,-101.7996558436435,934.7066791845565,1.4024103934755996,1.4002137808496788,1.125
P3,1.4,70,0.0,0.0,-87.5299731824126,899.2471508530308,1.401346611226268,1.4058601765738805,1.125
P3,1.4,71,2.828106818092328,0.1845364071841356,-74.66604022527198,857.9672894024942,1.3998453620924025,1.4095993866255323,1.125
P3,1.4,72,2.6492785574097195,0.14689900342327716,-63.30349642074027,814.2681036604313,1.398834657048102,1.411235298286972,1.125
P3,1.4,73,0.0,0.0,-53.175839212813656,771.3088126814899,1.3987577197818417,1.4115814774617548,1.125
P3,1.4,74,0.0,0.0,-44.19968939136906,731.7603443139651,1.3994671893690638,1.4116823623142898,1.125
P3,1.4,75,0.0,0.0,-36.203785147571885,697.8487363333057,1.4003088015771121,1.4117905994479731,1.125
P3,1.4,76,0.0,0.0,-28.915088119080362,670.6416770530636,1.4006324339398049,1.4113054360720647,1.125
P3,1.4,77,0.0,0.0,-22.42690886176572,650.2014772961378,1.4001817428472454,1.4109581648413383,1.125
P3,1.4,78,0.0,0.0,-16.64976564003381,636.352423260575,1.3997834309958053,1.410412791987383,1.125
P3,1.4,79,0.0,0.0,-11.380646951765765,628.552435378805,1.3999144374325052,1.409031683154578,1.125
P3,1.4,80,0.0,0.0,-6.552714586309198,625.94825803765,1.3997701370340845,1.407736096279423,1.125
P3,1.4,81,0.0,0.0,-1.8723946348754412,627.9737415962135,1.3994932215089126,1.406542233537486,1.125
P3,1.4,82,0.0,0.0,2.9816953046947066,634.3337848586656,1.3995357318181485,1.4052691249675333,1.125
P3,1.4,83,0.0,0.0,8.217778246912424,644.7200706821286,1.3997483399525692,1.4042556045763372,1.125
P3,1.4,84,0.0,0.0,14.062875913015759,658.9614254216308,1.3996245316839149,1.40344968526258,1.125
P3,1.4,85,0.0,0.0,20.510939829733793,677.2231917835837,1.3993712515866046,1.4025118044632818,1.125
P3,1.4,86,0.0,0.0,27.483344391285367,699.6815858432179,1.399439323205833,1.4020013233683521,1.125
P3,1.4,87,0.0,0.0,34.94975656942616,726.1406824172171,1.3994948371392655,1.401640499058778,1.125
P3,1.4,88,0.0,0.0,42.91926277495589,756.0965122470494,1.399377346098054,1.4015135771919067,1.125
P3,1.4,89,0.0,0.0,51.53322358334399,788.6924107479873,1.3995050707329373,1.4014957032391016,1.125
P3,1.4,90,0.0,0.0,61.11203584108105,822.5857243133522,1.3996551410513496,1.401503826090081,1.125
P3,1.4,91,0.0,0.0,71.8801661582094,856.4432022384499,1.399763004112836,1.4011288199255965,1.125
P3,1.4,92,0.0,0.0,83.81671765127953,889.2967667823146,1.3998849077447295,1.4008564887190578,1.125
P3,1.4,93,0.0,0.0,96.71495723306094,920.1414554466619,1.399838947318994,1.400983049075699,1.125
P3,1.4,94,0.0,0.0,110.19392938608016,947.8475973618874,1.3995794219833535,1.4007525356736208,1.125
P3,1.4,95,0.0,0.0,123.90095132059922,971.2683120985307,1.3995437206525823,1.4002824260732187,1.125
P3,1.4,96,0.0,0.0,137.7235247140175,988.9068369100272,1.3996110538871385,1.401167891901199,1.125
P3,1.4,97,0.0,0.0,151.56566547374177,998.8591887742452,1.399639701738387,1.4030484477892458,1.125
P3,1.4,98,0.0,0.0,165.36670117930143,999.0625586167314,1.3999703995923434,1.4042511023298723,1.125
P3,1.4,99,10.597136623265621,11.140099171337699,178.97371696191072,987.375683438273,1.3999846351392613,1.4049564964969545,1.125
P3,1.6,0,12.620952785908507,11.460620992105412,222.97713545620104,987.1371426090976,1.599637243655411,1.6071391564937407,1.055
P3,1.6,1,15.216670159269484,59.15594562130848,234.76911817042708,943.5330958080725,1.5990666728290968,1.6081205589676093,1.055
P3,1.6,2,12.153146890371437,137.15633799742898,242.13015799411804,881.0642657551226,1.5986895194006352,1.609815341299424,1.055
P3,1.6,3,-3.1143850504125106,241.05750186338312,243.15049748996393,799.9216526082333,1.5993808901987445,1.610423488054517,1.055
P3,1.6,4,-34.00174773209585,359.7920065220735,235.02233107550893,701.3958900217378,1.6000774584332653,1.6109230459646804,1.055
P3,1.6,5,-73.68523356572199,483.51458242731877,216.1807174114649,589.4123318931772,1.5998213306914448,1.612108744032675,1.055
P3,1.6,6,-112.33877221022955,603.1997871624585,188.55394258359226,471.5153965004527,1.599971927202828,1.6127115337275493,1.055
P3,1.6,7,-145.70871826944415,709.5388084699506,154.41160358135537,356.1272788156274,1.5971834724169944,1.6122334631135125,1.055
P3,1.6,8,-172.32878989143842,797.5705851504259,117.4979686654484,250.65235302335373,1.5832151908649281,1.6102083268710008,1.055
P3,1.6,9,-190.08558594732958,868.2939107368918,83.40748911655092,161.60333075084137,1.5607741136886224,1.6050197130286339,1.055
P3,1.6,10,-199.68971257069435,925.4137635104811,55.022806643477864,93.04090250839413,1.5462141890851566,1.5974203046680622,1.055
P3,1.6,11,-203.28677992171464,971.0471901345387,32.27385055953548,44.84126146615666,1.5474206991287835,1.590514466547355,1.055
P3,1.6,12,-200.65802802091244,1005.4265428570778,16.25016936195795,14.398256113529552,1.5614387333159674,1.5869350583607047,1.055
P3,1.6,13,-192.374773142553,1028.8486599004552,0.0,0.0,1.578735425246678,1.5868009473078326,1.055
P3,1.6,14,-180.7725282517417,1041.3864200008875,0.0,0.0,1.5914217335656433,1.5899655368191667,1.055
P3,1.6,15,-166.03116703600784,1042.6547829560718,0.0,0.0,1.5973518859135882,1.5946876285150395,1.055
P3,1.6,16,-148.88865349619135,1032.7995809920608,0.0,0.0,1.5979351561807615,1.597772245508907,1.055
P3,1.6,17,-131.40514690044967,1012.2784223206205,0.0,0.0,1.597189227577976,1.5990612942300453,1.055
P3,1.6,18,-114.18029481095084,981.4728555176591,0.0,0.0,1.5984382795448129,1.5993477724677219,1.055
P3,1.6,19,-97.45769103899828,941.750615985685,0.0,0.0,1.6021489770846338,1.5989846304013788,1.055
P3,1.6,20,-82.67958764416625,895.5545465335442,0.0,0.0,1.606694475980799,1.5992595032304346,1.055
P3,1.6,21,-69.91467091579976,845.6716336875953,0.0,0.0,1.6105206145890145,1.6000938550873613,1.055
P3,1.6,22,-58.47286809858069,795.1835717099146,0.0,0.0,1.6137677243030355,1.599737642165661,1.055
P3,1.6,23,-48.9802151941085,747.1287604355708,0.0,0.0,1.6156608458928388,1.5991938752134816,1.055
P3,1.6,24,-41.20341577297772,703.8691462995516,0.0,0.0,1.6154177662447913,1.5999922205427093,1.055
P3,1.6,25,-34.22622926466648,666.7168593077315,0.0,0.0,1.6143670192431476,1.6003818015263174,1.055
P3,1.6,26,-28.220140989833393,636.3338450392849,0.0,0.0,1.6135739367319037,1.5995616277420535,1.055
P3,1.6,27,-23.118107642817552,613.2775421775407,0.0,0.0,1.612047535770478,1.5991812546333315,1.055
P3,1.6,28,-18.275178991438054,597.6189672006885,0.0,0.0,1.609993686823443,1.59926610739867,1.055
P3,1.6,29,-13.805200579097747,588.4881296862923,0.0,0.0,1.6088073498313136,1.5991171836520595,1.055
P3,1.6,30,-9.720107905505587,584.8966633029825,0.0,0.0,1.608055459872947,1.5993518446217623,1.055
P3,1.6,31,-5.44706711824861,586.4495641873956,0.0,0.0,1.6069656532877963,1.59971864366383,1.055
P3,1.6,32,-1.002850500050131,592.6907706108068,0.0,0.0,1.6058410457333039,1.5993564086917447,1.055
P3,1.6,33,3.6885619795471474,602.8831524563832,0.0,0.0,1.604598287206917,1.5993016446895596,1.055
P3,1.6,34,9.23313253717183,616.571619318405,0.0,0.0,1.6032927433203545,1.6000980807872653,1.055
P3,1.6,35,15.68877065590177,633.6859925867327,0.0,0.0,1.602668104673635,1.6002904365287334,1.055
P3,1.6,36,23.09268270922911,654.1721848730036,0.0,0.0,1.6021705963551165,1.5996115790374514,1.055
P3,1.6,37,31.849533605758406,677.9426617828883,0.0,0.0,1.6009813908189845,1.5996510161707154,1.055
P3,1.6,38,41.952269619397306,704.8367965356924,0.0,0.0,1.600006074491792,1.5998587179357193,1.055
P3,1.6,39,53.27504068611915,734.3153043535573,0.0,0.0,1.60029476673533,1.5995634823588485,1.055
P3,1.6,40,66.06108250792504,765.7319637779929,0.0,0.0,1.6008627846055177,1.5996039853483088,1.055
P3,1.6,41,80.10190717699753,798.7143652376985,0.0,0.0,1.6013400453826747,1.5995881686533637,1.055
P3,1.6,42,95.01565441807455,832.4861924650456,0.0,0.0,1.6021698817815293,1.599513599126782,1.055
P3,1.6,43,110.80144731685884,865.4416798237371,0.0,0.0,1.6027069953017206,1.600050601584196,1.055
P3,1.6,44,127.22604071440833,896.1109691685058,0.0,0.0,1.6027197241701503,1.6001381300986735,1.055
P3,1.6,45,143.9441581592108,923.4302298592961,0.0,0.0,1.6029807019695985,1.59900092403893,1.055
P3,1.6,46,161.00878045352513,945.7372918816138,0.0,0.0,1.6031458585299931,1.5985127061234716,1.055
P3,1.6,47,178.38656972843282,960.6755050139403,0.0,0.0,1.6034451870492634,1.5994272170277493,1.055
P3,1.6,48,195.85733995837887,965.8953725352567,0.0,0.0,1.605048728030191,1.5995181438269042,1.055
P3,1.6,49,213.19706439100818,959.1356304129843,0.0,0.0,1.6068852961660027,1.5986595970235122,1.055
P3,1.6,50,229.60050402792487,938.11589889542,7.683362070798367,26.776341459713937,1.6075045011013185,1.5987624430156053,1.055
P3,1.6,51,243.54971844423238,900.6798895843035,4.406109253655062,87.6836419224503,1.608067612410817,1.5993439312526623,1.055
P3,1.6,52,253.18780639712745,845.071788204471,-6.174639933336904,182.82963456775335,1.6091634789977793,1.5995782959331264,1.055
P3,1.6,53,255.88916249566842,770.460728270154,-28.583789561607627,306.2903813599065,1.6101908158375409,1.5995477941353207,1.055
P3,1.6,54,248.43201278414776,677.5908219351495,-63.74695438617902,443.1500390889329,1.6110432182168783,1.598295619213354,1.055
P3,1.6,55,229.1259150167765,569.6828354152302,-104.65139015481381,577.4136566519735,1.6119925488225872,1.5955186841407443,1.055
P3,1.6,56,198.60985881932345,453.24871817666553,-142.39716269630784,696.7348649777008,1.6127214109524561,1.5902902019961997,1.055
P3,1.6,57,159.37340367623392,337.3705920164127,-173.277935123979,793.9634630762986,1.6128693443909146,1.577227475993591,1.055
P3,1.6,58,117.08445291810955,231.84880127625382,-196.68976023086427,869.2120808744996,1.6122563652342996,1.556946672613648,1.055
P3,1.6,59,78.59275214344188,144.80728596681416,-212.09009673078063,928.0584126282864,1.6096727222335088,1.5434395428106698,1.055
P3,1.6,60,47.70597964426519,79.94817291466778,-220.26380504028577,975.9567575154607,1.6044554675505964,1.545727668144356,1.055
P3,1.6,61,25.35905382588265,35.82543755390859,-222.1827911142379,1015.0696101281343,1.596935005782824,1.561513009941028,1.055
P3,1.6,62,11.3150878224251,8.823687734118144,-217.5379794138316,1045.4446365374667,1.5881532402742113,1.5813547576481795,1.055
P3,1.6,63,0.0,0.0,-207.2449644870216,1066.4675423232252,1.5815497105717224,1.594288333999987,1.055
P3,1.6,64,0.0,0.0,-193.05854975760877,1076.6309604125822,1.5805225204624787,1.5980279693871262,1.055
P3,1.6,65,0.0,0.0,-175.67380350071542,1074.3195680881938,1.5859594996894506,1.597050838119718,1.055
P3,1.6,66,0.0,0.0,-156.29211963983275,1059.2226252971145,1.5935591246896088,1.5965396009048487,1.055
P3,1.6,67,0.0,0.0,-136.64173210686516,1032.0928966605297,1.599590281424834,1.5983667445646064,1.055
P3,1.6,68,0.0,0.0,-117.21120266646184,994.0140147640765,1.6023718130531235,1.602808689303094,1.055
P3,1.6,69,0.0,0.0,-98.7121226741239,946.9667347675694,1.6019233085769757,1.6088977535224505,1.055
P3,1.6,70,0.0,0.0,-82.27919975680688,893.8291132637155,1.6009273052356063,1.6140586361914069,1.055
P3,1.6,71,0.0,0.0,-67.82798042420555,837.4112367441004,1.6002155607285968,1.6163618772619113,1.055
P3,1.6,72,0.0,0.0,-55.21773909783901,780.700999963156,1.5993906087378615,1.6166241608394738,1.055
P3,1.6,73,0.0,0.0,-44.888533344020544,726.9983025479685,1.5986960647474902,1.6157876007718157,1.055
P3,1.6,74,0.0,0.0,-36.38875899079349,678.8635351798448,1.598994061677913,1.6150049618643623,1.055
P3,1.6,75,0.0,0.0,-29.169737609119466,637.8516001440331,1.599830277650984,1.615069189710767,1.055
P3,1.6,76,0.0,0.0,-23.44392552578921,605.348610920611,1.6003306214039583,1.6145808442986724,1.055
P3,1.6,77,0.0,0.0,-18.714118451211537,582.2841148731267,1.600468326281957,1.612993528236891,1.055
P3,1.6,78,0.0,0.0,-14.395931223496461,568.1201266441052,1.6000411694086787,1.611562496468197,1.055
P3,1.6,79,0.0,0.0,-10.774759859652956,561.455560612684,1.5994152964974502,1.6101187984195362,1.055
P3,1.6,80,0.0,0.0,-7.517284862607503,561.4203989929422,1.5992648209537683,1.608002873025455,1.055
P3,1.6,81,0.0,0.0,-3.8435190232202574,567.5491289782834,1.5991879557373603,1.6055355911257465,1.055
P3,1.6,82,0.0,0.0,0.3042681132398479,579.0140749626206,1.598602036827963,1.6038065772099226,1.055
P3,1.6,83,0.0,0.0,5.13287310092331,595.064765589022,1.5982011363644952,1.6027443374585917,1.055
P3,1.6,84,0.0,0.0,11.219596651661758,615.5283614114697,1.5984657447275394,1.6018237312373202,1.055
P3,1.6,85,0.0,0.0,18.58554150879433,640.3332641082852,1.5988273347503843,1.6008775801690385,1.055
P3,1.6,86,0.0,0.0,27.19651332211369,669.3295905408793,1.5991507647989933,1.60016534275935,1.055
P3,1.6,87,0.0,0.0,37.28113474253085,702.5331514881603,1.59927600217619,1.600191728466644,1.055
P3,1.6,88,0.0,0.0,48.58266435448901,739.6543012338992,1.5991943805801994,1.6010985020688673,1.055
P3,1.6,89,0.0,0.0,60.94963701360362,779.6980652858218,1.5993465281820483,1.6017555920059818,1.055
P3,1.6,90,0.0,0.0,74.6638196019716,821.4975840600706,1.5992995934319763,1.6014602622613292,1.055
P3,1.6,91,0.0,0.0,89.63367170432,863.9022065464643,1.598422762297493,1.601236875488726,1.055
P3,1.6,92,0.0,0.0,105.57661349442353,905.1888079136987,1.597914394031239,1.601739892139315,1.055
P3,1.6,93,0.0,0.0,122.4097930090349,943.1283824702523,1.59851660255225,1.6018721286124349,1.055
P3,1.6,94,0.0,0.0,139.83187847451313,975.7762247622431,1.599418990588397,1.601878398248588,1.055
P3,1.6,95,0.0,0.0,157.47685627313203,1001.4291013366759,1.6001503492334426,1.60251974937442,1.055
P3,1.6,96,0.0,0.0,175.14654383297113,1017.8919492815769,1.6004071055842228,1.6034946976731081,1.055
P3,1.6,97,0.0,0.0,192.36459437318112,1022.5695904922768,1.6001429966333152,1.6052405903247213,1.055
P3,1.6,98,0.0,0.0,208.5147895864475,1013.0876629991144,1.5997850009276346,1.6068559865124319,1.055
P3,1.6,99,12.652293198241317,11.478385354334455,223.05288309643703,987.4017633226578,1.5996732768659494,1.6071211476774794,1.055
P3,1.8,0,15.016799877061217,11.920331119816215,249.95823976653725,995.0249398428365,1.7994461236321135,1.8070425263598995,0.985
P3,1.8,1,15.96036301405162,66.37563131068777,261.9736712040885,947.7732219948545,1.7993853536043989,1.8084116353376074,0.985
P3,1.8,2,10.770551696190648,156.62170897804305,267.9992274349677,879.9064378315151,1.7994196515171534,1.8096367125619077,0.985
P3,1.8,3,-6.568401454713649,280.60109154002555,265.993329601523,792.6588373417421,1.7992507021833926,1.811680144829661,0.985
P3,1.8,4,-40.90868272247313,424.8604835631267,253.65989725073823,688.5795892649764,1.7987459195078666,1.8137905381507295,0.985
P3,1.8,5,-87.656032579699,571.7490687695156,229.38077273833366,572.1352805765315,1.798589528649755,1.814198882654721,0.985
P3,1.8,6,-135.05776207096847,707.2469946512044,195.5844551413622,450.92919586543877,1.799037107632917,1.8136744403546705,0.985
P3,1.8,7,-175.6107336851132,822.577084381044,156.60610777795804,334.3727931732867,1.7952514592691586,1.8131940174739918,0.985
P3,1.8,8,-207.88320940284933,914.4156606908813,116.36854523219462,230.30422429720372,1.7799967454155392,1.8115309215991091,0.985
P3,1.8,9,-230.5696889408696,984.8740646042492,79.81500868836103,144.04692455611686,1.7538909787169177,1.8072876869997774,0.985
P3,1.8,10,-242.32009277967157,1038.8176875556467,50.49060672880119,78.83481420372311,1.7329807801511916,1.8005691445791567,0.985
P3,1.8,11,-244.71723384058416,1080.1104717391459,28.423438404881114,34.59456694247228,1.7314619626019063,1.7924401168666009,0.985
P3,1.8,12,-239.73153432075256,1109.5737112068516,13.346839832950113,7.811707490326752,1.7469136398112195,1.7854351605950256,0.985
P3,1.8,13,-227.6003513635899,1126.5296777103495,0.0,0.0,1.7700170460781872,1.7823615111165014,0.985
P3,1.8,14,-210.12720479912454,1130.9816347795393,0.0,0.0,1.7894129416737445,1.7835330646944025,0.985
P3,1.8,15,-190.0589827982424,1122.9503798589058,0.0,0.0,1.7993289867164068,1.7883067023123789,0.985
P3,1.8,16,-167.92245729608777,1101.9332910272055,0.0,0.0,1.801859751926267,1.7938197030680756,0.985
P3,1.8,17,-144.3129560920996,1068.57224667232,0.0,0.0,1.8017200681188352,1.7975638424464742,0.985
P3,1.8,18,-121.41965536199348,1025.016617369252,0.0,0.0,1.8026770710034188,1.7998763371285107,0.985
P3,1.8,19,-100.1543455684132,973.2498240638067,0.0,0.0,1.8059958151421105,1.801440680009827,0.985
P3,1.8,20,-80.49429777401866,914.8114944230149,0.0,0.0,1.8107568709898305,1.8015488016264636,0.985
P3,1.8,21,-63.500710150867896,852.1036102024884,0.0,0.0,1.8153402717087088,1.800241705000604,0.985
P3,1.8,22,-49.815287268089165,788.5783759405658,0.0,0.0,1.8185757343920832,1.799146916253402,0.985
P3,1.8,23,-38.60283832270224,727.6376838121128,0.0,0.0,1.820308106840633,1.7987401011851678,0.985
P3,1.8,24,-29.49854969711019,671.5731681139758,0.0,0.0,1.8207466445604392,1.7989043874762405,0.985
P3,1.8,25,-22.727644160492883,621.716947806944,0.0,0.0,1.8197416462720588,1.799658412500723,0.985
P3,1.8,26,-17.43440854970984,579.4357314282108,0.0,0.0,1.8177434259917904,1.7999671430596123,0.985
P3,1.8,27,-12.92702706345162,546.0937775978562,0.0,0.0,1.815651985981614,1.7996546759101961,0.985
P3,1.8,28,-9.344068949514757,521.9836022996616,0.0,0.0,1.813497328793661,1.7992721818465642,0.985
P3,1.8,29,-6.329506263129311,506.29754921312923,0.0,0.0,1.811313544474442,1.7989477279408868,0.985
P3,1.8,30,-3.3372360243270536,498.22522254586596,0.0,0.0,1.8094071496486885,1.7993528288753522,0.985
P3,1.8,31,-0.34931286284225477,497.31736290492694,0.0,0.0,1.807566149329799,1.7999618456851456,0.985
P3,1.8,32,2.8349991864063075,503.0294052465811,0.0,0.0,1.8061101340419428,1.7993331608146714,0.985
P3,1.8,33,6.715980038461274,514.6179877260043,0.0,0.0,1.8052463449967675,1.7988462577954771,0.985
P3,1.8,34,11.331169279413325,531.2563416776392,0.0,0.0,1.8039963844973055,1.7993887562158783,0.985
P3,1.8,35,16.798703773263995,552.2386207002697,0.0,0.0,1.802595414618643,1.799593273478146,0.985
P3,1.8,36,23.765001445965396,577.3328044803231,0.0,0.0,1.8018305594403399,1.7994029866688224,0.985
P3,1.8,37,32.409970292732616,606.641840226708,0.0,0.0,1.8008641918804487,1.7995965250253707,0.985
P3,1.8,38,42.57042961753651,639.9848115151016,0.0,0.0,1.7999364215022116,1.7998699897951078,0.985
P3,1.8,39,54.64165488137105,676.7370488606111,0.0,0.0,1.7998396219146178,1.7997674147985512,0.985
P3,1.8,40,68.84737847477864,716.2795473466706,0.0,0.0,1.8001996395301958,1.7992188876227215,0.985
P3,1.8,41,84.78345265663843,758.0499336327181,0.0,0.0,1.8006631367232628,1.7989503859275007,0.985
P3,1.8,42,102.16782164636733,801.021430682422,0.0,0.0,1.801172786201841,1.7995924328119648,0.985
P3,1.8,43,120.8703880099486,843.583099191767,0.0,0.0,1.8020049344084248,1.8000850256331515,0.985
P3,1.8,44,140.45696570215338,883.9215771726851,0.0,0.0,1.8033747108751332,1.799261588155027,0.985
P3,1.8,45,160.59332431427876,920.0976275235549,0.0,0.0,1.8044902704754089,1.7982820097997252,0.985
P3,1.8,46,181.25518213131144,949.8333333076196,0.0,0.0,1.8048970319226953,1.798639374918739,0.985
P3,1.8,47,202.13222750980347,970.6573245703075,0.0,0.0,1.805477979815828,1.7991918468234687,0.985
P3,1.8,48,222.6946684550431,980.071681051748,0.0,0.0,1.8067593318901327,1.7994620058239565,0.985
P3,1.8,49,242.5256053903253,975.3610308978433,0.0,0.0,1.8080900596389027,1.800064022697103,0.985
P3,1.8,50,260.6425985676881,953.7702665166495,11.568285884156946,21.748534156862764,1.8090064493743057,1.8000153899647573,0.985
P3,1.8,51,275.1753882159787,913.3147031636087,8.314223754275345,82.61194382670558,1.8098474081414948,1.7991261601862396,0.985
P3,1.8,52,283.8825688886353,853.2076600364757,-2.5072194064732773,179.3655815952333,1.8107541175515884,1.798709863177008,0.985
P3,1.8,53,284.1573941921265,773.7361029221825,-25.19987646619696,309.14378122519946,1.8116048925318153,1.7988846775716454,0.985
P3,1.8,54,273.0978082023441,676.4668611245465,-61.89914649522034,458.38647792154273,1.8127530309414401,1.7994217566955197,0.985
P3,1.8,55,249.13208534885237,565.1937019956587,-107.97671419878084,608.9694369348698,1.8138753282372373,1.7997343393134055,0.985
P3,1.8,56,213.828640673616,446.9473215712941,-153.93008848472113,746.1214487241574,1.814387403915026,1.797795659904966,0.985
P3,1.8,57,171.06683460255823,331.1854381763906,-193.0964005573551,861.1360377069328,1.813701173516688,1.7909429403859596,0.985
P3,1.8,58,126.14147796760842,227.01873347503638,-223.6041921506945,951.517142695721,1.8117566558666098,1.7758315761734134,0.985
P3,1.8,59,85.2786858781568,141.02596223550083,-244.89995738153297,1020.2743535048703,1.8076986522054097,1.7535616189501282,0.985
P3,1.8,60,52.570531385996816,76.46327365562506,-256.58943675096305,1072.7356542927434,1.8008299597290272,1.7349459113210735,0.985
P3,1.8,61,28.727882315197984,32.910453030219934,-259.4858881151372,1112.738140737727,1.7918091389253308,1.731870331357034,0.985
P3,1.8,62,13.187489586394692,6.860168873306357,-254.56401765665746,1141.3747145848465,1.7825073782264567,1.7450636074960444,0.985
P3,1.8,63,0.0,0.0,-242.47158171487322,1158.3506230487974,1.7769400302268012,1.7668633248828947,0.985
P3,1.8,64,0.0,0.0,-224.8816917748174,1163.1629800618307,1.7777376186870226,1.7865205633799601,0.985
P3,1.8,65,0.0,0.0,-203.72872401800632,1154.951891087642,1.7836193191686867,1.797189853224604,0.985
P3,1.8,66,0.0,0.0,-180.06489730270266,1132.8894324731507,1.7916477796582586,1.8005157998214745,0.985
P3,1.8,67,0.0,0.0,-155.16998587791673,1097.3823023190694,1.7984434647061267,1.8009771261389143,0.985
P3,1.8,68,0.0,0.0,-130.69525257770806,1050.2592278795223,1.8017432599430123,1.8026617630316344,0.985
P3,1.8,69,0.0,0.0,-107.31156756362824,993.8263046547634,1.8021225946353554,1.8066515971645327,0.985
P3,1.8,70,0.0,0.0,-85.56527393889884,930.5187826969051,1.8012233271043978,1.811084058935891,0.985
P3,1.8,71,0.0,0.0,-66.54266682525032,863.2466277585062,1.8000460862679344,1.8149580658988795,0.985
P3,1.8,72,0.0,0.0,-50.536113751323434,795.0913142592542,1.7992133568272894,1.8192065130633077,0.985
P3,1.8,73,0.0,0.0,-37.15197849520978,728.7599680663989,1.798832446593356,1.8225689679922357,0.985
P3,1.8,74,0.0,0.0,-26.441985107832753,666.7137408452797,1.7990670468604701,1.8232416226178085,0.985
P3,1.8,75,0.0,0.0,-18.258003198479017,611.3561762281397,1.7996503860402768,1.8218616262855927,0.985
P3,1.8,76,0.0,0.0,-11.79516666132832,564.6391525008613,1.799588469078374,1.820168539926045,0.985
P3,1.8,77,0.0,0.0,-6.67234399372695,527.6953283817908,1.799113109809114,1.8184269714367605,0.985
P3,1.8,78,0.0,0.0,-2.868065372184737,501.02650672094154,1.7993261043332702,1.8164118695558191,0.985
P3,1.8,79,0.0,0.0,0.12745849248389443,484.6258046777586,1.7998855602185215,1.8144085810715005,0.985
P3,1.8,80,0.0,0.0,2.7626384285865906,477.79919508728597,1.79984549131433,1.8124378015472082,0.985
P3,1.8,81,0.0,0.0,5.0437839825595505,479.3919641415701,1.799515253458617,1.8101858967578308,0.985
P3,1.8,82,0.0,0.0,7.367464460697693,488.4395912880443,1.799488300424776,1.8077313891692754,0.985
P3,1.8,83,0.0,0.0,10.403435133525265,504.3310369318951,1.799582465202686,1.8054751223761192,0.985
P3,1.8,84,0.0,0.0,14.470912967564697,526.4640819898685,1.7994664832851333,1.8037623933587865,0.985
P3,1.8,85,0.0,0.0,19.919330456137594,554.2310331462037,1.7993217254078049,1.802691029548584,0.985
P3,1.8,86,0.0,0.0,27.31363007131234,587.2582474791242,1.7994643588315644,1.8011513629908609,0.985
P3,1.8,87,0.0,0.0,36.906897241425156,625.32115413343,1.7995981290108887,1.799128285613545,0.985
P3,1.8,88,0.0,0.0,48.65415024268033,668.0343131337031,1.799406037160243,1.7982290231177023,0.985
P3,1.8,89,0.0,0.0,62.567216839328935,714.7726614553495,1.7992233994171476,1.7982442769428348,0.985
P3,1.8,90,0.0,0.0,78.48732831272872,764.6871320039194,1.7995396272192843,1.7988255811178695,0.985
P3,1.8,91,0.0,0.0,96.030911821249,816.4960509970842,1.7997665301351256,1.8001499177289064,0.985
P3,1.8,92,0.0,0.0,114.85573891451169,868.2981241485776,1.799344064603628,1.8010111154123931,0.985
P3,1.8,93,0.0,0.0,134.59688043575144,917.6435690975597,1.7988552084878184,1.8012879571996765,0.985
P3,1.8,94,0.0,0.0,154.8588203253603,961.6747679978735,1.7989134804690683,1.8023922615741028,0.985
P3,1.8,95,0.0,0.0,175.36057027067594,997.2118058039234,1.7991215343235683,1.803730492006169,0.985
P3,1.8,96,0.0,0.0,195.78070195544322,1020.9887852635383,1.79942666541887,1.8043054470361473,0.985
P3,1.8,97,0.0,0.0,215.5691291072447,1030.0877726360739,1.8000012408411825,1.8045525648141294,0.985
P3,1.8,98,0.0,0.0,233.99491784357187,1022.128932370991,1.8000542341985168,1.805167077836121,0.985
P3,1.8,99,15.014896233876415,11.93767532228702,250.00571143145814,995.17566816235,1.7995566063263548,1.8064862391570804,0.985
P4,1.0,0,15.592031015231143,10.804771628133755,88.63458463698571,808.6464755456389,0.9995330296814555,1.0016625468216744,1.159
P4,1.0,1,27.062327431056367,35.28923190190458,96.52409725486987,803.0078950531243,0.9993991558264796,1.001286938327839,1.159
P4,1.0,2,35.00196536126639,73.1624684869115,105.02523232476511,789.7801356852066,0.9995989423673403,1.0013531584681208,1.159
P4,1.0,3,30.514502599826326,123.04839919997276,113.32992698954831,767.3353871910625,0.9991717282367946,1.0014648422065342,1.159
P4,1.0,4,12.201106606880646,186.18523473921837,120.74854488575839,734.4160123124997,0.9987110503748924,1.0020912212901947,1.159
P4,1.0,5,-13.770476868349137,265.19239529097763,127.63387330208124,690.5458335347893,1.0014701035240325,1.003016076421173,1.159
P4,1.0,6,-43.07075704823966,356.5106732628542,132.57501449741005,634.5862542509419,1.0071607439142662,1.0043900978270146,1.159
P4,1.0,7,-71.7303321223274,449.30334638339576,133.5571981382344,564.8242709783133,1.0061891626670825,1.0062529341991058,1.159
P4,1.0,8,-93.6786425260957,531.9756524784636,128.75003326255072,482.0035886412751,0.992926290106964,1.0069750737605143,1.159
P4,1.0,9,-106.88312886868249,596.5983052309144,116.19778574824409,389.71322012285924,0.9762686110859121,1.0070015853839311,1.159
P4,1.0,10,-112.62032946925554,641.1518663449856,95.39230862572138,294.15496941194834,0.966484152316744,1.0074247813968331,1.159
P4,1.0,11,-112.12512934894428,670.7767211005254,69.28563356826692,204.79621494059106,0.9642391510421661,1.0081118984044593,1.159
P4,1.0,12,-108.77699726300528,693.5060917721631,42.69508771163956,130.61446987253345,0.9679676580406951,1.0091156556799399,1.159
P4,1.0,13,-105.09206736820592,713.8948976657016,20.974385988330752,75.08098309319698,0.9782131645748849,1.009242678843879,1.159
P4,1.0,14,-100.7677685610627,733.120730505534,6.784856636989814,37.062321203667146,0.9918090887267687,1.0067780175339474,1.159
P4,1.0,15,-96.19985944848811,751.2146023462349,-0.8623847070878633,14.008614763448136,1.001590574301751,1.001872346967593,1.159
P4,1.0,16,-91.14403847726302,766.4478435274549,-3.614127304071312,2.1920340352000904,1.004997247530982,0.9955053688077388,1.159
P4,1.0,17,-84.56137456648361,775.5270253712283,0.0,0.0,1.0033320697767396,0.9908153102711187,1.159
P4,1.0,18,-76.95049710940772,775.7759229412467,0.0,0.0,0.9996078909596112,0.9908699649886701,1.159
P4,1.0,19,-68.68857332438148,767.1535550209256,0.0,0.0,0.9966001152271545,0.9958327995371581,1.159
P4,1.0,20,-59.883148017728224,752.0613897961264,0.0,0.0,0.9963564052167438,1.0011696432164388,1.159
P4,1.0,21,-51.629918275743265,733.7475865723688,0.0,0.0,0.9985771925710728,1.0040330944576827,1.159
P4,1.0,22,-44.231167606879104,715.4134340890267,-0.15280573309654552,0.16046101910337068,1.0018253997229765,1.0030606247942064,1.159
P4,1.0,23,-37.588364226487975,699.6144448179647,-0.23511736423917962,0.3069985442333865,1.0051850199038261,1.0002456019164954,1.159
P4,1.0,24,-32.21093269699338,687.7562429959879,-0.43134880464836567,0.23278493132299588,1.0068260253862862,0.9989047493027505,1.159
P4,1.0,25,-28.05892739879839,680.2994673774895,-0.4462967579783746,0.16594834419781743,1.0070319672022252,0.9987245014142317,1.159
P4,1.0,26,-24.599485857646535,676.5475526279837,-0.43373687428406943,0.11474803822034689,1.0066258366813297,0.9989622548431618,1.159
P4,1.0,27,-21.66439077724161,675.0595903581379,-0.4719432833918147,0.017616721082000807,1.005394998864003,0.9993638673727274,1.159
P4,1.0,28,-19.047794780884637,675.1622132240276,0.0,0.0,1.003754870119754,0.9996539187050852,1.159
P4,1.0,29,-16.502866007036275,676.5941960717286,-0.3012030893962007,0.005945245893988907,1.0022880857239445,1.0001112278289876,1.159
P4,1.0,30,-13.846009506051592,678.5282193012572,-0.24601978238867384,0.04894782775622759,1.001021255835758,0.9999031164846813,1.159
P4,1.0,31,-11.054841771427853,680.5427583455618,-0.1980092291659397,0.06643192862702255,1.0005503953617425,0.9993243249447065,1.159
P4,1.0,32,-8.191345615118342,683.1394716206208,-0.18872089104286677,0.0987659598473513,1.0005684213647683,0.9994335155571641,1.159
P4,1.0,33,-5.168131373020517,686.89135991042,-0.1886998274834165,0.10424026766078187,1.0005979287953166,0.9998793164057171,1.159
P4,1.0,34,-1.9402181141729293,691.9832031078664,-0.19147731631237655,0.11367328891756293,1.0006375724212742,0.9996838301466924,1.159
P4,1.0,35,1.5536272210436937,698.1819732086542,-0.21908305202657413,0.1557349373468963,1.0005005229840676,0.9993216572093958,1.159
P4,1.0,36,5.316632449024883,705.2273990520259,-0.19972871488999064,0.15234998435619931,1.0004920946660754,0.9994974311834967,1.159
P4,1.0,37,9.272732985205804,713.2194198008259,-0.14387992150952483,0.14675786710187344,1.0005477819067252,0.999567172725265,1.159
P4,1.0,38,13.4850363696753,721.7995505292295,-0.12060736534187272,0.22201455958431726,1.0003401249995922,0.9997750312270056,1.159
P4,1.0,39,18.067128479301928,729.8872482639533,-0.10077869055430906,0.28873430860301724,1.0002694351533619,0.9996546784042258,1.159
P4,1.0,40,22.962930222352476,737.1192983952945,-0.07087081098802658,0.26397791528239717,1.0005352190693735,0.9994766317030666,1.159
P4,1.0,41,28.259170650180867,743.8855045711358,-0.13111999389875106,0.19708546563013313,1.0004204729151802,0.9996993271274768,1.159
P4,1.0,42,33.981825825878246,750.0891128053189,0.0,0.0,1.0001644029380454,0.9994120680458489,1.159
P4,1.0,43,40.0311892686084,755.6727264685612,0.0,0.0,1.0005043653454346,0.9993003584521519,1.159
P4,1.0,44,46.443830519047474,761.2417174089369,0.0,0.0,1.0008066551877388,0.999648941185492,1.159
P4,1.0,45,53.17707496933225,767.2095419397596,0.0,0.0,1.0013431485233335,0.999839631703582,1.159
P4,1.0,46,60.1123739472843,773.3257276390091,0.0,0.0,1.0018377714981963,0.9999016831307805,1.159
P4,1.0,47,67.3224617119856,778.8057686531168,0.0,0.0,1.0019160406355163,0.9999548120373299,1.159
P4,1.0,48,74.88998340822793,782.5529446101771,5.040485458452402,1.147255574422006,1.0020768683837105,0.9995738731727143,1.159
P4,1.0,49,82.84412855542092,783.3858756638019,11.795352158619696,13.626936327061083,1.0021783104746123,0.9991392413420488,1.159
P4,1.0,50,91.27567584093836,779.7874020698412,20.115757308880703,37.27942516931598,1.0023354755056215,0.9991990457414089,1.159
P4,1.0,51,100.06164018389924,769.8311771828922,26.053529390654802,74.1697732554049,1.0026754821878574,0.9992669633223418,1.159
P4,1.0,52,108.78287407213887,751.6952420220816,23.88256607763652,124.86005761813858,1.0030421981907922,0.999573000738758,1.159
P4,1.0,53,116.9436800993539,723.915995115704,10.44753739410057,189.44126796941347,1.0032989666860115,0.9994571492162533,1.159
P4,1.0,54,123.8587608730743,685.077652989801,-12.465004016599769,267.0930592862632,1.0039059271193769,0.999846784875302,1.159
P4,1.0,55,128.42726255196183,633.6285476074697,-40.202279960765296,353.49028767526124,1.0045390289960088,1.0019174406176394,1.159
P4,1.0,56,129.23761039734808,568.6553554240588,-67.4685739190371,439.9750976507283,1.0053177612143442,1.0026048999596653,1.159
P4,1.0,57,124.75192860477581,491.2047673995855,-89.55740270571586,516.8443209724569,1.006580206618763,0.998335727517497,1.159
P4,1.0,58,113.69723446549895,404.9102907032931,-103.9229677425483,577.5266516584875,1.0078467336042614,0.988520307147937,1.159
P4,1.0,59,96.10734108935709,315.7087870012107,-110.6851982913051,620.6487028414917,1.0086775848922855,0.9757431862965107,1.159
P4,1.0,60,73.97800897030164,231.02456216173076,-111.69442033731706,649.8072000095578,1.0085670686638464,0.9674627991449953,1.159
P4,1.0,61,50.725965527724284,157.88568867011634,-109.46814491923807,671.196319333596,1.0081147426115407,0.9661873090746305,1.159
P4,1.0,62,30.081146200435544,100.27140942675685,-106.10095939340516,690.3042049799509,1.0072607750222728,0.9733520769432193,1.159
P4,1.0,63,14.638957751273054,58.333529272953704,-102.62496481047785,710.009489380498,1.0053784148356542,0.9849622048652743,1.159
P4,1.0,64,4.946901483084226,30.03783625735086,-99.15454584581207,730.5544493251787,1.0019111580406548,0.9968889165269988,1.159
P4,1.0,65,0.013849684849114747,12.651603413861556,-95.10270698390829,750.3010958384629,0.9977155254352799,1.0032755998738108,1.159
P4,1.0,66,-1.7100325935287946,3.2594548030614705,-89.8603111293967,766.5877956718873,0.9943200058177659,1.0047973340871847,1.159
P4,1.0,67,0.0,0.0,-83.25888735845241,776.8220328650705,0.994065419554796,1.0021668805651398,1.159
P4,1.0,68,0.0,0.0,-75.47333350366657,779.5217150729795,0.99631542943499,0.9982909403458881,1.159
P4,1.0,69,0.0,0.0,-66.96528456236939,774.7199013081716,0.9992630434267913,0.995803307390632,1.159
P4,1.0,70,0.0,0.0,-58.33844962704702,763.8936472415629,1.0015329612778672,0.9957689920766244,1.159
P4,1.0,71,0.0,0.0,-50.0509278304698,749.4115523864403,1.0021273480571191,0.9982427524321466,1.159
P4,1.0,72,0.0,0.0,-42.55085968113529,733.8076704076411,1.0014299704686356,1.0020943607211892,1.159
P4,1.0,73,0.1290802838271979,0.12140773698414564,-36.046421306680486,719.3067366328833,1.0000845851274955,1.0050694495173966,1.159
P4,1.0,74,0.08440507117071815,0.1548167351505333,-30.470334160160878,707.4037712980158,0.9990481251820881,1.0059045765106291,1.159
P4,1.0,75,0.04736390974131497,0.13431431272136624,-25.74564014455887,698.6332748267386,0.9988614216436158,1.006328843984439,1.159
P4,1.0,76,0.021156694961162067,0.0967907492807105,-21.61960254623172,692.6771187309862,0.9992158183026818,1.006027144822481,1.159
P4,1.0,77,0.0005257486589443016,0.05796336936024335,-17.82526542462846,688.7657069146495,0.9993528529277903,1.0052844465554203,1.159
P4,1.0,78,-0.014449853034889274,0.030577089385677714,-14.247419964915867,686.1614931267382,0.9995775000322036,1.0044385163371208,1.159
P4,1.0,79,-0.015246477608128563,0.015610916218584079,-10.7709710769063,684.2393364321657,0.999811496791376,1.0033523299061597,1.159
P4,1.0,80,-0.009526616663549101,0.007457365813719825,-7.3395673859297075,682.6675007721151,0.9999132878943261,1.0027594381536065,1.159
P4,1.0,81,-0.011283571343338116,0.00951583687515734,-3.9793551815434385,681.5144114077767,0.9996385550237109,1.002148129363907,1.159
P4,1.0,82,-0.021701563929744396,0.022222406721609862,-0.5819943547848931,681.0538235824598,0.9989422843074233,1.0010345625730608,1.159
P4,1.0,83,-0.03279424699189214,0.03629994825965431,2.8527756641412454,681.7083141849605,0.9987385235195,1.0004999591794972,1.159
P4,1.0,84,-0.03177991348494827,0.038553080509254475,6.351240945494867,683.8648835128142,0.99944735679816,1.0010539487396197,1.159
P4,1.0,85,-0.01512303537684984,0.027793903577899133,10.070709831624702,687.7806886420906,0.9999824796229391,1.0017236464697512,1.159
P4,1.0,86,0.009007711534004318,0.019111544700613152,14.02473085912517,693.6044719214906,0.9997276045400749,1.0019452731845504,1.159
P4,1.0,87,0.034051803019844666,0.03413776432472486,18.28873904886472,701.126214312972,0.9993937143970973,1.0014061133613208,1.159
P4,1.0,88,0.05865330563866152,0.08143380768124593,22.931821613629115,709.9470521190268,0.9994109827933333,1.000503502653305,1.159
P4,1.0,89,0.07415897759124321,0.154780287173899,27.897456247100102,719.6964145150031,0.9994765687302853,1.000690737561334,1.159
P4,1.0,90,0.054166696628163896,0.22593781270268928,33.18040794540524,730.0332827903048,0.9994024325082994,1.0009203498923596,1.159
P4,1.0,91,-0.048540089165018625,0.2301841996442116,38.75822946559831,740.8602914338802,0.9993739983901518,1.0005490346021428,1.159
P4,1.0,92,-0.28881270466543224,0.046434834176840044,44.557505198249586,752.094055955945,0.9997901094348776,1.000710826083637,1.159
P4,1.0,93,0.0,0.0,50.54679583721641,763.5470886146456,1.000182879850021,1.0009686097389503,1.159
P4,1.0,94,0.0,0.0,56.61259606419213,775.0205616800819,0.999597438462083,1.0008742225952294,1.159
P4,1.0,95,0.0,0.0,62.655544428277146,786.0180640645472,0.9989997667452846,1.000566416457787,1.159
P4,1.0,96,0.0,0.0,68.71019410622084,795.8468344262038,0.9992846751279633,1.0002294847308648,1.159
P4,1.0,97,0.0,0.0,74.89629954349856,803.6895968791747,0.9995764310939818,1.0009820304599575,1.159
P4,1.0,98,0.0,0.0,81.49121061830087,808.4487481845778,0.999751768433252,1.0020459228306953,1.159
P4,1.0,99,15.655674337615826,10.798626904534611,88.70910745023663,808.8107729282183,0.9996308976138532,1.0018807542395562,1.159
P4,1.2,0,17.037019035889468,10.881166452843917,95.6288249767981,822.6551499334919,1.1994321840387885,1.2015290209671052,1.034
P4,1.2,1,29.340975926241015,38.10993109811931,107.09571633744062,821.4181804679307,1.1992968406177587,1.2012391241030902,1.034
P4,1.2,2,40.181815907486694,81.02999442966915,119.3278326986057,811.0724564532511,1.1990261406295053,1.201317149533339,1.034
P4,1.2,3,40.77875690429418,138.12381071991672,131.78266796512406,789.6182873541694,1.1989390074763153,1.2019032573970696,1.034
P4,1.2,4,24.557341672907732,207.58953054958357,142.8177178566275,755.2234332592957,1.1987280456527678,1.2028183687695082,1.034
P4,1.2,5,-4.848478892217817,290.38706127970113,151.12824649934234,706.5168129520094,1.199418971740337,1.204173265951243,1.034
P4,1.2,6,-39.60056056263372,385.32226031303423,156.09243158872246,643.4189546682944,1.20422009084765,1.2059300758760314,1.034
P4,1.2,7,-74.74868243369299,483.8109907558172,155.0550484441809,566.3172566847734,1.2097610567267354,1.2079425993988726,1.034
P4,1.2,8,-105.48388910907617,574.06719119804,145.54288289371837,476.49853794276333,1.2047509986627527,1.2092494181361375,1.034
P4,1.2,9,-125.96351741171792,648.0421945304628,127.03443627797054,379.10843713681203,1.185638984706057,1.2101167128876247,1.034
P4,1.2,10,-135.68197786163213,703.1661386382948,100.99512243554109,282.8538026466733,1.1644354703464193,1.2109599458776972,1.034
P4,1.2,11,-138.06218586341961,740.8225926710172,70.7309907723029,195.94382745751878,1.1509674202916202,1.2114007369493793,1.034
P4,1.2,12,-134.7068405602654,765.0149218223986,42.36353674541425,124.30720487227653,1.1496086897731748,1.2111667429696509,1.034
P4,1.2,13,-127.34328740201977,780.7011616535156,20.545188869476817,71.23647482454483,1.159503571121401,1.21015469902693,1.034
P4,1.2,14,-119.4248753958151,791.1108332968813,5.820709201132188,36.135672629227756,1.1765096789633764,1.2072194631798292,1.034
P4,1.2,15,-111.65433502732745,797.0650308654979,-2.3554961527208795,15.208215583634857,1.1952754716829295,1.2013484823376737,1.034
P4,1.2,16,-102.94912477043786,799.0679673790422,-5.61644164206497,4.367544180118121,1.2069448582607407,1.1933088326006558,1.034
P4,1.2,17,-94.07064812816043,797.6270883541708,-6.2623671807308,0.4436905020727629,1.2104083649588004,1.1872962397027118,1.034
P4,1.2,18,-84.88421038576556,791.4761320679029,-5.5549478380851065,0.4109591399455723,1.207837211816015,1.1875149798885865,1.034
P4,1.2,19,-74.40941130797509,778.3793093021508,-4.030402701046423,1.63001804826335,1.2031598435279056,1.1927115805244248,1.034
P4,1.2,20,-63.46596663475901,757.9033562213863,-2.7494382554877417,2.77611716103161,1.1997890716847925,1.19912012893149,1.034
P4,1.2,21,-53.40049176860275,732.1213258176401,-1.926165040496954,3.567624969995591,1.198784806928551,1.2034836955732244,1.034
P4,1.2,22,-43.710442873317454,704.1261289403844,-1.3938829712596306,3.856774617653276,1.200690149663469,1.20429793361019,1.034
P4,1.2,23,-35.077179299003376,676.9381334257346,-1.3358539121117239,3.5457237139864723,1.2040715866699232,1.202549459089314,1.034
P4,1.2,24,-28.506975800809926,653.3428511814822,-1.5465787663518007,2.9539513910725677,1.2074785623157644,1.199862709119479,1.034
P4,1.2,25,-23.435279599463712,635.6916666151938,-1.2586700523185559,2.537607377048225,1.2098571561006277,1.1983005600850438,1.034
P4,1.2,26,-19.33957435681129,624.9786280923945,-0.9353887619300832,2.2060507262096416,1.2105409545246908,1.1980893326715971,1.034
P4,1.2,27,-16.615847870454562,620.533269116109,-1.0510290013295402,1.8283910693327106,1.209927931609577,1.1984160467302245,1.034
P4,1.2,28,-14.720248900002252,620.934521425375,-1.0395454864086262,1.589558400061526,1.20810376438126,1.1992693766985143,1.034
P4,1.2,29,-12.85853917332936,624.6700943138743,-0.9878520889782264,1.4407115585154633,1.2057220534605535,1.2001336857868892,1.034
P4,1.2,30,-11.142594411644868,630.1890764896026,-1.3299751434808929,1.17102102517022,1.2032018992599935,1.2002066499544333,1.034
P4,1.2,31,-9.449401534777424,636.4677349123261,-1.4402076085786828,0.8947116407755881,1.2011125582573057,1.1995995138155797,1.034
P4,1.2,32,-7.479155094946989,643.1180616019333,-1.0042251112286609,0.7642431706682135,1.1996568351259198,1.1991936495669864,1.034
P4,1.2,33,-5.371809554681479,649.7211318693879,-0.682715645152162,0.6886703347463641,1.1987337385348145,1.1993093313410697,1.034
P4,1.2,34,-3.0286079868793894,656.208761662222,-0.5667349903758853,0.5986283753578819,1.1985186251732536,1.19939675343046,1.034
P4,1.2,35,-0.23349684878216245,663.3495303218866,-0.47444854958639276,0.5587524378822243,1.1988837033031203,1.1993285981019992,1.034
P4,1.2,36,2.700519063940495,671.627383400628,-0.5271575587090459,0.5912415946559364,1.1993710014225014,1.1994056898896657,1.034
P4,1.2,37,5.924971370566569,680.5752958423234,-0.6081439283386176,0.5726632498090573,1.1995737062527214,1.1996764000272235,1.034
P4,1.2,38,9.813544835879739,689.9356132878451,-0.43084321892868066,0.47510786110803743,1.199632743625613,1.1997219533691417,1.034
P4,1.2,39,14.308921919448013,699.9570032383964,-0.3062808172812225,0.4769622526176424,1.1996409763999683,1.1993591435479258,1.034
P4,1.2,40,19.299652226006874,710.4255941928595,-0.36907038765011174,0.5024663796190482,1.1995008134288472,1.1992085774708081,1.034
P4,1.2,41,25.046358587254343,720.9587825943612,-0.4763485315094504,0.3070740461331663,1.1996350837134344,1.199467858822672,1.034
P4,1.2,42,31.477926257568797,731.804699361309,0.0,0.0,1.2000781694762694,1.1996964727826038,1.034
P4,1.2,43,38.485273455852024,743.1657072655428,0.0,0.0,1.200078492920675,1.1993909011145685,1.034
P4,1.2,44,46.15290274697298,754.7088007541524,0.0,0.0,1.2000209661871626,1.199162477708846,1.034
P4,1.2,45,54.20443844394167,766.3498508789775,0.0,0.0,1.2003597945383222,1.1995013806127492,1.034
P4,1.2,46,62.42972367078174,778.062427722781,0.0,0.0,1.2009624755355734,1.1996484116376203,1.034
P4,1.2,47,71.09413656347941,788.814422104203,0.0,0.0,1.2016437240013156,1.1994350478469442,1.034
P4,1.2,48,80.30574946080063,797.1131626987979,0.0,0.0,1.2023124530525346,1.1992524596695697,1.034
P4,1.2,49,90.10929290519321,801.9847464743062,12.813670568324104,10.985195216381618,1.2027429250530077,1.1993337004595335,1.034
P4,1.2,50,100.88792321424556,802.2858106768116,24.69190367302038,34.702568807872204,1.2028805761440962,1.1993349559105257,1.034
P4,1.2,51,112.70923725954769,795.9093560596286,37.02558423465876,71.80311769051929,1.2029903911269049,1.1991012384156317,1.034
P4,1.2,52,124.99291268523619,780.2824061959608,41.99970213797522,121.91900531405348,1.203187748011647,1.199092145268577,1.034
P4,1.2,53,136.5903895395878,752.9340112291957,31.86875695564586,184.37556021202863,1.2037748940071054,1.1990783096923365,1.034
P4,1.2,54,146.2976841133609,711.8171215403302,6.146334226959403,260.4901224612102,1.2047009308636636,1.198775782822858,1.034
P4,1.2,55,152.90392362687854,655.7809717294244,-29.21704395324644,351.30790216148415,1.2058171374091324,1.1998272278753013,1.034
P4,1.2,56,154.05922797855388,584.4962091693652,-67.28402962008138,451.8825022632623,1.207162795785386,1.204473216812779,1.034
P4,1.2,57,147.45525235027804,499.13129707403465,-101.87930473397103,550.7737610908198,1.2086123237859272,1.2085706330077077,1.034
P4,1.2,58,132.45954286904816,404.69949278895405,-127.81392724885576,636.3529503443376,1.2101358207797557,1.2024121730285382,1.034
P4,1.2,59,109.76919944912177,309.8978194416905,-142.5924997699419,701.8367719356266,1.2115193492482277,1.1858477533930294,1.034
P4,1.2,60,81.92784123657744,222.83513263492532,-146.87981699864383,745.2541686380333,1.2121053259093497,1.1655484636804438,1.034
P4,1.2,61,53.968497459160744,148.52976102173136,-142.87388259963436,768.2956751329396,1.211770884709942,1.15045298972687,1.034
P4,1.2,62,30.79263532844002,90.38156205533107,-133.68378167802783,776.2895303953176,1.2103044559820308,1.147263384784256,1.034
P4,1.2,63,14.029546202447609,49.86036966172903,-122.7958917727173,776.2077125181365,1.2070244193893123,1.1556575718437345,1.034
P4,1.2,64,3.5489644667991933,24.361669460517493,-112.28803690573577,773.0712183084959,1.201063556624301,1.173344583131389,1.034
P4,1.2,65,-1.3849219726459299,9.109132382001626,-102.87513132911005,769.3625424441076,1.1941660681327821,1.1920986740281576,1.034
P4,1.2,66,-2.794664188361091,0.9162072484457008,-94.86522190128885,766.5290598773488,1.189241724863199,1.2074690666313153,1.034
P4,1.2,67,0.0,0.0,-87.45426127967842,764.6720608403139,1.1884771935425507,1.215158889996335,1.034
P4,1.2,68,0.0,0.0,-79.63987532704226,761.9127728945073,1.1928128741290356,1.21505862772193,1.034
P4,1.2,69,0.0,0.0,-71.5301573242048,756.3454023859891,1.1986750137156352,1.210266040187999,1.034
P4,1.2,70,0.0,0.0,-63.110290062184816,747.6335673032057,1.2029689263979881,1.2040868384044734,1.034
P4,1.2,71,0.0,0.0,-54.06923112685758,736.0659357492459,1.2044571509254058,1.200361382512993,1.034
P4,1.2,72,0.4550357239300844,0.4767888303335004,-45.09115224112085,722.220923027886,1.202995517790103,1.199225332903911,1.034
P4,1.2,73,0.4275643827149269,0.7374102306852912,-36.803998648041876,707.6650633900371,1.2004182218414963,1.2002743321917784,1.034
P4,1.2,74,0.36842325486039645,1.0215766506255581,-28.95778111789788,694.042281798116,1.1983090469896318,1.202795623692754,1.034
P4,1.2,75,0.4335431466212887,1.2705662304213319,-22.097555366196367,681.7857647526051,1.1975217470344561,1.2055192782205648,1.034
P4,1.2,76,0.4080830862050846,1.1437141542149736,-16.848564861523478,670.9896868818523,1.1980985156368869,1.2074603819452203,1.034
P4,1.2,77,0.2952672639204763,0.8101644327228855,-12.494150180462652,662.3051322177009,1.199180197585388,1.20779628178045,1.034
P4,1.2,78,0.21988843697015803,0.6230591508643087,-8.622862964976552,655.9509282189867,1.1999392150076489,1.2071454880820969,1.034
P4,1.2,79,0.23371985840758017,0.5074920288702632,-5.61003071455079,651.3850593319632,1.2000103725136149,1.206197083910776,1.034
P4,1.2,80,0.34146201015357425,0.2605309944298926,-3.0116936958149743,648.3913695355943,1.1997200319858425,1.2050821555116114,1.034
P4,1.2,81,0.0,0.0,-0.34210074674500573,647.1689763431825,1.1993975576257765,1.2037305294507668,1.034
P4,1.2,82,0.0,0.0,2.0726711049102247,647.4320006609804,1.1992078669252448,1.2024700109295925,1.034
P4,1.2,83,0.0,0.0,4.290512911487731,648.7241790414442,1.199190873951869,1.201810886133373,1.034
P4,1.2,84,0.0,0.0,6.726567749515449,651.2092171524633,1.1992082775866881,1.2015657947977008,1.034
P4,1.2,85,0.0,0.0,9.282304953257494,655.0163362185356,1.199291997897669,1.20132424282985,1.034
P4,1.2,86,0.0,0.0,12.01188407108489,659.8317492072129,1.1992853836984045,1.2010146459303987,1.034
P4,1.2,87,0.1438531849544178,0.04777393684045325,15.264452732506362,665.833598880627,1.1991572518031455,1.2009275471335474,1.034
P4,1.2,88,0.1612564676917938,0.20550194000070454,18.968958019797576,673.6602984690876,1.1991241114841442,1.2005453661440126,1.034
P4,1.2,89,0.11093837840959964,0.3465500853971778,23.17037830640814,683.2797438924216,1.1992247493831878,1.199807718472013,1.034
P4,1.2,90,0.02599753196064298,0.3656371410470469,28.153272115252815,694.3709720611793,1.1992433944904788,1.1996230028043509,1.034
P4,1.2,91,-0.18247397011830607,0.23127688069885505,33.76399593618583,707.3967615387727,1.1992793068490366,1.1998973587336896,1.034
P4,1.2,92,0.0,0.0,39.891802082889576,722.7668762761188,1.1992317824543037,1.2002218773499627,1.034
P4,1.2,93,0.0,0.0,46.645849633981626,739.7665501328646,1.1993165867219866,1.2004054924045922,1.034
P4,1.2,94,0.0,0.0,53.70496174968772,757.4066927417733,1.1995750561149612,1.2007063029105327,1.034
P4,1.2,95,0.0,0.0,60.80120957630565,775.1327587954478,1.199472843629946,1.2008645225060741,1.034
P4,1.2,96,0.0,0.0,68.2736800782809,791.9958459461877,1.1993106042227184,1.2008995559303794,1.034
P4,1.2,97,0.0,0.0,76.41246995256861,806.3988496109308,1.1992290545795876,1.2011365938768563,1.034
P4,1.2,98,0.0,0.0,85.37199793908768,816.9892128433686,1.199285793744208,1.201422997449365,1.034
P4,1.2,99,17.017936934079074,10.885706222959453,95.57098464239563,822.6183989286561,1.1994496189717372,1.2015523310230436,1.034
P4,1.4,0,18.612697343618855,11.294572426566935,124.14056586245074,835.5904087356777,1.3994418813305953,1.4030907437656608,0.967
P4,1.4,1,29.26496875288434,44.28929523775362,138.29141237073082,828.6575019365016,1.39949074605492,1.4029996645894378,0.967
P4,1.4,2,37.308743388051795,96.90307767965528,152.51355683940255,810.563591984232,1.399780758136979,1.4033253375919341,0.967
P4,1.4,3,35.10625380474559,168.5010699584816,165.6390886477278,779.6842471741159,1.399804234166882,1.4043491075624677,0.967
P4,1.4,4,16.1694124179291,256.0210418182193,175.58061635730576,734.2847954394686,1.3997716318189155,1.4061648382764216,0.967
P4,1.4,5,-16.644986055454464,356.4697285730467,179.72062709129335,672.6843225367702,1.4025360649236551,1.4082843327166061,0.967
P4,1.4,6,-54.29654558956625,464.7783272933511,176.95638659559197,595.3812553142993,1.4080409956323705,1.4102191394743742,0.967
P4,1.4,7,-90.71339155913336,570.4249242525902,165.80084109397464,505.4468498120484,1.4075013310621294,1.4121061696781272,0.967
P4,1.4,8,-122.95533444722835,661.501521913094,144.65291983776558,407.57855206217374,1.3923415635329963,1.413368899467863,0.967
P4,1.4,9,-147.1706825933412,732.1989942472109,115.22995402493115,309.0028522991089,1.3668128173817733,1.4135698402662606,0.967
P4,1.4,10,-161.20228859062243,783.849967043354,82.64432367715797,219.1175647641172,1.346316584419221,1.4128067483826217,0.967
P4,1.4,11,-167.50906100118118,820.8613982796529,52.230765898594974,144.7916871093008,1.3398857340741959,1.4114196807815997,0.967
P4,1.4,12,-168.44942797529515,847.9182489222145,27.405588823673906,87.66436172469416,1.3472066319350835,1.4085353913399112,0.967
P4,1.4,13,-164.22302916792106,869.5006730929315,10.210827469241963,47.26778134521573,1.3644022888498772,1.4026849068384326,0.967
P4,1.4,14,-155.94858954669746,888.3262020594191,-0.11353898554721313,22.723425297555032,1.3854575325732146,1.3945269950988897,0.967
P4,1.4,15,-146.18472246091707,902.9180368153543,-5.481743799929505,10.535520433132094,1.4030852916136578,1.387303286470827,0.967
P4,1.4,16,-134.52175196638245,908.6881992286634,-7.232222660171128,5.467486727326625,1.4106393615220343,1.3849388408607453,0.967
P4,1.4,17,-120.1704915805427,902.184529086237,-6.8228870548800415,4.031790389373853,1.4091719142368546,1.3882973104292917,0.967
P4,1.4,18,-105.2360436376543,882.8281133708559,-5.880120351316426,4.814637952882181,1.4039521669058623,1.3950332885196206,0.967
P4,1.4,19,-91.0535632660744,851.2979394952828,-4.787827257265143,6.2252200415962236,1.3997761716268757,1.4012655531227425,0.967
P4,1.4,20,-77.26590223007307,809.0115804467588,-3.3468721799391563,6.5722590881806076,1.3991297736764141,1.404430216585527,0.967
P4,1.4,21,-64.43948018166226,759.3981008546773,-2.463694208624451,5.7822817572503,1.402350805044966,1.4042037050250118,0.967
P4,1.4,22,-54.02250664286251,707.6729157340008,-2.1072183946523624,4.945448473361064,1.4076905161833857,1.4019834493579209,0.967
P4,1.4,23,-45.245261736273264,658.85643573324,-1.670117981114259,4.302374144091098,1.4132557951519804,1.3996943502526187,0.967
P4,1.4,24,-37.23587115177076,616.4557609817011,-1.4218029010923101,3.362408056834588,1.4170349797811355,1.398493811216367,0.967
P4,1.4,25,-30.816414872744353,582.3320301590312,-1.6139560139440003,2.3386574580501227,1.417902318053551,1.3984840415742328,0.967
P4,1.4,26,-25.9721218633279,557.1384400690254,-1.4695906600840347,1.8968677717444868,1.41608737348447,1.3992804136784174,0.967
P4,1.4,27,-21.509006828675304,540.6057151441605,-0.8574602300697616,1.7799597679830812,1.4127606234011003,1.400298172588587,0.967
P4,1.4,28,-17.33735910256729,531.6571770575105,-0.8171286240144269,1.2811102716712957,1.4095496270159167,1.4007575396324987,0.967
P4,1.4,29,-14.21917274047645,528.9347420892286,-1.0070338356076065,0.7530053742367969,1.4070827193957804,1.400618872065749,0.967
P4,1.4,30,-11.684515599641044,531.3066604551168,-0.5683391381245878,0.7819717815784233,1.4052146578847797,1.400396999005404,0.967
P4,1.4,31,-9.128445603298665,537.6324068294194,-0.20817454554708273,0.8544192001615871,1.4038018063870221,1.4001495067909553,0.967
P4,1.4,32,-6.70462055632125,546.5851071570949,-0.6422982880673181,0.38535336807965426,1.4026525278768514,1.3996454133755056,0.967
P4,1.4,33,-4.538120153623735,557.5774594632702,0.0,0.0,1.4016910135428153,1.3992392557052886,0.967
P4,1.4,34,-2.3590677634037593,570.9898656479013,-0.41193436079100865,0.07347496777179771,1.4008205009757206,1.3993588336995768,0.967
P4,1.4,35,-0.0969188925268986,586.8115668205751,-0.22726094098991956,0.3630569071623225,1.3997678764696058,1.3997006437515422,0.967
P4,1.4,36,2.3592683325330057,604.3204778504363,-0.2537276985918118,0.3787636942574706,1.3991759690715309,1.3998273104299135,0.967
P4,1.4,37,5.4705251315902,623.0968378827573,-0.04821298246577391,0.4492591587097393,1.3992837592391467,1.3997929686503785,0.967
P4,1.4,38,9.338554077646075,643.0458605474244,0.015233625765874816,0.7744585665692876,1.3991792762770587,1.399745022415939,0.967
P4,1.4,39,14.184312564193355,663.7895842921447,-0.3077029060058932,0.9158880881675127,1.398613385105697,1.3998074411425208,0.967
P4,1.4,40,20.37585778261725,685.0296705197609,-0.45494882100584033,0.6510293889310773,1.398272004383275,1.3998807157840074,0.967
P4,1.4,41,27.966348547975887,706.8369117405507,-0.5294538788387992,0.35701327560910356,1.3983462114719358,1.3997653033799642,0.967
P4,1.4,42,36.67860155494165,728.945996942963,-1.0160552603625692,0.01664988526149846,1.3983952970411968,1.3997587412384838,0.967
P4,1.4,43,46.26419899382652,750.7726059718976,0.0,0.0,1.3986402594700413,1.3998465912350568,0.967
P4,1.4,44,56.49990550105596,772.2799335624765,0.0,0.0,1.3994028850611806,1.3998972230307916,0.967
P4,1.4,45,67.02901953001526,793.4523824185756,0.0,0.0,1.4006921104584238,1.399706809537893,0.967
P4,1.4,46,77.80154606039657,812.9848859055343,0.0,0.0,1.4021433949138196,1.3995964378515244,0.967
P4,1.4,47,88.90529639982817,828.9350026915233,0.0,0.0,1.403270139564387,1.3996738471742642,0.967
P4,1.4,48,100.34506978887391,840.4180309266782,0.0,0.0,1.403966312005455,1.3996045177096537,0.967
P4,1.4,49,112.35468413354393,847.1447492796549,11.887732291702854,7.553444361819532,1.4042981408681532,1.3996250970864523,0.967
P4,1.4,50,125.37833264816032,847.6407229484959,23.015056041882907,30.12365706429342,1.404303763689418,1.399731059849979,0.967
P4,1.4,51,139.32178497866073,839.3670008990736,35.741331774960216,66.82700313846877,1.4043474044428694,1.3996351597850818,0.967
P4,1.4,52,153.58383855577762,819.9591672870939,44.39348893832439,118.23900181562537,1.4046827735148526,1.3995240610392747,0.967
P4,1.4,53,166.92321990859753,787.0857862570003,40.433840461448604,182.7452798209896,1.405501582601519,1.3994106328362004,0.967
P4,1.4,54,176.86568591482927,738.160341134488,18.987757179906396,259.5521158651392,1.406760734761895,1.3990433896380277,0.967
P4,1.4,55,181.33598606391143,671.9519617563082,-16.753883573619134,350.35934779621414,1.4084234063081902,1.4003243096580555,0.967
P4,1.4,56,178.48503426233864,589.9089361306909,-59.249149379070396,454.69732053863055,1.4106249536890607,1.4053090360465077,0.967
P4,1.4,57,165.8200432184302,495.64137365137947,-101.47872903482084,564.8417073708756,1.4125547538924823,1.4088366224033448,0.967
P4,1.4,58,143.35359234181743,395.16686862044384,-137.7308337528964,668.5173163287603,1.4137540786474343,1.4022124803819829,0.967
P4,1.4,59,114.3560045314196,297.4402008869017,-163.12292067303073,755.5094168884266,1.4148554582188406,1.384080418739925,0.967
P4,1.4,60,83.09954205766947,211.08049153300252,-175.39273423968078,819.7298601167852,1.4151167350268965,1.3610360334905842,0.967
P4,1.4,61,53.898396985590836,139.8042572112884,-175.68487489893593,857.9898619325915,1.4124840643950187,1.342691452673246,0.967
P4,1.4,62,30.706210257344054,83.63826103937319,-166.8145932057006,871.1537601323588,1.406538318380965,1.3368537788978658,0.967
P4,1.4,63,15.006926581397487,43.20740804948757,-152.12371970351296,865.5262231093888,1.3982183719038055,1.3448175498971962,0.967
P4,1.4,64,5.142223595257301,18.5897797990856,-135.25953823145161,849.3657857796484,1.3900901728413138,1.3625017860485433,0.967
P4,1.4,65,-0.4920384387934709,5.728922765503156,-118.87599969762073,828.1267743400124,1.3854149556389268,1.384350287155446,0.967
P4,1.4,66,0.0,0.0,-104.06175315868482,804.7016364961497,1.386122945906063,1.404594496698222,0.967
P4,1.4,67,0.0,0.0,-91.35053628058593,781.9681205948073,1.391677343284562,1.4185437318410519,0.967
P4,1.4,68,0.0,0.0,-80.27586605157981,761.7639801491468,1.398503788491856,1.4242722097026943,0.967
P4,1.4,69,0.0,0.0,-69.76405518551879,742.9559169875394,1.4032694522112008,1.422681028061788,0.967
P4,1.4,70,0.0,0.0,-59.73522232813052,723.6621996793457,1.404764127933419,1.4165994303499367,0.967
P4,1.4,71,-0.22298746799838703,0.12288305494950452,-50.33638886747136,704.0930358888238,1.4033847856703567,1.4097717294724144,0.967
P4,1.4,72,0.029263857991642068,0.6599660805876382,-41.02879889581181,685.2874139003409,1.400757094627192,1.4050768086001522,0.967
P4,1.4,73,0.39123326911798545,1.130842044351192,-31.869577392262908,667.3473262155247,1.3986412658827083,1.4033390300292412,0.967
P4,1.4,74,0.5292235576616567,1.2490655336554142,-23.731034252965326,650.6485326253273,1.3980194974418123,1.404206825118093,0.967
P4,1.4,75,0.25101949921148764,1.319553151752346,-16.71953294313879,636.4327337823254,1.3985762385422356,1.4067291240788888,0.967
P4,1.4,76,0.07434442084021353,1.571750938845772,-10.51900593889893,624.949000975292,1.3991697945508417,1.4089170915657374,0.967
P4,1.4,77,0.2052755387735657,1.4626468870850087,-5.77111898754738,615.0789084394028,1.3995134339773343,1.409670406021587,0.967
P4,1.4,78,0.31063169808087954,0.7810544962538646,-2.7707575544938354,606.4977585270649,1.4000697355469796,1.4093257707330573,0.967
P4,1.4,79,0.27720660979566797,0.38542412004800397,-0.4305289243588927,600.169525779503,1.4005212064455885,1.408066189374733,0.967
P4,1.4,80,0.23457947909491472,0.7142834465153112,1.6898808726009533,596.3908263109025,1.4001934911491742,1.4060612359258777,0.967
P4,1.4,81,0.2532699339652538,0.9218532644884281,3.0165462886611287,594.5298679601594,1.3994988140936233,1.4040512421414038,0.967
P4,1.4,82,0.36238503398933825,0.3529042367910958,3.8776362731601286,594.8075933624662,1.3994820777638475,1.4024566178751183,0.967
P4,1.4,83,0.0,0.0,5.1497302401430725,598.2653212312329,1.3997232298070168,1.4013456213764703,0.967
P4,1.4,84,0.0,0.0,6.7814058689931995,604.9423043424251,1.3996077099111675,1.4011181032579398,0.967
P4,1.4,85,-0.3565362544150014,0.19991392719852205,8.568413160614346,613.8742891746276,1.3995282088100174,1.401359341335593,0.967
P4,1.4,86,-0.43741831295296785,0.5664643876697875,10.990514699651486,624.7557160513677,1.399616818599699,1.4011491953456883,0.967
P4,1.4,87,-0.18396760134266266,0.6115465217819548,14.373890527689081,637.8531957176983,1.3997100867529328,1.400587753471215,0.967
P4,1.4,88,0.10308837681835861,0.5397638841749632,18.673077552981127,652.7016998195653,1.3997746485513995,1.400141627005838,0.967
P4,1.4,89,0.3015381873841269,0.4761516837515491,24.1030471634405,668.6999347645954,1.3997722426381156,1.3996046723309248,0.967
P4,1.4,90,0.30911318366884144,0.39725957094105885,30.878890687005214,686.3024631298167,1.399744457344973,1.3989044468546106,0.967
P4,1.4,91,0.019195751300571127,0.06588093912834818,38.732011822814,706.0483909403468,1.3997900253814148,1.398693472892142,0.967
P4,1.4,92,0.0,0.0,47.45620147012165,727.2684129964304,1.3998371543701935,1.399131245499018,0.967
P4,1.4,93,0.0,0.0,56.957279568662095,748.9898598758398,1.399726893739648,1.3999384537958128,0.967
P4,1.4,94,0.0,0.0,66.8306951063122,770.9216039443091,1.3996552949493812,1.400767692762643,0.967
P4,1.4,95,0.0,0.0,76.8851898751542,792.3046617686608,1.399608096626685,1.4015066671798242,0.967
P4,1.4,96,0.0,0.0,87.42797528828127,811.0442061149744,1.3994553235043972,1.4021936820576448,0.967
P4,1.4,97,0.0,0.0,98.70066796759917,825.1102689557032,1.399471414999176,1.402946191672113,0.967
P4,1.4,98,0.0,0.0,110.81381839891948,833.6111070321799,1.3995456015257624,1.403363533993819,0.967
P4,1.4,99,18.59444752593724,11.2976845915734,124.01020153678733,835.5432232129356,1.3994148826416517,1.403205776021399,0.967
P4,1.6,0,18.23325608583668,11.620006548105712,161.68285814594026,887.9649210168361,1.5996459784957493,1.6038560908887844,0.91
P4,1.6,1,26.20098763842179,51.64311914967301,178.13848004356262,871.2487397139164,1.5994734380125573,1.6037850722824942,0.91
P4,1.6,2,30.736195394830343,117.12384927378004,193.0624479480227,839.9270707552259,1.5994839529639155,1.6045288299910265,0.91
P4,1.6,3,25.342636597836773,208.33885393648657,204.68157927592796,792.8434086036006,1.5996299102155391,1.6059590697301762,0.91
P4,1.6,4,3.6557588216640218,319.06474425109144,210.80197353810854,728.348786667606,1.5995228581647258,1.607601515122751,0.91
P4,1.6,5,-33.26195387761877,441.08963678936885,208.04067293961725,646.1591840166525,1.5993409931170037,1.6093500088063206,0.91
P4,1.6,6,-76.30478940753157,566.3684885883483,194.88662601986067,549.8368805778713,1.6010746831685383,1.6111643876558728,0.91
P4,1.6,7,-117.1933982601257,683.9989192681325,172.2986556204625,446.28996667274,1.6054358601116119,1.6130922165231785,0.91
P4,1.6,8,-152.30253595063164,781.7803265028099,141.25425845366695,342.81576284610526,1.6051856872862118,1.6151255530449815,0.91
P4,1.6,9,-178.87700015134786,853.403965627828,104.96448139194811,246.22980260551574,1.5902458800367418,1.6165270252881458,0.91
P4,1.6,10,-194.21322452078863,901.0820023328322,70.09033554131857,163.46148339158066,1.5631428698873544,1.616245324736453,0.91
P4,1.6,11,-199.0598888960504,931.5522905075837,41.96379272693227,99.31383525156684,1.5373393461777107,1.6139240759633078,0.91
P4,1.6,12,-196.73574123448265,951.0691731129266,21.2098830924855,53.64681080873912,1.5261028336849687,1.609498693910166,0.91
P4,1.6,13,-189.18938572432717,963.6636794929251,6.968639188593631,23.219982182208344,1.5339012759605821,1.6020159540786696,0.91
P4,1.6,14,-176.60327253164897,971.3879401515948,-1.1344285596367807,5.336398114861183,1.555083552137423,1.5923374745031251,0.91
P4,1.6,15,-161.09884412675922,973.8143860896353,0.0,0.0,1.5811561571802297,1.5837823787035812,0.91
P4,1.6,16,-145.39238497542468,967.8569130042284,0.0,0.0,1.603905660832468,1.5804789237972812,0.91
P4,1.6,17,-128.87108601493173,949.7920811715225,0.0,0.0,1.6163476513490567,1.5838103433836455,0.91
P4,1.6,18,-110.83591826279347,918.0232783720949,0.0,0.0,1.61830828016756,1.5912214560375397,0.91
P4,1.6,19,-93.3992241445107,873.5942701475683,0.0,0.0,1.6138585091355848,1.5989869519505293,0.91
P4,1.6,20,-78.11564402063536,818.8212497668728,-2.0669348676271575,0.8758382350110613,1.6079983607595385,1.6041500275423315,0.91
P4,1.6,21,-64.02979428865535,756.8563400263334,-1.3895120404008061,1.543921233743425,1.6044352394227803,1.6053103098193964,0.91
P4,1.6,22,-50.93470730482835,692.5229202977982,-0.7311960848721473,1.3856575119219174,1.604470214480498,1.6034361989643224,0.91
P4,1.6,23,-40.58105861952674,631.3223358589564,-0.621091707087986,1.1019555057766621,1.6079054188324562,1.6007685828513452,0.91
P4,1.6,24,-32.82769107055897,577.1215156215533,-0.6991039050004072,0.8996654400184425,1.6135717212537628,1.5990059046122536,0.91
P4,1.6,25,-25.80232199602549,531.7592879611728,-0.46317027829878843,0.5043230376543494,1.618906064204492,1.5981996229608184,0.91
P4,1.6,26,-19.737581760690485,496.2024740982315,0.0,0.0,1.6215966418786982,1.5978741224487467,0.91
P4,1.6,27,-15.821120997730793,470.9711099377093,0.0,0.0,1.6211842210935892,1.598379271774985,0.91
P4,1.6,28,-13.041037276554132,455.6246863398968,-0.6599629585606686,0.23868474896312195,1.6182434807959245,1.5996247461326978,0.91
P4,1.6,29,-10.083088206624998,448.66547497061134,-0.31678816358158307,0.4326310793673817,1.614116259541055,1.6005894479612763,0.91
P4,1.6,30,-7.723666742641947,448.47618339738364,-0.5482523049233372,0.1870261235369498,1.6102828435042147,1.6006012368380274,0.91
P4,1.6,31,-6.411063706048878,454.1213960756632,-0.8972596569760788,0.02559009873160454,1.607314242563909,1.600038772638136,0.91
P4,1.6,32,-5.023498979972304,464.9976407218257,-0.4828458852446929,0.2222214167581087,1.6049476144010475,1.599528616430481,0.91
P4,1.6,33,-3.0020966028955605,480.05260751538805,-0.08925599274441456,0.3235560076546681,1.603144038228884,1.599306706979675,0.91
P4,1.6,34,-0.9985199593664614,498.06448407408953,-0.5536245517388252,0.10889343915549796,1.601954752639526,1.5994336813420458,0.91
P4,1.6,35,0.9658730231792569,518.7467060956201,-0.8769728467650739,0.0693285128314609,1.601065949841956,1.5996440079716427,0.91
P4,1.6,36,3.7958080688270734,542.4799191941088,-0.5010600084142329,0.4191005243156332,1.59973307290559,1.599571196549343,0.91
P4,1.6,37,7.562744425191041,568.9604273110441,-0.44521643956276225,0.670979896850651,1.598295150451066,1.5993716654618202,0.91
P4,1.6,38,12.05149072301203,597.3332177378372,-0.98641631854952,0.5732314198950178,1.5976340559022721,1.5995419487352083,0.91
P4,1.6,39,18.001617336054583,627.3326113308967,-1.1604923163093543,0.4871831391163648,1.5976588911772278,1.5999892717206063,0.91
P4,1.6,40,25.864642791886546,659.0400040787612,-0.9764222528513368,0.5422077772485886,1.5978327983959633,1.6000730893936574,0.91
P4,1.6,41,35.26646189970498,691.9308197086359,-1.4045583649466955,0.2039248491281812,1.5979116245208518,1.59975967647065,0.91
P4,1.6,42,46.064104355362176,725.1962165351906,0.0,0.0,1.5978662032678006,1.5993690518679127,0.91
P4,1.6,43,58.39375708388556,758.4518208361085,0.0,0.0,1.597735747246115,1.5991436024328352,0.91
P4,1.6,44,71.84956008569652,791.0395614930602,0.0,0.0,1.5978448116573225,1.5991260262017086,0.91
P4,1.6,45,85.87289448151286,821.1770098594562,0.0,0.0,1.598569633344519,1.5994072435740179,0.91
P4,1.6,46,100.55412752372848,846.8075791798477,0.0,0.0,1.6000762695346487,1.5997135142967704,0.91
P4,1.6,47,116.02890919009776,866.68037247601,0.0,0.0,1.6019480887545883,1.5994876341058597,0.91
P4,1.6,48,131.96058126197738,879.6636991625088,0.0,0.0,1.6033777825754998,1.5990129321321411,0.91
P4,1.6,49,148.164790196325,883.659122532463,14.19259470569576,8.903364771463673,1.604338353282485,1.5992066402812852,0.91
P4,1.6,50,164.6928864247036,876.1787163927481,22.610880203442758,41.00508658286402,1.6050847571810198,1.5999936187125114,0.91
P4,1.6,51,180.80952056093005,855.4600679925035,29.47488719542208,93.96414813734258,1.6057271980892995,1.6001998877773451,0.91
P4,1.6,52,194.87957247707652,820.0206333094856,28.78068912774283,169.65640461221903,1.6064542068454772,1.5997170137560182,0.91
P4,1.6,53,204.80011290409487,767.7220823687079,14.04552697962334,264.9311187129685,1.6072209046774908,1.5992986859350986,0.91
P4,1.6,54,207.74120069638667,696.8961357884863,-17.00464868104113,374.0960014567549,1.6083562312674387,1.5992481258521922,0.91
P4,1.6,55,201.37158779373434,608.8562157817074,-59.22293428454923,491.3984652429915,1.6100404495523273,1.5997426441587463,0.91
P4,1.6,56,184.97177915154012,508.76081444920106,-103.13007651191214,609.0142831035726,1.6120847933119484,1.6019011552037976,0.91
P4,1.6,57,158.91205472530925,403.95032438761564,-141.4585329733655,715.7203586973945,1.6140384131861119,1.6051797194789026,0.91
P4,1.6,58,125.67043996677609,302.2241272355622,-171.15887538681798,801.5469679488698,1.615367618903349,1.603506491495492,0.91
P4,1.6,59,90.72677944634972,211.14046693360424,-190.4422635663385,863.3474045056608,1.6156823210281506,1.5892297273960687,0.91
P4,1.6,60,59.7274060267801,136.6041726593052,-198.54838834621643,904.3112636168272,1.6147983777484238,1.5639067496980086,0.91
P4,1.6,61,34.993028471173474,80.55006279933146,-197.49896064354522,929.2738718900961,1.611738310241429,1.5395462701574383,0.91
P4,1.6,62,16.84469898031388,40.90960931111921,-190.60507257713178,942.2079101175879,1.6052866743146683,1.52719110465883,0.91
P4,1.6,63,5.556077534717716,14.875671278660475,-179.56986946592568,946.8272739548382,1.5959218465178981,1.5321196094967078,0.91
P4,1.6,64,-0.0942098449059673,0.6497463962344399,-165.14776545899025,945.9630471736089,1.5865983947269224,1.5525012905223377,0.91
P4,1.6,65,0.0,0.0,-149.05543852912402,939.5699689306508,1.5815360298101526,1.5797112402872215,0.91
P4,1.6,66,0.0,0.0,-132.43805405044975,925.2822829655381,1.5829932335914998,1.6035693802081799,0.91
P4,1.6,67,0.0,0.0,-115.23169340857586,901.3380206443832,1.5891492045901414,1.6176799737336085,0.91
P4,1.6,68,0.0,0.0,-97.98565508022091,868.1465423768244,1.596724828200555,1.620290037262589,0.91
P4,1.6,69,0.0,0.0,-81.88238578039157,827.02589656516,1.6024848974132866,1.6159351781625761,0.91
P4,1.6,70,0.0,0.0,-67.11940253067021,779.0979867855194,1.6046327677242473,1.6097324926501415,0.91
P4,1.6,71,0.12610777262584114,0.7773409272736213,-53.42005015908974,726.4944283900667,1.6040192906640147,1.6056962584535635,0.91
P4,1.6,72,0.4621987062588963,0.6410433452378256,-41.47729267009348,673.1001034621631,1.6019853499697283,1.6056448632379539,0.91
P4,1.6,73,0.1827913241820789,0.43031744199738586,-31.547970349415685,622.5708468725262,1.5995416092347088,1.6085265843960639,0.91
P4,1.6,74,0.05626988322394567,0.4858342928698532,-22.837910654389447,576.648265492346,1.5978479980688893,1.612713517028649,0.91
P4,1.6,75,0.41855814128363017,0.49037222782846185,-15.216373467368197,536.3964722663854,1.5975200825682023,1.6168496298813617,0.91
P4,1.6,76,0.38790800791427577,0.2770688825251014,-9.162161222103332,503.560552670801,1.5982115130646426,1.6193616965990913,0.91
P4,1.6,77,0.012719554085974645,0.04689420324176841,-4.290953136887477,479.3354216502137,1.5992862171421043,1.6194875971251834,0.91
P4,1.6,78,0.0,0.0,0.14572179877807812,463.24336524566655,1.6000379749326514,1.6174559497381877,0.91
P4,1.6,79,0.0,0.0,3.6393092613144535,454.52471473113405,1.6002224962456713,1.6142549828339272,0.91
P4,1.6,80,0.0,0.0,5.827748549894222,453.31051062538063,1.5999398906871922,1.6110318965405184,0.91
P4,1.6,81,0.0,0.0,7.714553265496036,459.4007056161229,1.5995968970182912,1.608624159275996,0.91
P4,1.6,82,0.08327815843735449,0.35997445619056506,9.548109560804622,471.24063097160393,1.5994608913908472,1.6069347415463175,0.91
P4,1.6,83,0.24317945473869743,0.4486664242235382,10.514490290607805,487.1292119586294,1.5993490565153552,1.6054310079285252,0.91
P4,1.6,84,0.18235777923409133,0.29705129747325015,10.918844615047156,506.5440114851404,1.5991757256145473,1.603729196173669,0.91
P4,1.6,85,0.16375966207025203,0.3567274723485376,12.095826988285644,529.4438958974815,1.5992242121111675,1.6021316688096758,0.91
P4,1.6,86,0.19919008362711868,0.7205476552071829,14.245315547040038,555.0143326857916,1.5996062575648367,1.6007839812764793,0.91
P4,1.6,87,0.13302671372460848,1.0246430381617846,16.92550883633091,582.1578153189856,1.599999650935009,1.5993830544413588,0.91
P4,1.6,88,0.11122411899345237,1.0227722493161058,21.01652572123325,610.788115654446,1.6000038577204296,1.597762919546369,0.91
P4,1.6,89,0.21053145755947494,0.8323327955468877,27.506885599657814,641.5429917257613,1.599742800346872,1.5963874908206823,0.91
P4,1.6,90,0.013085707440381856,0.57062518536298,35.9755166565241,674.3430751759823,1.5995969846209661,1.5956990912581952,0.91
P4,1.6,91,-0.5858879544255858,0.02351504984820446,45.88405864506765,708.2835590707608,1.5995067231335907,1.5955282820582408,0.91
P4,1.6,92,0.0,0.0,57.518512647831315,742.8251162053913,1.5993786883479382,1.5955708478273103,0.91
P4,1.6,93,0.0,0.0,70.67039863675957,777.6451853019761,1.599434491938378,1.5961181247878586,0.91
P4,1.6,94,0.0,0.0,84.35663871122237,811.239116458793,1.5997140181062541,1.5972637594695909,0.91
P4,1.6,95,0.0,0.0,98.47107961365631,841.1236515949657,1.5998133144796354,1.5987478962184318,0.91
P4,1.6,96,0.0,0.0,113.51614509999744,865.3944321017894,1.5996523889484526,1.600216763543932,0.91
P4,1.6,97,0.0,0.0,129.24874642202172,882.7635541764864,1.5995097486386094,1.6018139982428186,0.91
P4,1.6,98,0.0,0.0,145.25343814572344,891.2353148326566,1.5995915909371796,1.6032990407200973,0.91
P4,1.6,99,18.213972060705036,11.622095317502298,161.65864577380088,888.105938224743,1.5997006696252767,1.6038828636622944,0.91
P4,1.8,0,16.014709049405443,12.133791452762958,201.04635311658032,887.909314338216,1.7994718381557622,1.8053221858299748,0.876
P4,1.8,1,19.803028483791287,62.366464754377056,218.92602478626534,871.8569398058934,1.7996678934669679,1.8059318394983694,0.876
P4,1.8,2,19.12178159222217,144.2691265810757,233.51583896620772,838.6249854522224,1.7996275470465113,1.8067350284053612,0.876
P4,1.8,3,8.758864952183007,258.8441939386282,243.04803140002636,787.1503950313232,1.799343574487458,1.8080577402564795,0.876
P4,1.8,4,-17.750205522880275,398.22007259534,244.79775419693385,717.5527023276186,1.7991391727406816,1.809879349586512,0.876
P4,1.8,5,-61.04174779523643,548.4273331885128,235.51158516105747,631.0001340011221,1.7987654767625088,1.8116154338188784,0.876
P4,1.8,6,-111.71524493673955,694.7862040122159,214.1071986346645,531.0192350376018,1.7990953326764945,1.8131605530815045,0.876
P4,1.8,7,-158.77258989797656,822.8074662822438,183.23948255464987,424.7684851842166,1.8013026955365654,1.8145577849474097,0.876
P4,1.8,8,-196.84657287762894,921.1544191582434,146.17489302566452,320.7397669737225,1.8007926288513947,1.8157674584853045,0.876
P4,1.8,9,-223.84079703196252,987.3470471105389,106.46443975259285,226.03154141947493,1.787842200191954,1.8165639544918561,0.876
P4,1.8,10,-238.37959586711892,1028.092626787499,69.83697124463306,145.98526285122088,1.760043753462938,1.8158066071629273,0.876
P4,1.8,11,-240.8308166582413,1053.5014296510626,41.02331713003534,84.24244849573434,1.727952057454409,1.8125515800695462,0.876
P4,1.8,12,-234.30452765427657,1070.948832355211,20.453152719459375,41.66280819227502,1.7094367210527797,1.8063457427957195,0.876
P4,1.8,13,-222.16196392386408,1082.4055918623565,6.437245706838948,15.400402411502098,1.715705173487565,1.7967884274285695,0.876
P4,1.8,14,-205.3822834201598,1086.5695166808534,-1.767465369427345,0.9375541978517631,1.7429091380978985,1.7861214809759236,0.876
P4,1.8,15,-184.9221437441369,1082.0041852895076,0.0,0.0,1.7774405944442553,1.7785678086299948,0.876
P4,1.8,16,-163.73557037262958,1067.0374291310613,0.0,0.0,1.807092221501236,1.7771220930231793,0.876
P4,1.8,17,-143.57228640617325,1038.9624965339115,0.0,0.0,1.823470902336938,1.7820160202145718,0.876
P4,1.8,18,-123.22458832662971,995.7357744809677,0.0,0.0,1.8268091594079763,1.790257729410493,0.876
P4,1.8,19,-102.63507678957819,937.967377389268,-1.9198892321684933,0.2049542769443557,1.8221258623664165,1.7976392710719251,0.876
P4,1.8,20,-84.04232765972644,868.8364700670176,-1.096250314964322,1.1897532086326998,1.8143851640402142,1.8024283775168723,0.876
P4,1.8,21,-68.00425668468768,792.3935636783814,-0.9721452741716985,1.8047599861069878,1.8082985736331585,1.804221783880144,0.876
P4,1.8,22,-53.38497202815337,713.0040175286682,-0.19432785745944706,1.8137401221732852,1.8068408530918567,1.8034669346985244,0.876
P4,1.8,23,-40.300463670694874,635.7304554725166,0.5914240960383681,1.2715879655767448,1.8099191189509898,1.8016149588178325,0.876
P4,1.8,24,-29.8209146134465,564.8976421982104,0.3846360619097876,0.7715675076451547,1.8158604883397371,1.799743367323976,0.876
P4,1.8,25,-21.554550348135045,502.57458404202265,0.17494025077454323,0.5940848136749127,1.8217622002791256,1.798422352754319,0.876
P4,1.8,26,-14.219855759601888,449.46990645720126,0.6363058752916697,0.425205613126085,1.8249614280180468,1.7979921058401682,0.876
P4,1.8,27,-8.245538125904568,406.4931645486132,0.8443148287187481,0.03321774118500104,1.8251560458397436,1.7982916965971467,0.876
P4,1.8,28,-4.476924680834735,374.7764439977725,0.0,0.0,1.8232235313645815,1.79874880026024,0.876
P4,1.8,29,-1.8957797644320895,354.3717189345357,0.0,0.0,1.8199538177364023,1.7992940868801748,0.876
P4,1.8,30,0.5503861471996346,343.6715157093257,0.8781085448166541,0.2157207724425883,1.816030097022675,1.8001538394216077,0.876
P4,1.8,31,2.421690688625726,340.8313415930298,0.7103060172080569,0.14087616193281066,1.8123780295365872,1.8006165590109642,0.876
P4,1.8,32,3.4242578101035748,345.25432681147623,0.0,0.0,1.8092677723102346,1.8002890075406226,0.876
P4,1.8,33,4.369491103250376,357.12833559008203,0.0,0.0,1.8068662514573757,1.7995901730192345,0.876
P4,1.8,34,5.932047268710689,376.000979866425,0.6747132524801874,0.04382466201861746,1.8049328223925571,1.7988883276418257,0.876
P4,1.8,35,7.9392403912255745,400.3200590978483,0.5626164405390989,0.3012815772870143,1.8031695610373768,1.7986894140421223,0.876
P4,1.8,36,10.45666482049169,428.62155039684853,0.04845160319059721,0.44061997369801653,1.8014394055610106,1.799015654690135,0.876
P4,1.8,37,14.16315354160031,460.60337292625115,0.16758868933878152,0.6280496023864686,1.7996562024260254,1.799400992305951,0.876
P4,1.8,38,19.342606724576154,496.43586413259663,0.4376513217196304,0.9274191489339605,1.7981494672047476,1.7997059078736772,0.876
P4,1.8,39,25.973959649949006,535.6409154780991,-0.01605618771325176,1.130412195950215,1.7971369206273828,1.7998875072365907,0.876
P4,1.8,40,34.596807618021195,577.1902230657423,-0.6721677293882581,0.9592253710604699,1.79649626592323,1.7996973659684152,0.876
P4,1.8,41,45.6980202543665,620.1163932717856,-0.801196595889952,0.19610648240841627,1.7962695396194506,1.7993658283304519,0.876
P4,1.8,42,58.93445862442939,663.6629487588463,0.0,0.0,1.7964539454543564,1.7992687083078,0.876
P4,1.8,43,73.96863382500473,707.0986988562726,0.0,0.0,1.7963258136376576,1.79938245903437,0.876
P4,1.8,44,90.87926520593315,749.5990384361352,0.0,0.0,1.79613766937023,1.7995062780950024,0.876
P4,1.8,45,109.364524189782,790.0337696767974,0.0,0.0,1.7968952571814703,1.7994590950415206,0.876
P4,1.8,46,128.733579735501,826.4191645545177,0.0,0.0,1.7983988220324916,1.7991922587369233,0.876
P4,1.8,47,148.70553196205776,855.9081006141143,0.0,0.0,1.8003714728051132,1.7991450017666042,0.876
P4,1.8,48,169.30661271972107,875.8283836131512,0.0,0.0,1.8027844234482222,1.7992846870544135,0.876
P4,1.8,49,189.96529030171988,884.3490841209007,0.0,0.0,1.8049331405497575,1.7993290476501447,0.876
P4,1.8,50,209.43690543810277,879.6898135566696,15.708596883759103,37.16335225510783,1.8065660803655192,1.7995729224958532,0.876
P4,1.8,51,226.47084141966909,859.2281410893385,16.248561086791593,102.78938769581843,1.8077885013549404,1.7998294164769775,0.876
P4,1.8,52,239.51952480235212,820.1710239133138,9.700962305354738,200.39070435742346,1.8083156006015435,1.7995882724507037,0.876
P4,1.8,53,245.98591489154217,761.1806551638647,-10.086261181630327,327.4297991156556,1.8087924820081165,1.7989525135411988,0.876
P4,1.8,54,242.65669517680666,683.0571572016304,-47.352501285821454,473.7904202517496,1.8102188997566357,1.7985378001338768,0.876
P4,1.8,55,227.5274324112266,588.664162891791,-97.57126146220331,623.9797243237192,1.8122336787489521,1.7985951874076516,0.876
P4,1.8,56,201.36215594267614,483.5098140153255,-148.60650733262395,761.3338261831085,1.8143695571361431,1.7993988534099499,0.876
P4,1.8,57,166.9199684868705,375.7352738480471,-190.44753837239935,872.483108551034,1.8165010794824588,1.8012619434404897,0.876
P4,1.8,58,127.83835286481205,274.055313488423,-219.96440360808626,951.3728801392248,1.817583490372255,1.8007995934288505,0.876
P4,1.8,59,89.35206654508252,185.3763759057967,-237.0509571755831,1000.7042652360076,1.8167999297157786,1.7900311237924098,0.876
P4,1.8,60,56.91309099639673,114.0039308766278,-241.98037957422144,1028.619848990878,1.8138172060331916,1.7642843878941026,0.876
P4,1.8,61,32.51032060773662,61.60925094491397,-236.49439924047627,1043.329698672497,1.8077545321962925,1.7306883061174763,0.876
P4,1.8,62,15.241919960372538,26.858173479316847,-223.84691113062024,1050.170228377876,1.7988812022201404,1.708307943380261,0.876
P4,1.8,63,4.131066799821937,6.102465782116287,-206.54202523670753,1051.719780055897,1.7888740406529906,1.7112924817457065,0.876
P4,1.8,64,0.0,0.0,-185.87460964477972,1048.3085104218712,1.7800912513058846,1.7376626589380513,0.876
P4,1.8,65,0.0,0.0,-163.66572467663931,1038.069797270784,1.7767564628979033,1.7751259929104868,0.876
P4,1.8,66,0.0,0.0,-141.8132729427133,1017.874816660179,1.7803339769229283,1.8086953393797522,0.876
P4,1.8,67,0.0,0.0,-120.71755201756079,985.3680824555971,1.7881576698114017,1.8272430884951276,0.876
P4,1.8,68,0.0,0.0,-100.0696063569035,940.4877450109616,1.796533429649624,1.8311317528115834,0.876
P4,1.8,69,0.0,0.0,-80.80068681785268,885.2044017767521,1.80249304592501,1.825515665678784,0.876
P4,1.8,70,0.0,0.0,-64.00817660949502,822.2905851342936,1.8047019870271612,1.8163098114986949,0.876
P4,1.8,71,0.20096891793174676,0.8827793729131821,-48.98002772574727,754.7236803259331,1.8040873562570483,1.8094270119535756,0.876
P4,1.8,72,0.6722353111165539,0.825912757079962,-35.116890526186275,686.0173143930676,1.8019383038844965,1.8074655952243157,0.876
P4,1.8,73,0.8805940657588932,0.04915009857521703,-23.358277787690863,619.9575399945818,1.799385665329349,1.809611339806116,0.876
P4,1.8,74,0.0,0.0,-14.012732217405246,559.1846755778076,1.7978713343620332,1.81439273897451,0.876
P4,1.8,75,0.0,0.0,-6.14381203158584,504.65340827539114,1.7977935748379792,1.8197378447098695,0.876
P4,1.8,76,0.0,0.0,0.5262555047637066,457.0123611661884,1.7985290540111658,1.8232605292102653,0.876
P4,1.8,77,0.0,0.0,5.391680872788174,417.52530142784406,1.7994399674380048,1.824294959830092,0.876
P4,1.8,78,0.0,0.0,8.651434023093088,387.16095982720964,1.7998839251512222,1.8231790366632337,0.876
P4,1.8,79,0.0,0.0,11.175842473745542,365.93843600784476,1.7998373031679136,1.8201637468600267,0.876
P4,1.8,80,0.0,0.0,12.886661602785647,353.71279386003715,1.7999278487711645,1.8160325475251924,0.876
P4,1.8,81,0.0,0.0,13.350018670097647,350.6439060990652,1.7999567517182458,1.8120254949925414,0.876
P4,1.8,82,0.2641767455931813,0.12037332282789374,13.218127109845614,356.41224583937566,1.7996914358897425,1.8094271274633733,0.876
P4,1.8,83,0.0,0.0,13.352154191886555,369.77685138140635,1.799321265804307,1.8078672850585897,0.876
P4,1.8,84,0.0,0.0,13.569791194406857,389.3865182185209,1.7989941542531371,1.8065562625844145,0.876
P4,1.8,85,0.3107612287780015,0.34305614453344496,13.739546183553546,414.52055077094946,1.798886633563671,1.8052043585769326,0.876
P4,1.8,86,0.24461527684179774,0.800429223881119,14.910894383825832,444.7405439013452,1.799323818934141,1.8034601221357998,0.876
P4,1.8,87,0.22312396269181836,1.0799779402274066,17.98615437889309,479.24414740275546,1.7998673195485897,1.8011750945010665,0.876
P4,1.8,88,0.09429944584976227,1.1363718382670875,22.8401289703623,517.0352317205554,1.8000096956289529,1.7989896884176435,0.876
P4,1.8,89,-0.15176146455504788,1.061491079135292,29.611266630610732,557.608993309203,1.799919165379008,1.7974195656736944,0.876
P4,1.8,90,-0.23780100510928934,0.7413093161890049,39.099406331570826,600.9233425746039,1.7998285189395664,1.795962260398478,0.876
P4,1.8,91,0.0,0.0,51.512421389716316,646.4704578122773,1.7997553226829917,1.7947747721090934,0.876
P4,1.8,92,0.0,0.0,66.17785751772593,692.7715219589419,1.7995319710963429,1.7942793615261075,0.876
P4,1.8,93,0.0,0.0,82.6353169775373,738.0469369018857,1.7991277513994597,1.794151642248241,0.876
P4,1.8,94,0.0,0.0,100.83274730875597,780.8782368356965,1.798981563445646,1.794567179887673,0.876
P4,1.8,95,0.0,0.0,120.28898693196632,819.7493311246208,1.7992744508949203,1.796008314735773,0.876
P4,1.8,96,0.0,0.0,140.288056661208,852.3658435429275,1.7994987077436508,1.798364626801975,0.876
P4,1.8,97,0.0,0.0,160.64652266383862,876.038307931671,1.7994020467383838,1.8011954624059316,0.876
P4,1.8,98,0.0,0.0,181.22761356519646,888.4758458233214,1.799322159761931,1.8035202961719379,0.876
P4,1.8,99,15.966690063491116,12.131921595470258,201.11935846725663,887.7436921563045,1.7993508260756743,1.80502441998646,0.876
P5,1.0,0,9.093900780451019,10.937675071381873,95.19921417856132,705.1712250183305,0.9993636663209279,1.002704401806345,1.045
P5,1.0,1,15.897972551330197,39.23152070685133,103.1672963985496,698.3988384833973,0.9994932371837837,1.0030554799892553,1.045
P5,1.0,2,21.57126468301154,84.35367746507603,111.25820200879346,685.7701429962685,0.9993666887636528,1.0035304246526182,1.045
P5,1.0,3,20.320623783725377,144.50538260868228,118.94548767200176,665.42522298301,0.9990838013217705,1.0039811506319543,1.045
P5,1.0,4,9.285455944396718,214.4856832799315,124.74321865532512,635.00737907699,0.9987385961249058,1.004499025042116,1.045
P5,1.0,5,-7.681391875929281,287.2721899011438,128.05843948562057,592.5424831764108,1.000138476876193,1.00491275885652,1.045
P5,1.0,6,-26.603960790184296,355.4529265727106,128.25054355159057,536.8179938080502,1.0036219807130728,1.0053411553158487,1.045
P5,1.0,7,-45.587263187881426,414.5883388132536,122.68542143866802,467.84866871548553,1.0020275899293887,1.006060815318189,1.045
P5,1.0,8,-62.45604723029839,464.84031781939296,110.4930233927843,388.4109952995598,0.9904792961680631,1.0068174744040417,1.045
P5,1.0,9,-75.40398344530638,509.19138277792666,92.4090269476626,304.6681567938931,0.9762276502785553,1.0071556396014956,1.045
P5,1.0,10,-84.72518926558783,550.4527828737964,69.19808291028109,224.53935248009378,0.968684561202463,1.0069602614714965,1.045
P5,1.0,11,-90.56775955626796,590.019579988837,44.36348429855901,155.03316208231126,0.9706873866507901,1.0063234440852549,1.045
P5,1.0,12,-92.31151873476752,628.1317941480244,23.073056331043436,100.57123426711964,0.9785108013541218,1.0051108028047724,1.045
P5,1.0,13,-91.37511599746001,663.415785144938,7.801310873437428,61.82711894214169,0.9868402938645281,1.0022958934534658,1.045
P5,1.0,14,-89.04756629481997,693.1851859756737,-0.9496826009275473,36.24198672769723,0.9925498684909423,0.9971891395877475,1.045
P5,1.0,15,-84.81802837842362,715.2582284881406,-4.007740579568248,20.07481071900025,0.9948644379588625,0.9918289947062964,1.045
P5,1.0,16,-79.59020064810484,728.9163847958257,-4.12846067980057,10.072195739334362,0.9951045165376913,0.989558655532099,1.045
P5,1.0,17,-74.35868110212105,734.5497562562105,-3.322025913888084,4.10769093795863,0.9949315453090857,0.9919081603271592,1.045
P5,1.0,18,-68.9254576028051,733.4450187186987,-1.8839228166220359,0.9030194994308163,0.9954637876495187,0.9974913408648012,1.045
P5,1.0,19,-63.45887766374231,727.1876943774078,0.0,0.0,0.9971907860519537,1.0028692196891982,1.045
P5,1.0,20,-58.532959173215204,716.426038385505,0.0,0.0,0.9997209991370405,1.0053993021775463,1.045
P5,1.0,21,-53.77625848296819,701.3929861457207,0.0,0.0,1.0019884006727473,1.004592570096918,1.045
P5,1.0,22,-49.111836999086655,683.3950606426577,0.0,0.0,1.0033044983978996,1.0018367331992772,1.045
P5,1.0,23,-44.98829342841326,664.4739841305989,-0.13668375952627695,0.06949089829083543,1.0038622279292828,0.9993567964003827,1.045
P5,1.0,24,-41.03139794109893,645.9485079349181,-0.14844701717706502,0.26620918576585084,1.003944316461164,0.9978504084568169,1.045
P5,1.0,25,-36.96347261416154,628.3195233705227,-0.06498625256847533,0.33818993595310726,1.003871680619237,0.9977285410524619,1.045
P5,1.0,26,-33.11456298098949,612.4687952551975,-0.21327040995342297,0.3183767771550554,1.0038577025148212,0.9986372925521821,1.045
P5,1.0,27,-29.417293440262416,599.6984128431436,-0.23942295131906494,0.2747487430020277,1.0039549284434601,0.99946486643033,1.045
P5,1.0,28,-25.76117353007285,590.4182333925064,-0.1187564155533697,0.25022055732458354,1.00415722502093,1.000106654002957,1.045
P5,1.0,29,-22.39211706719037,583.709635009576,-0.17117473742090403,0.252527809161327,1.00439471250151,1.0003426625896275,1.045
P5,1.0,30,-19.32192447175345,578.6758706850987,-0.19608575842318532,0.22804895866473496,1.0043362455681473,0.9998343456326813,1.045
P5,1.0,31,-16.385325367486598,575.4510330133223,-0.11431234155373829,0.1682552299089573,1.0037818079709695,0.9993850420027013,1.045
P5,1.0,32,-13.561288471556269,574.3466102368275,-0.20231652679424172,0.1410076404744183,1.0031443288770412,0.9993681515620049,1.045
P5,1.0,33,-10.726945963386557,574.9774639542054,-0.3162503485777986,0.1424316386424916,1.0025595026212761,0.9993502081187622,1.045
P5,1.0,34,-7.738135882287987,576.8035089674005,-0.2900304039085986,0.12683441733602316,1.001889040355926,0.9991939000682794,1.045
P5,1.0,35,-4.621339440060993,579.8239391175122,-0.31011477256498426,0.11350433938480681,1.0013328542903681,0.9993153363481441,1.045
P5,1.0,36,-1.2907871587639717,584.2817384421356,-0.370993393011301,0.14358285944042407,1.0011812492525924,0.9994745171943472,1.045
P5,1.0,37,2.2381703501348817,590.1771060313548,-0.305119434273514,0.2359101698294592,1.0011942669850302,0.9995371847324375,1.045
P5,1.0,38,5.90369527457435,597.247817067274,-0.21849828422627565,0.3666294181210711,1.0013521765411924,0.9997012788832418,1.045
P5,1.0,39,9.916155854541369,605.2009258275829,-0.2222070338508448,0.4735522784826987,1.0016535609751789,0.9995616130508388,1.045
P5,1.0,40,14.459320949382503,614.0361431654663,-0.2973260095906103,0.5157402901317323,1.0015942782580032,0.999129049590536,1.045
P5,1.0,41,19.488661272202776,623.9529320406506,-0.46584847792655726,0.3866123103301763,1.001270458461723,0.9992030698122829,1.045
P5,1.0,42,25.09533146540873,634.7248622322805,0.0,0.0,1.0010533821931555,0.9995906732258911,1.045
P5,1.0,43,31.40457224778759,645.6361903593129,0.0,0.0,1.0009615842654231,0.999464445036845,1.045
P5,1.0,44,38.301935682827,656.1847665658553,0.0,0.0,1.0010941118008425,0.9993957875445534,1.045
P5,1.0,45,45.714901011872016,666.2275388581257,0.0,0.0,1.0012972427269091,0.9994989693080936,1.045
P5,1.0,46,53.61359580753625,675.4452516439974,0.0,0.0,1.0015209915233731,0.9994037363613938,1.045
P5,1.0,47,61.92696533575238,683.1819073798822,0.0,0.0,1.0017566928890993,0.9996670964313141,1.045
P5,1.0,48,70.78070093584545,688.5994369811167,0.0,0.0,1.0020490544888547,0.999846706054894,1.045
P5,1.0,49,80.29928646230034,690.5779933172464,9.951188283630778,15.648763339052628,1.0023326102667072,0.9994378644236724,1.045
P5,1.0,50,90.2480871097961,687.5473936264705,16.656502507308133,45.53091780086451,1.0025040786330106,0.9993570829081695,1.045
P5,1.0,51,100.29129886301563,677.3578517037024,21.539688171572468,91.85581870368117,1.003031885288654,0.9995905806056582,1.045
P5,1.0,52,109.73754118497965,657.2843179729484,20.264187684308435,153.6082305562922,1.0037898681785178,0.9991674729189182,1.045
P5,1.0,53,117.26296573216122,624.5860622682654,10.467753918899822,226.3049930528633,1.0041434532224707,0.9990217264263481,1.045
P5,1.0,54,121.56168779241,577.4017401817252,-6.203695212767167,303.2236846807603,1.004566227420575,1.0008161200459795,1.045
P5,1.0,55,121.18353588224298,515.5475558097438,-26.312448353391172,377.2000692058589,1.005535472799723,1.0022098358348914,1.045
P5,1.0,56,114.38815649358284,441.2182165570975,-46.84445071132621,442.6722125835573,1.0066749781928677,0.9977470468437715,1.045
P5,1.0,57,100.6776746152341,359.34489511729356,-65.0081089777078,497.3460171694932,1.0077353742159807,0.9870264038585608,1.045
P5,1.0,58,81.38039423129383,276.9561345975682,-78.79083445050424,542.4889549204362,1.008715032309857,0.9752636507625658,1.045
P5,1.0,59,58.92385981271755,201.42150032036992,-87.93428318198579,581.3003571681096,1.0093303058409027,0.9685507541740125,1.045
P5,1.0,60,36.81429748629604,138.28622514188814,-92.69056013897477,616.472443758797,1.0089245052959366,0.9696333032574147,1.045
P5,1.0,61,18.677614020074138,89.95100080946972,-93.2630609741093,648.6620188702497,1.0068914352494012,0.9770375853858625,1.045
P5,1.0,62,6.19248629085331,55.70940128414246,-90.74198856743344,676.5896833241924,1.0031630846443624,0.9865180517707508,1.045
P5,1.0,63,-0.8697671315170453,32.79427430793302,-86.33175633997223,698.4987954242129,0.9978588858798326,0.9940275516718496,1.045
P5,1.0,64,-3.6216042794363394,17.996236082326377,-80.69335394731087,713.4150542870759,0.9932277654847846,0.9976412615852371,1.045
P5,1.0,65,-3.7850292037494686,8.867787230993304,-74.77127147627729,721.1388316626005,0.9912220784234078,0.9980658432727897,1.045
P5,1.0,66,-2.9405435419029686,3.628755873689849,-69.26862633235517,721.9673658088199,0.9927550362541151,0.9976008160055027,1.045
P5,1.0,67,-1.7786139148004356,0.8647395952644422,-64.00590124600924,716.758978319207,0.9972678974151158,0.9980675069296316,1.045
P5,1.0,68,0.0,0.0,-58.845157558640366,706.7143037325885,1.0014611550320296,0.9996080709132873,1.045
P5,1.0,69,0.0,0.0,-53.926536960571255,692.9368803862078,1.0039093541751491,1.0013394780366,1.045
P5,1.0,70,0.0,0.0,-48.99465595078961,676.4019068066309,1.0042850566448387,1.00289040882783,1.045
P5,1.0,71,0.0,0.0,-44.04787730427554,658.1807055269338,1.0026699265630952,1.003565106240153,1.045
P5,1.0,72,0.0,0.0,-39.38069357785482,639.5600016801002,1.0004175392158372,1.003582308683559,1.045
P5,1.0,73,0.0,0.0,-34.9652270623138,621.8836908199414,0.998840798336308,1.0038264703438933,1.045
P5,1.0,74,0.0,0.0,-30.743229839242648,606.4051540465548,0.9984786429886126,1.0044066596632975,1.045
P5,1.0,75,0.0,0.0,-26.91560861069835,594.1143961161242,0.9987600427738138,1.0047346315360397,1.045
P5,1.0,76,0.0,0.0,-23.332907338898483,585.3504711129552,0.9993289257109887,1.0049574540452026,1.045
P5,1.0,77,0.0,0.0,-19.84012384022828,579.765014611027,0.9997835110536828,1.0048467462506638,1.045
P5,1.0,78,0.27470882082304016,0.031219836392770983,-16.517609234852028,576.7835506390569,0.9997730435535682,1.0041309046921525,1.045
P5,1.0,79,0.0906572743438737,0.15799026055094365,-13.286178258432285,575.7905819175687,0.9997465100717056,1.0033459455212943,1.045
P5,1.0,80,0.00808905737026134,0.22582907999212873,-9.914461528964987,576.1653888151303,0.9996777054038977,1.0026194859366182,1.045
P5,1.0,81,-0.004899518276450935,0.23778802805889232,-6.396554551247001,577.5921159711403,0.9994593581666461,1.0016835217704534,1.045
P5,1.0,82,-0.04808957810172881,0.23137049569138016,-2.678021288911291,580.1124205629727,0.9992924801466508,1.0012479605046158,1.045
P5,1.0,83,-0.12679750908133236,0.21784007281993786,1.362575516029625,583.7917727906727,0.9992553690092932,1.0014321451828412,1.045
P5,1.0,84,-0.21240801433231044,0.19206265553115437,5.624691470790944,588.5754249073448,0.9993501053380047,1.001513061567362,1.045
P5,1.0,85,-0.27012441905616114,0.1667190687796776,10.021390847817399,594.4226309285219,0.9994633248121224,1.0013356065359345,1.045
P5,1.0,86,-0.22627108333171586,0.15686780727880192,14.552204605819519,601.3753343301264,0.9996678693314931,1.0013550641808542,1.045
P5,1.0,87,-0.08762345189770043,0.17998735263091553,19.185642670101064,609.4629381096123,0.9997739088907239,1.0016364572296013,1.045
P5,1.0,88,0.06405170512199834,0.23838974906504823,23.942496091300157,618.639054429116,0.9995726501229566,1.0018459431928028,1.045
P5,1.0,89,0.15116746123043892,0.3098908485229183,28.935400388536337,628.8522236882985,0.9995886903437248,1.0019539915158684,1.045
P5,1.0,90,0.1288925073554098,0.3383607679246585,34.22156671520682,639.980604240014,0.9996638027265362,1.0016813788126566,1.045
P5,1.0,91,-0.015819660548402604,0.21140195092348926,39.85584741535911,651.6803870843897,0.999576452576379,1.0009845875282337,1.045
P5,1.0,92,0.0,0.0,45.863502618501,663.4754076755827,0.9994087359332845,1.0008423576483578,1.045
P5,1.0,93,0.0,0.0,52.2023825883132,674.8752460658498,0.999223524403335,1.0013026776133438,1.045
P5,1.0,94,0.0,0.0,58.809719696961956,685.3467478639753,0.9993466244798938,1.0015268004700095,1.045
P5,1.0,95,0.0,0.0,65.65701302306914,694.3459715317359,0.9996418417150296,1.0016132958613193,1.045
P5,1.0,96,0.0,0.0,72.70756608461076,701.3643817666392,0.9997252494953028,1.0017613562401286,1.045
P5,1.0,97,0.0,0.0,79.98964234660298,705.892532225215,0.9996414213974472,1.0020722783504707,1.045
P5,1.0,98,0.0,0.0,87.52747807321555,707.3700418536557,0.9994202587490213,1.002555041402949,1.045
P5,1.0,99,9.103412345584522,10.938144065584071,95.29101717632633,705.1298246738851,0.9993397438931149,1.0027042798796466,1.045
P5,1.2,0,15.296212944600056,11.151349195338204,138.35296946427331,724.9267265735335,1.199352427092609,1.203565616499654,0.984
P5,1.2,1,22.80043174845011,41.07817644276423,148.27193496529614,709.9671067383371,1.1991749026510048,1.2036600355340785,0.984
P5,1.2,2,27.056413556001008,88.94346463319185,156.75642562812408,683.4353402862944,1.1989588509285574,1.2043343725459894,0.984
P5,1.2,3,21.847541109602364,155.1204898743316,161.9340055927195,642.7885967780259,1.198952456723411,1.2049140391499746,0.984
P5,1.2,4,5.186023295972923,237.76487151223952,161.22637436391673,586.4707913804739,1.1998795645640195,1.2054245976077962,0.984
P5,1.2,5,-18.910725846409516,331.4492674559324,153.7556951819723,515.1850534881299,1.2031916693166336,1.2064143500208122,0.984
P5,1.2,6,-46.2670345691876,426.0806076328408,138.80488215883958,431.98764761730297,1.2058079648363935,1.2073855873436738,0.984
P5,1.2,7,-72.50935860027882,510.5391498933794,115.20053014540261,342.4979754204303,1.200674760615878,1.2081748189123023,0.984
P5,1.2,8,-92.56907987384062,579.0922927693417,86.13070305072637,254.8919618466303,1.186072834020523,1.2086566493462467,0.984
P5,1.2,9,-104.78486413569698,633.8322463386268,57.07868766010457,177.7411599690878,1.1680375135738184,1.208164366249382,0.984
P5,1.2,10,-111.12579271153975,679.509039439117,31.574998630658023,116.38988322345004,1.1543173397910191,1.2066302828599182,0.984
P5,1.2,11,-112.82698972884194,717.7047930966318,12.929614580126191,71.40427077540842,1.1519201063461684,1.2035564381280925,0.984
P5,1.2,12,-109.73031599026697,747.4275344895954,2.931294336683253,40.60705207917822,1.164527915544687,1.1978906734944388,0.984
P5,1.2,13,-103.87885864366409,768.0231351327604,-1.290232590966286,21.033602992115842,1.183613661284039,1.1911014745816075,0.984
P5,1.2,14,-98.23970089620795,779.4201442127279,-2.8853156199725167,9.30908299354467,1.1977486732991982,1.1862461407727483,0.984
P5,1.2,15,-92.3857310952947,781.7033413245595,-2.3042239984121267,2.528011357416757,1.2039642101546844,1.186180084818211,0.984
P5,1.2,16,-86.13888549375436,776.0451909698678,0.0,0.0,1.2041533073599702,1.1910039182464054,0.984
P5,1.2,17,-80.78855325713592,764.7370726341971,0.0,0.0,1.2020688760287304,1.1983839961456724,0.984
P5,1.2,18,-75.7148745869561,749.5894941245701,0.0,0.0,1.2002546880292781,1.2050194989163363,0.984
P5,1.2,19,-70.08274037356628,731.3744353112937,0.0,0.0,1.1998728268798668,1.207379123796735,0.984
P5,1.2,20,-64.87916008405507,710.675318636276,0.0,0.0,1.2007289376728454,1.2055058972993171,0.984
P5,1.2,21,-60.410951554867246,688.3670323254901,0.7669231479885312,0.19945459158316203,1.2024257768241962,1.201722065129654,0.984
P5,1.2,22,-55.82332472731774,665.4501458474676,1.0794439985528312,0.47509238171878565,1.2043731367593862,1.1984021888943033,0.984
P5,1.2,23,-51.512551230794685,642.7260498482524,1.0576286979510698,0.33516172399205063,1.2058419147562784,1.1968132321360385,0.984
P5,1.2,24,-47.96584655636962,621.1555641467473,0.2925357756231124,0.12566382230418718,1.2063150398914817,1.1967492874427752,0.984
P5,1.2,25,-44.3171742613764,602.293002943066,0.3230842821532376,0.1616560389282538,1.2061601011583345,1.1978954729418854,0.984
P5,1.2,26,-40.24948325014029,587.335364251044,0.7547013545486398,0.24232235381212416,1.2059137287380435,1.199481531810609,0.984
P5,1.2,27,-36.35970541844323,576.149569093814,0.35963379497140624,0.15809928339751808,1.2057191895290436,1.2001554663244447,0.984
P5,1.2,28,-32.19763184474245,568.0274708189424,0.14940239175118358,0.11613541313728691,1.2054649028062865,1.200241637657308,0.984
P5,1.2,29,-27.530149324987732,562.8593070348662,0.66850010557921,0.21234792153305906,1.2050726554234794,1.200216589110621,0.984
P5,1.2,30,-22.93437023240085,560.5819397818232,0.5655410175846581,0.18348627645488583,1.2044983341459348,1.1997952286268583,0.984
P5,1.2,31,-18.16956244015938,560.2915423414229,0.0,0.0,1.2039734106581803,1.199345955015844,0.984
P5,1.2,32,-12.888274084109796,561.1399677170796,0.0,0.0,1.2033984432931613,1.199108614105812,0.984
P5,1.2,33,-7.651934473715638,563.1639104065429,0.5808910508603908,0.06205290178461955,1.2026852423918248,1.1992836538840541,0.984
P5,1.2,34,-2.5776517532132575,566.530846620874,0.3352619913949996,0.12277537994810521,1.2022477525357214,1.1996964680226596,0.984
P5,1.2,35,2.963281246487639,570.983172597816,0.3817863146022309,0.10996145583715883,1.2021956815891122,1.1995112220148083,0.984
P5,1.2,36,8.634968885894558,576.376440020469,0.5879095293410024,0.25655375772588324,1.2025105098593842,1.19919354900544,0.984
P5,1.2,37,14.079322766720168,582.8162899415493,0.29685962602729776,0.49862482901061633,1.2027030751476133,1.1994120533985453,0.984
P5,1.2,38,20.004905337436384,590.2326396419269,0.11176452080046004,0.5386101610757991,1.20239499913412,1.1995601261492341,0.984
P5,1.2,39,26.591622315311618,598.5913605416404,0.24555150419330848,0.48660671085426627,1.20218110350357,1.1993098987093271,0.984
P5,1.2,40,33.33615740434808,608.1085170605446,-0.020818043942696915,0.579187519934205,1.20217562311922,1.1992480745174716,0.984
P5,1.2,41,40.632455050224934,618.7198079776423,-0.45837925706555743,0.41896529485272793,1.2020538410032857,1.1993868637783391,0.984
P5,1.2,42,48.88498636363273,630.0810957705149,0.0,0.0,1.2019799667724873,1.199450065561772,0.984
P5,1.2,43,57.6335484318936,642.1210210764052,0.0,0.0,1.202013686441779,1.1995877750891093,0.984
P5,1.2,44,66.96265380919577,654.746934279114,0.0,0.0,1.2022856824906283,1.199496229911209,0.984
P5,1.2,45,77.31456484975166,667.2257462184149,0.0,0.0,1.2027323823747378,1.1994350671999128,0.984
P5,1.2,46,88.38702446680966,678.4511806150208,0.0,0.0,1.2030092640334067,1.1995515472175604,0.984
P5,1.2,47,99.96246435778006,687.293868055102,0.0,0.0,1.2032990841152233,1.1991831885681625,0.984
P5,1.2,48,112.51295166446829,692.1504867201469,0.0,0.0,1.203818892556897,1.1988912430306582,0.984
P5,1.2,49,125.65816464795874,690.6075201540618,13.521794189220202,14.604886293819927,1.2042771060861748,1.199147789166258,0.984
P5,1.2,50,138.21785827781517,679.7592084150431,19.545054233509326,49.15574324731691,1.2045769317261832,1.1990595170541463,0.984
P5,1.2,51,149.27363108605917,656.5977232956985,22.233658789131056,104.79520212003986,1.2049858489592578,1.1989406099056783,0.984
P5,1.2,52,157.00570082217143,618.3935853617319,16.680232953088098,182.17669679033673,1.2055765108605379,1.1991488837585975,0.984
P5,1.2,53,158.33107277420044,563.5455564952201,-0.04279349345606541,277.1757974768094,1.2063940455628521,1.1992036768103365,0.984
P5,1.2,54,151.37225160966003,492.7945669685881,-24.944874075809235,380.99683190001264,1.2075204925124854,1.2001647641496378,0.984
P5,1.2,55,135.70045574271595,409.9338324590404,-52.139071764852105,481.2569233352996,1.2086039429080007,1.2026013357996366,0.984
P5,1.2,56,111.4574561325613,321.6914304076646,-77.08256867403337,566.4712413831157,1.2095111354525896,1.2024778924426733,0.984
P5,1.2,57,81.86292729739594,236.68943782597853,-96.54308065537205,631.7932593175019,1.2101394793143767,1.1950369031520744,0.984
P5,1.2,58,52.743474688748634,163.06422999113934,-108.64063086759194,679.7998350578679,1.2093438390883433,1.1790196389930587,0.984
P5,1.2,59,28.438659202572197,105.40009185374848,-114.16890400313329,715.5613946660856,1.20609230066952,1.160109405662625,0.984
P5,1.2,60,11.127942222506668,63.62538163340495,-114.82789497233786,742.1269148980507,1.2005597837731001,1.1504443105269686,0.984
P5,1.2,61,1.5933343679445071,35.20996356518957,-111.28964871751099,760.6159298957706,1.19275789597216,1.1549224889147585,0.984
P5,1.2,62,-1.9928474633391293,17.473915547938187,-105.03869628282291,771.754742082394,1.1858119836260734,1.170967038626421,0.984
P5,1.2,63,-2.8330570897560974,7.503860019212186,-98.29726782090762,775.7708313329102,1.1841661054379833,1.1897994922817259,0.984
P5,1.2,64,-2.3384860039936397,2.078221542883638,-91.78300744771278,772.5586513819485,1.1881901964418309,1.202455730581462,0.984
P5,1.2,65,0.0,0.0,-85.78272618544278,763.0138154865614,1.1959360153801304,1.2070087310820115,0.984
P5,1.2,66,0.0,0.0,-81.13283249870395,749.0677780883274,1.2035166074269417,1.2060005058658378,0.984
P5,1.2,67,0.0,0.0,-77.41022194240537,732.1403350147137,1.207158325703223,1.2030005611700643,0.984
P5,1.2,68,0.0,0.0,-73.58515403174191,712.7330992813849,1.206586925029131,1.201231659475067,0.984
P5,1.2,69,0.0,0.0,-69.86536740968992,691.4852497270297,1.2031477906270902,1.2014061250289712,0.984
P5,1.2,70,0.0,0.0,-66.27101725396305,669.389006127103,1.1989481177097834,1.202164787949093,0.984
P5,1.2,71,0.4397065686185471,0.0484853594676777,-62.1507891374782,647.0844926807031,1.1966193978420985,1.203109814317964,0.984
P5,1.2,72,0.5345019055294193,0.21565773497846621,-57.7376871766734,625.1712857565353,1.196683545657304,1.2041527900499904,0.984
P5,1.2,73,0.3207095931558347,0.290973341432542,-53.53537733825719,604.9287334879072,1.1979777702495291,1.20468791419417,0.984
P5,1.2,74,0.11611460593341333,0.30368012532732935,-49.00368875236157,587.6673764588198,1.1994401431900343,1.204910629687258,0.984
P5,1.2,75,0.23585231436210766,0.25795607365197637,-44.05015041202428,573.8154458208181,1.2002619446054728,1.2053626183921082,0.984
P5,1.2,76,0.429267330264278,0.18863371869646445,-39.35905540428586,563.3989249229019,1.2002916846713796,1.2057268665718908,0.984
P5,1.2,77,0.5316354999465696,0.15714925130973925,-34.61857939335287,556.5512218567185,1.1999315687633796,1.2059584973996307,0.984
P5,1.2,78,0.6068076807542296,0.1810221223778949,-29.344370615530625,552.8729437869391,1.199462073252093,1.206213250446821,0.984
P5,1.2,79,0.5591224743492669,0.1941555363122029,-24.105901833191744,551.3047740999291,1.199023926283075,1.2057223999866546,0.984
P5,1.2,80,0.40854271695793143,0.14798004273481605,-19.023314180052008,551.1490272718356,1.198994309007268,1.204850943864032,0.984
P5,1.2,81,0.30065186113839804,0.10529144199109314,-13.376752875564252,552.3936572911492,1.1993250365763475,1.2041692096319894,0.984
P5,1.2,82,0.2041429026973369,0.11636999376933135,-7.33020704939512,554.9841928572033,1.1994720840422735,1.2032418073018913,0.984
P5,1.2,83,0.10311033407448826,0.133964322202375,-1.339753687704034,558.6976409432732,1.199606290159334,1.2024753202684646,0.984
P5,1.2,84,0.1966827858650266,0.11820385413865406,4.955783280994479,563.7283685278489,1.199690910313552,1.202283177973245,0.984
P5,1.2,85,0.3834574487920526,0.10475384082878804,11.73556070182001,570.5869159623456,1.199531198883566,1.202229868269434,0.984
P5,1.2,86,0.39520068844879885,0.13753594683085404,18.614200309916836,579.3915282321435,1.1992992865847065,1.2023536125371412,0.984
P5,1.2,87,0.3149446062796959,0.2058532849463673,25.729543391076646,589.9264798061172,1.1991085253063816,1.2027119255082495,0.984
P5,1.2,88,0.27081308559561573,0.2899348681037438,33.3900808956957,602.2380032001942,1.1988607019833761,1.2028334697540042,0.984
P5,1.2,89,0.23788497974215922,0.3533342642352454,41.30812787459897,616.3970393222903,1.1987899169462928,1.2030043593618678,0.984
P5,1.2,90,0.17450873392324726,0.29604529451471695,49.507027671158546,631.9413907015482,1.1990947854902623,1.2031306754710516,0.984
P5,1.2,91,0.0,0.0,58.29992034756907,648.2577427665206,1.199437529423466,1.2027170854415203,0.984
P5,1.2,92,0.0,0.0,67.49194821354634,665.0512088196845,1.1997514190895813,1.20224149235149,0.984
P5,1.2,93,0.0,0.0,76.85663542959799,681.7926720855057,1.1997909018231772,1.2020023933063435,0.984
P5,1.2,94,0.0,0.0,86.5656304055454,697.3789798611468,1.199576662328027,1.2019428900331188,0.984
P5,1.2,95,0.0,0.0,96.5576281738182,710.8432154110774,1.1994996337312571,1.2022585558450358,0.984
P5,1.2,96,0.0,0.0,106.64732223039411,721.5975522469548,1.199313577946125,1.2028175859874932,0.984
P5,1.2,97,0.0,0.0,117.04311118652431,728.6328778373678,1.1991564759717084,1.2032156981833384,0.984
P5,1.2,98,0.0,0.0,127.75246932802523,730.2311612389383,1.1992724911655384,1.2034300576423878,0.984
P5,1.2,99,15.278009572174646,11.148727671838513,138.3044689119555,724.5038235267272,1.1993853011819047,1.2035620552725264,0.984
P5,1.4,0,13.305990699463814,11.27368681153548,167.28651289364277,762.7277247239111,1.3994136007011755,1.4051400612771505,0.945
P5,1.4,1,19.147477571950265,45.595696101213925,177.71804096963425,740.4936978712782,1.3996408215106095,1.405823741323024,0.945
P5,1.4,2,22.189939164275422,100.80630160365868,184.94569449315318,702.9538455590456,1.3998987620425973,1.4060906298931406,0.945
P5,1.4,3,16.95221088519938,177.02538429349553,186.716465317122,648.313935402741,1.3997256168029177,1.4065743592766502,0.945
P5,1.4,4,-0.3226932893997992,270.32841662592097,180.48367310259425,576.3952251252979,1.399181811968513,1.4074662461607677,0.945
P5,1.4,5,-26.82669114885026,373.0982033519154,164.6138409762982,489.8531064270682,1.4003775041616073,1.408702917526808,0.945
P5,1.4,6,-57.46532656204666,474.7592973781703,140.14316187524605,394.72379756840695,1.4033697229359736,1.4099466384620971,0.945
P5,1.4,7,-88.14120821441666,565.3053543874267,108.85164898611063,299.4128822333044,1.4009558967178135,1.4106054302282707,0.945
P5,1.4,8,-114.15699326569539,638.6525286612299,74.56777864841932,212.7338502399203,1.3873673250342562,1.4100915730090446,0.945
P5,1.4,9,-131.6758668978892,695.0647462486211,44.138142212921785,141.0600937580619,1.3687940374312222,1.4084515642046702,0.945
P5,1.4,10,-140.85762654660505,739.3813626393835,21.827228652826243,87.09570217694161,1.3532340449484135,1.40550373317799,0.945
P5,1.4,11,-143.59034480310734,775.5671321882517,7.232805257103795,49.82549740850682,1.3460258084014771,1.3998902887861642,0.945
P5,1.4,12,-140.88763171696115,803.9333882140046,-0.31223289168399787,25.66077768157229,1.3531426812116891,1.3916740976942192,0.945
P5,1.4,13,-133.2235737960769,823.0850772793092,-2.4117569056478656,10.692942187245485,1.3716836505167422,1.3841486631141469,0.945
P5,1.4,14,-123.3073154246314,832.3228835328708,-2.421779713834589,2.19104186671523,1.3905033898142711,1.3810949263621093,0.945
P5,1.4,15,-113.73666093829019,831.9993257587074,0.0,0.0,1.4029685718456222,1.3849561812493856,0.945
P5,1.4,16,-104.11606305970176,822.7260909453618,0.0,0.0,1.407729690664285,1.3940963550290175,0.945
P5,1.4,17,-94.56811235489134,805.43297821042,0.0,0.0,1.4075699405276079,1.4033281198220602,0.945
P5,1.4,18,-86.31437320255469,781.8590224941408,0.0,0.0,1.4059043892813456,1.408500268350572,0.945
P5,1.4,19,-78.83726607448145,753.9083013577821,0.0,0.0,1.4045906168687532,1.4084569897073294,0.945
P5,1.4,20,-71.03074292921745,723.1082671752625,0.0,0.0,1.4042963274777247,1.4046806184843845,0.945
P5,1.4,21,-63.80521959091052,690.8069260351048,1.092282660144566,0.20166750295270272,1.404956607864941,1.4001052784634809,0.945
P5,1.4,22,-57.80006837098451,658.3841282611819,0.7620363628843484,0.3402681414715928,1.4061470644450014,1.3972371221905375,0.945
P5,1.4,23,-52.05237652084928,627.1368119666673,1.0081688743921042,0.44501923932193804,1.4074774302086046,1.3967550818195353,0.945
P5,1.4,24,-46.51244390541149,597.9975663415323,1.4955052262081545,0.47259279900341583,1.4084347921447165,1.3975756237978247,0.945
P5,1.4,25,-41.87042878860553,571.8363741552114,1.0483040342937409,0.3458420750093372,1.409174951283493,1.3986520949368766,0.945
P5,1.4,26,-37.56005889734631,549.8760830466478,0.5956251832451122,0.23561746855784538,1.4095819212838077,1.3997890661244135,0.945
P5,1.4,27,-32.73072936249235,533.1002677469462,0.948080536861242,0.25605827843444284,1.4089996565266687,1.4007200084768436,0.945
P5,1.4,28,-27.953487576914558,521.4274279256174,0.9828913282134619,0.25049651642541876,1.4078236373448874,1.400903843867619,0.945
P5,1.4,29,-23.40879782236437,513.8977464629623,0.45637856066524096,0.12143140208450563,1.4067656428955648,1.4005286918476083,0.945
P5,1.4,30,-18.307181847980335,509.79955137649586,0.471356147653837,0.027831790775983863,1.4060538583991995,1.399842504433346,0.945
P5,1.4,31,-12.914121362237953,508.97352454007364,0.7376460504728868,0.07739342975549522,1.4057115615332432,1.398926597995971,0.945
P5,1.4,32,-7.8018252575940625,510.93389772117683,0.326799171289231,0.1387702024487633,1.4054860405834249,1.3985793129320425,0.945
P5,1.4,33,-2.391088092376491,514.7637076301413,-0.0337686541450691,0.1045233536613417,1.4047749748379073,1.3991928199208592,0.945
P5,1.4,34,3.696165436428567,520.0404804762578,0.22017205400160292,0.06600030039597173,1.4036437772056978,1.3999441647400694,0.945
P5,1.4,35,9.775786397160484,527.0087400981325,0.3163580783399006,0.12237533320813246,1.4028426340486484,1.4001908680966593,0.945
P5,1.4,36,15.85623938212054,535.8180442037326,0.1389855961062609,0.20530233737622902,1.402800634062535,1.4000003640684215,0.945
P5,1.4,37,22.6078113209371,546.3534773261727,0.3352036890238787,0.27325147493331875,1.402898334082576,1.3996041625506483,0.945
P5,1.4,38,29.74780890857009,558.7049489328157,0.5839386657173871,0.44729665553571396,1.4027390460034785,1.3992642559766368,0.945
P5,1.4,39,36.92979459916257,572.9925132449177,0.31951590982157524,0.7084639601873426,1.4028006909739639,1.3993912338324432,0.945
P5,1.4,40,44.801410720580776,588.9870650607977,0.05232223458519724,0.7466124412849318,1.4028238935584239,1.39990812481158,0.945
P5,1.4,41,53.699369159704716,606.4508718881168,0.03584857665960446,0.3332435178813613,1.4025926844501184,1.4001880611843744,0.945
P5,1.4,42,63.17028872258064,625.2555185651744,0.0,0.0,1.4026077948333044,1.399891033713014,0.945
P5,1.4,43,73.43094422624488,644.7766000746238,0.0,0.0,1.4028723013000293,1.3995060884276662,0.945
P5,1.4,44,85.06784495541827,663.7779265182594,0.0,0.0,1.4030157344057723,1.3991267592977294,0.945
P5,1.4,45,97.78937480993464,681.0851715962132,0.0,0.0,1.4029700134828795,1.3993112588360843,0.945
P5,1.4,46,111.21862078113867,695.7037951185679,0.0,0.0,1.4029851994350775,1.400202886793265,0.945
P5,1.4,47,125.53901509343864,706.1888531398124,0.0,0.0,1.4031446134004364,1.400511621912995,0.945
P5,1.4,48,140.42147326029945,710.3758518276741,0.0,0.0,1.4039556236339374,1.3997595321899405,0.945
P5,1.4,49,154.7957513528232,705.6775455269214,8.938600025095377,7.377067253742343,1.4055138607707731,1.399083698098935,0.945
P5,1.4,50,167.66653771238478,689.3534986756505,12.467910816245778,42.40097205393642,1.4068966935684064,1.399107565219503,0.945
P5,1.4,51,177.58273525681076,658.746644983865,13.8099373831306,101.39021167060153,1.4076436284937575,1.3995397432117485,0.945
P5,1.4,52,181.95417687986858,611.8303130066806,8.613162220664416,185.96652218358167,1.4081109345288332,1.4000342081066373,0.945
P5,1.4,53,178.00328498741496,548.1388072286095,-7.320772664707006,291.80101750710327,1.4086816222193383,1.4000634270416787,0.945
P5,1.4,54,164.0106894490838,469.7789194468756,-33.060066529641865,408.1642788628077,1.4096245009607802,1.3993953585170171,0.945
P5,1.4,55,140.36620227771039,381.93457088293115,-63.26355937687883,520.2822359842031,1.4109501939916838,1.3994719247819547,0.945
P5,1.4,56,109.61875891689084,292.36122380051705,-92.75271175818676,615.2514640017805,1.4116040355044306,1.400380786732552,0.945
P5,1.4,57,76.26113698276795,209.62974573916026,-117.8344614586041,687.1269545213904,1.410648846664601,1.3969297386905288,0.945
P5,1.4,58,46.072773752988205,140.41934154618843,-135.76809716525818,737.6277553202926,1.407948379674504,1.3835814521173775,0.945
P5,1.4,59,23.397585719060995,87.71716998906902,-145.97561938831913,772.8078537112366,1.4029354401430991,1.364371250672486,0.945
P5,1.4,60,8.771499660335483,50.75621276545005,-149.55285475034378,798.5419307873602,1.395055447686189,1.349267067986964,0.945
P5,1.4,61,0.7846630900358447,26.438702022575136,-147.44888847975184,817.9642606953978,1.3860048487438805,1.3454968645488703,0.945
P5,1.4,62,-2.2918617564373123,11.346800223508806,-140.37268736218994,831.5451480992863,1.3803856296623183,1.357051378983996,0.945
P5,1.4,63,-2.716954969501842,2.885192449415123,-130.25342550080546,838.3803681429031,1.3820196455594154,1.3775210086899676,0.945
P5,1.4,64,0.0,0.0,-119.39104373173754,837.4710052342908,1.3896376758470124,1.3953182313284125,0.945
P5,1.4,65,0.0,0.0,-108.37538657948177,828.3824157751529,1.3991588262287349,1.4057137187516557,0.945
P5,1.4,66,0.0,0.0,-97.6979318555055,811.3173207446802,1.4069403421597995,1.4085244056604678,0.945
P5,1.4,67,0.0,0.0,-88.63832887492183,787.0571161682684,1.4093623055919504,1.4065053508053325,0.945
P5,1.4,68,0.0,0.0,-81.15495034718235,756.9269889675476,1.4065427700010176,1.4042589592686727,0.945
P5,1.4,69,0.6045818537839137,0.335259320392347,-74.0728355077218,722.8370326248834,1.4017817395071894,1.403890464652332,0.945
P5,1.4,70,0.6364932484251365,0.6578697563998586,-67.41203708953798,686.8586469619894,1.3977611389278486,1.404962551052075,0.945
P5,1.4,71,0.5315062776183045,0.7105403799763508,-61.664169664608494,650.7158042012089,1.3961378466159817,1.4064592918057952,0.945
P5,1.4,72,0.6517504370319953,0.5846004609977944,-56.190289448832836,615.7985968568084,1.3968976559911581,1.4077090723472643,0.945
P5,1.4,73,1.0089537930302874,0.38938261883227454,-50.66179847917357,583.3769906537796,1.3985428108349425,1.408555247546367,0.945
P5,1.4,74,0.998619887568888,0.2066125378196825,-45.69078119033954,554.6231062326316,1.399962410847325,1.4090171828541078,0.945
P5,1.4,75,0.673015905132015,0.04836132925525362,-41.17155747698737,530.4349221489518,1.4006530767607315,1.4093835891842799,0.945
P5,1.4,76,0.0,0.0,-36.345531145713544,511.34777028346485,1.4004739802708448,1.4097082015955422,0.945
P5,1.4,77,0.0,0.0,-31.450596966491307,497.5363912966002,1.400051315185602,1.4093997604257682,0.945
P5,1.4,78,0.0,0.0,-26.837730241502587,488.7628533275938,1.3998801523961417,1.4084652773464277,0.945
P5,1.4,79,0.0,0.0,-21.873407676564238,484.4430068163241,1.3996632922316947,1.4076437284560894,0.945
P5,1.4,80,0.0,0.0,-16.34690800876102,483.78043442681565,1.3992091051333468,1.4070610010787634,0.945
P5,1.4,81,0.7688274353949138,0.04109956937773006,-10.757619832570498,486.00907195615844,1.3990073022674234,1.4064141778128523,0.945
P5,1.4,82,0.4816210208404114,0.2873523941695011,-4.934333694097467,490.64485310376693,1.3993770341846432,1.4055523243131207,0.945
P5,1.4,83,0.40254548075206914,0.3767645121020819,1.696183741828893,497.5542126660997,1.3997528600125029,1.404456191934058,0.945
P5,1.4,84,0.4041070054365329,0.39457381873217157,8.807933396971093,506.9080988464332,1.3998255974149925,1.4031690892873179,0.945
P5,1.4,85,0.3175351849653229,0.4574360686502175,16.0539357890566,519.04032848513,1.3998370027744735,1.4023895938640174,0.945
P5,1.4,86,0.30466678582102763,0.5338472474339054,23.84234023931254,534.1957248845235,1.3999018716706888,1.4025663282980896,0.945
P5,1.4,87,0.35838042606272963,0.5733396527724534,32.200405465207325,552.371544398043,1.3996712877849888,1.4029805219652953,0.945
P5,1.4,88,0.20954458062190495,0.5888764644731176,40.741270476059576,573.2984220154177,1.3993954294448914,1.4030575149460567,0.945
P5,1.4,89,-0.06379523693967312,0.5739026036695742,49.65565750910452,596.5256113042608,1.399691029752008,1.4030024395274443,0.945
P5,1.4,90,-0.25183086846634256,0.4343430061004375,59.311093940388595,621.504185103275,1.3999613103131971,1.4029375321519142,0.945
P5,1.4,91,0.0,0.0,69.46248075523269,647.5924626224026,1.399831885128927,1.4029207880159626,0.945
P5,1.4,92,0.0,0.0,80.0559033123136,673.988728144559,1.3996552980842125,1.4030503501408178,0.945
P5,1.4,93,0.0,0.0,91.51749401254993,699.6761852572065,1.39940781508807,1.4030797472622742,0.945
P5,1.4,94,0.0,0.0,103.73570351486549,723.5303944083444,1.3993908969865305,1.4026840323845318,0.945
P5,1.4,95,0.0,0.0,116.25263833856506,744.319783295997,1.3998590489202216,1.4022145902634757,0.945
P5,1.4,96,0.0,0.0,129.10203750013014,760.5055302202434,1.4001460399586847,1.402194921653691,0.945
P5,1.4,97,0.0,0.0,142.30312799401688,770.2338219792636,1.3999026398183247,1.402547609474938,0.945
P5,1.4,98,0.0,0.0,155.23944198993004,771.5081069134123,1.399512918037013,1.4033349769534993,0.945
P5,1.4,99,13.306252095536019,11.27580104249421,167.27495521991486,762.2208741813135,1.399402340238045,1.4047763740710468,0.945
P5,1.6,0,8.94265122641822,11.69260903695222,203.27278617661906,747.9943696505545,1.5997679884359697,1.6068387204078434,0.891
P5,1.6,1,9.335200695436727,56.68930669835232,210.4318453476715,711.3153639925406,1.599644916364826,1.6086399824843056,0.891
P5,1.6,2,6.001614880123833,130.4827114739745,211.14620101650286,657.190048297729,1.599349476399124,1.6100223729312604,0.891
P5,1.6,3,-5.1637983598423185,234.89824069265995,203.44447445501424,586.4361950014022,1.5991120331670585,1.610518186913608,0.891
P5,1.6,4,-28.69189225914107,363.28596645179624,185.7857078655985,502.075795803864,1.5988693636749514,1.6106777549685452,0.891
P5,1.6,5,-63.41631936521736,499.5518216131574,158.1140996889208,409.60762298962914,1.5984000142211503,1.6111995320934969,0.891
P5,1.6,6,-101.34055307294744,622.9180852327397,123.78973673061874,316.43919927284713,1.5986235971961553,1.6116079088085817,0.891
P5,1.6,7,-134.15372998764968,717.5318296651826,88.26837917108911,230.12381214447547,1.5985741201994517,1.610468285149871,0.891
P5,1.6,8,-157.2820713429637,780.3833058028738,55.909466797851394,156.43552695138627,1.591066515127557,1.6065050874766411,0.891
P5,1.6,9,-170.91917733285925,820.2601102371508,30.527789100688526,98.61168827621651,1.5699474944103295,1.5997726995329666,0.891
P5,1.6,10,-176.10790088046303,848.5293395140995,13.697424122243689,57.00465450341355,1.5417696928461977,1.5914651852480854,0.891
P5,1.6,11,-172.99532668517014,870.4682274329624,4.0456960589376925,29.338544741137923,1.525509173340889,1.5831913256930783,0.891
P5,1.6,12,-163.6327708916724,885.2722162393235,-0.25182986021380627,11.929212820789655,1.5336455033768333,1.578370619465105,0.891
P5,1.6,13,-150.26102563464792,891.1688837645407,-2.044035040951434,1.7680000781115424,1.560269908228073,1.5801417222332783,0.891
P5,1.6,14,-135.24518411609114,887.963104888524,0.0,0.0,1.5902530483406692,1.5878190260742964,0.891
P5,1.6,15,-120.54427634736005,875.9304254745969,0.0,0.0,1.6111375876305114,1.59776005816705,0.891
P5,1.6,16,-107.09832144618466,855.0927900169999,0.0,0.0,1.619580148294627,1.6056515700314218,0.891
P5,1.6,17,-95.45043979005841,826.535052123657,0.0,0.0,1.619277557964237,1.6087579575755757,0.891
P5,1.6,18,-84.89210352100825,792.5552954323607,0.0,0.0,1.6147365788797867,1.6071068105426225,0.891
P5,1.6,19,-75.17297957478023,755.320714109675,0.0,0.0,1.6098554807112464,1.6027496403497814,0.891
P5,1.6,20,-66.30913311566714,716.0608121473792,0.7537253123484076,0.11790050200378507,1.6068610170525066,1.598348736886857,0.891
P5,1.6,21,-58.32756615918393,676.2587264499289,0.688723252074969,0.3332425374243229,1.6061624472277103,1.596058668508012,0.891
P5,1.6,22,-51.390830822797476,638.2182532753969,0.5865263665395031,0.6910129909627203,1.6072115895173356,1.5961731555696381,0.891
P5,1.6,23,-44.999905355044596,603.3299869444234,0.6414707975027764,1.0842859076186524,1.60906500121856,1.597633360806152,0.891
P5,1.6,24,-39.34287548180543,571.3451239179562,0.692383100756677,0.9357291261833034,1.6109256414978734,1.5992263553487285,0.891
P5,1.6,25,-34.21232711080788,542.1813662974209,0.3327584192900935,0.28753371522842136,1.6121003512997856,1.600460419295884,0.891
P5,1.6,26,-29.129323744330133,517.4314933752473,0.0,0.0,1.6121804026499829,1.600970318896695,0.891
P5,1.6,27,-24.361510844872345,499.0336376200248,0.0,0.0,1.6114596944199258,1.6007785331953743,0.891
P5,1.6,28,-19.62262440417508,486.88444159123856,0.17684254411818726,0.24789442482267482,1.6103382804663964,1.6003222518836944,0.891
P5,1.6,29,-14.595860410446553,479.08204998964186,0.17552238315814622,0.23930965314183741,1.6088917811254935,1.5998240103220323,0.891
P5,1.6,30,-9.071078663443616,474.3085662559822,0.2015761761813227,0.07333487531316493,1.6074098508579437,1.5992351632846642,0.891
P5,1.6,31,-3.3056650744001974,472.77293005333263,0.45200926242314743,0.040074515016066764,1.6062112041211907,1.5987967786710087,0.891
P5,1.6,32,2.232943999515024,474.91842309855673,0.7929846225573643,0.1139809509191554,1.6051757900295325,1.598888236795242,0.891
P5,1.6,33,8.064102535705802,480.16116341485275,0.7743446552314152,0.12997272882535327,1.604303662339867,1.599360369096124,0.891
P5,1.6,34,14.454451571224492,487.2643499330576,0.5704041411859435,0.18294627967206833,1.6039189422586189,1.599603035065049,0.891
P5,1.6,35,21.071803408766723,495.59815718098366,0.39312363334515604,0.40608515763951486,1.6038284447730553,1.5995195764194636,0.891
P5,1.6,36,27.772806206418814,505.54725906285785,0.1960696443163687,0.6259183327831048,1.6037042077974195,1.5995618360404678,0.891
P5,1.6,37,34.90167083427592,517.8112594795141,0.02543823076618765,0.6301674615529936,1.6034357783165647,1.5997019470623035,0.891
P5,1.6,38,42.757199752376806,532.7700821560345,-0.14009840838510185,0.5819953425685945,1.603153609313326,1.5997144204228348,0.891
P5,1.6,39,50.98779357521141,550.3571721717129,-0.264104171769031,0.6849372316664682,1.603182132799259,1.5996515854140778,0.891
P5,1.6,40,59.66101062047634,570.0682708644805,-0.3657345525489852,0.5641835230402804,1.6031564690781528,1.5995281891448432,0.891
P5,1.6,41,69.40214549895975,591.206793177005,0.0,0.0,1.6029030276207754,1.599338511561088,0.891
P5,1.6,42,80.55021378569724,613.2894613211722,0.0,0.0,1.6028958693789968,1.5991657111200615,0.891
P5,1.6,43,93.02171224491931,635.964639190624,0.0,0.0,1.6031003784207931,1.5992198415965844,0.891
P5,1.6,44,106.72942415785703,658.1966350582527,0.0,0.0,1.6031137370708715,1.5994403378307263,0.891
P5,1.6,45,121.86677982257407,677.6994644438059,0.0,0.0,1.603087062353581,1.599528083868347,0.891
P5,1.6,46,138.1016447971043,691.7132722942117,0.0,0.0,1.6033441121823182,1.599448941895694,0.891
P5,1.6,47,154.5172457729585,698.0855805086709,0.0,0.0,1.6039735200136132,1.5995926370655937,0.891
P5,1.6,48,170.19108122688013,695.0164400210424,0.0,0.0,1.6048734001646319,1.599844447548461,0.891
P5,1.6,49,183.73358788185476,680.044357851772,7.429754243011256,12.902553396183242,1.6060961716396918,1.5998521381418764,0.891
P5,1.6,50,193.0740013050139,650.1551602825288,6.857350597975877,60.33691525909135,1.6077539726554197,1.5996744555272593,0.891
P5,1.6,51,195.87530606624028,603.3882683395349,2.2495614831683755,137.76498055952968,1.6093510317488524,1.5995726354756958,0.891
P5,1.6,52,190.20192136371494,540.3773302522984,-9.614188048799425,247.14992972883164,1.6103849272106359,1.5994386268138967,0.891
P5,1.6,53,174.8349733911213,464.5449807860261,-32.23495248199527,381.3468649654021,1.6112528172500156,1.598949988489469,0.891
P5,1.6,54,149.7011446300858,381.3208361364969,-65.2564660712626,523.6396851474351,1.6119190165225026,1.5981647542662336,0.891
P5,1.6,55,117.73388655547012,297.1031757401029,-102.23105587473665,653.4552787984168,1.612091421909618,1.5975419269594529,0.891
P5,1.6,56,84.61388559908718,218.25346150680102,-135.04494320854022,754.9005503852269,1.6113744273186696,1.595082424376143,0.891
P5,1.6,57,55.20610842799995,150.05569874917776,-159.29096343295367,822.844148533707,1.6089010189806119,1.5844100617190022,0.891
P5,1.6,58,32.05878058951,95.81376058310033,-174.62774660658653,862.8599651843454,1.6038783190775328,1.5621798063614765,0.891
P5,1.6,59,15.985655643243373,56.323569841921454,-181.43263649942688,885.2896624751231,1.596139115062164,1.5376652118363274,0.891
P5,1.6,60,6.3952303602874006,29.86621373285785,-179.78479587096712,898.2093536422963,1.587140839758859,1.527447257538942,0.891
P5,1.6,61,1.578836719695999,13.23355986960773,-171.23476089142736,904.7127039929832,1.5805251686128705,1.5380926205078815,0.891
P5,1.6,62,-0.5882430679128743,3.3302261920099707,-158.38089839986512,904.7446201983148,1.5793168250158411,1.5643376289793736,0.891
P5,1.6,63,0.0,0.0,-143.17546841975195,897.6007426600771,1.5843431672899688,1.592785429923699,0.891
P5,1.6,64,0.0,0.0,-126.95456829759702,882.7326229959605,1.5932952477524533,1.612373066115952,0.891
P5,1.6,65,0.0,0.0,-111.54820827717182,859.7012342115669,1.6020642462341377,1.619931337387318,0.891
P5,1.6,66,0.0,0.0,-98.49488969632418,828.7179001596261,1.6072036300331929,1.618900104743461,0.891
P5,1.6,67,0.0,0.0,-87.62705240694275,791.2879266680405,1.6076661488818695,1.6142585095901192,0.891
P5,1.6,68,0.0,0.0,-78.3271205058242,749.7734539034175,1.6045591608674936,1.6099931840263437,0.891
P5,1.6,69,0.0,0.0,-70.47612163457741,706.4730115161165,1.6004290753448125,1.6080897477586982,0.891
P5,1.6,70,1.1216999634645552,0.2292174672260249,-63.690305896600584,663.3149100225324,1.5976764021444627,1.6083375152977808,0.891
P5,1.6,71,1.0042576022213567,0.5806130082312013,-57.28687040655363,622.0236467784897,1.596851690292203,1.6096618076295601,0.891
P5,1.6,72,1.001709284852751,0.7946787078134708,-51.10178336446609,583.9542161738585,1.5975832559320897,1.6110082786986,0.891
P5,1.6,73,0.9079356651100153,0.5954420840232781,-45.55550719546271,549.7037930434062,1.599034325624966,1.6117308092533427,0.891
P5,1.6,74,0.7505177553824526,0.10471932754192369,-40.52118932620332,519.5081814630968,1.6001936962728907,1.6118431980250754,0.891
P5,1.6,75,0.0,0.0,-35.39890906453174,493.9873426459383,1.6006890496402424,1.611534096915554,0.891
P5,1.6,76,0.6905430628641236,0.04165833432637893,-30.18095465450972,473.866396306885,1.6006424046124783,1.6108008185519238,0.891
P5,1.6,77,0.4913396850362065,0.42202548899157305,-25.132056299611197,459.1325880002471,1.6001859871373396,1.6098539921291535,0.891
P5,1.6,78,0.36220169969695004,0.43240327171803844,-20.05240898504758,449.1115458756611,1.5995949149240736,1.6090397462073707,0.891
P5,1.6,79,0.44667247142109046,0.03741207727942198,-14.617642576837236,443.34510820402994,1.5990189939799906,1.608264982327412,0.891
P5,1.6,80,0.0,0.0,-8.989308642069215,441.7835132065665,1.5987319700380958,1.6073689318079332,0.891
P5,1.6,81,0.0,0.0,-3.206786790294483,444.155335408976,1.599024766841563,1.6064717998255422,0.891
P5,1.6,82,0.28711955887881413,0.35832666945421354,3.145888638659967,449.7773744190589,1.5996286322144089,1.6056929309189163,0.891
P5,1.6,83,0.4009397997049436,0.6097832225584634,10.178672163579648,458.1752359732221,1.5999743342688986,1.6050072649917444,0.891
P5,1.6,84,0.4310240836706867,0.6171773286677239,17.67997067165771,469.5342700319317,1.6000216261490228,1.6041524437613999,0.891
P5,1.6,85,0.3546909787021374,0.5758869113809364,25.67904623480631,484.321431744858,1.5998786019140696,1.6033530590214262,0.891
P5,1.6,86,0.3655192961543683,0.6508480596152381,34.379659180066504,502.77333363001947,1.5996166991542171,1.6029289034489485,0.891
P5,1.6,87,0.3967013862958125,0.8577339841000182,43.673736082909116,524.8657996595987,1.5993325909790013,1.6026967198674416,0.891
P5,1.6,88,0.3348088041428905,1.0503195834473193,53.33100441699066,550.4301547817566,1.599146801344385,1.6025383329276015,0.891
P5,1.6,89,0.2814206242028351,0.9884677860251223,63.57585578938557,579.0123742759284,1.5992977240047943,1.6027398040319463,0.891
P5,1.6,90,0.3719032103798073,0.4927943102826897,74.71164388577867,609.7334009294543,1.599539115096954,1.6031702803206014,0.891
P5,1.6,91,0.0,0.0,86.70346289135247,641.4758471189606,1.5995267718766937,1.6033696712594963,0.891
P5,1.6,92,0.0,0.0,99.62005956912486,673.1205195403863,1.5996697188546625,1.6032153526322552,0.891
P5,1.6,93,0.0,0.0,113.77592605044981,703.3810558513633,1.6000207768624302,1.6028734661479278,0.891
P5,1.6,94,0.0,0.0,129.1032548362238,730.5335904850041,1.6000987349864193,1.602674161614183,0.891
P5,1.6,95,0.0,0.0,144.99773856326863,752.5959628194211,1.5999100765393586,1.6028098026032096,0.891
P5,1.6,96,0.0,0.0,160.99580144252963,767.623423932753,1.5996536656133542,1.6032230221410375,0.891
P5,1.6,97,0.0,0.0,176.74805260592663,773.5244648557509,1.5994846154904776,1.6039693640739154,0.891
P5,1.6,98,0.0,0.0,191.28224912404573,767.7573828198575,1.5995461607266108,1.6049920901421757,0.891
P5,1.6,99,8.9451917914958,11.696248828179495,202.98584255252476,747.5753817200737,1.5997044034563974,1.6062639928340339,0.891
P5,1.8,0,3.1014230913039604,12.193656283064447,220.699987807428,718.5434597198077,1.799474108444536,1.806664442470162,0.852
P5,1.8,1,-1.5659418445249083,66.06278783700344,226.05876082828442,682.1951644966562,1.799048458532551,1.8077313431183917,0.852
P5,1.8,2,-10.812234454432962,153.71709191587186,223.78207210537363,628.7200827445649,1.7987104098999045,1.8088020565937377,0.852
P5,1.8,3,-26.593876298280282,277.2920156088289,212.31749774784853,559.5977238597583,1.798848209049524,1.8096989264896923,0.852
P5,1.8,4,-51.64129725067514,428.4360739336319,191.3556872767563,478.76159442549886,1.7992227843386268,1.8105389876249904,0.852
P5,1.8,5,-86.71355472111243,585.1792551941832,161.7426589809887,392.0778660321185,1.798744069437181,1.8114927933686606,0.852
P5,1.8,6,-125.66795747463505,719.4857180137293,126.12110533204344,305.62695170651807,1.7971903143093892,1.8118481972188254,0.852
P5,1.8,7,-158.6677767731114,812.9497915504653,89.93785602153471,224.8578406404062,1.7957130120799956,1.810684229007624,0.852
P5,1.8,8,-180.97793511110004,865.0975054671612,58.56283543453557,154.75159782233462,1.793466094086677,1.8078292014717101,0.852
P5,1.8,9,-194.15519600886418,890.1668543601163,33.77732378187609,98.75846774036526,1.7841555959707673,1.8029501235981207,0.852
P5,1.8,10,-200.63047063317757,905.2839097724725,15.928256026673834,57.64014942011788,1.7623341068570542,1.7954824037900787,0.852
P5,1.8,11,-199.23374917716424,919.4669999000771,5.038645900504628,29.4504033164478,1.7345875724467887,1.7862143524649574,0.852
P5,1.8,12,-189.14224970523986,932.5268210698713,0.003593034934710593,11.23048655874986,1.7183726195281124,1.7786381238244013,0.852
P5,1.8,13,-173.57445961121286,940.8270762959987,-2.0696683568596526,0.7695942880353237,1.7279043506260185,1.7762899682847155,0.852
P5,1.8,14,-156.26999692409592,941.9465429369276,0.0,0.0,1.7588834842158676,1.7798457289242884,0.852
P5,1.8,15,-138.47604699601817,934.8380909408215,0.0,0.0,1.7920258407769227,1.7877604496580781,0.852
P5,1.8,16,-120.34468298083863,918.7141327894481,0.0,0.0,1.8133531771699576,1.7974537451379065,0.852
P5,1.8,17,-103.77242489034742,893.4845149971208,0.0,0.0,1.8211354753660205,1.8051466296793859,0.852
P5,1.8,18,-90.04103117359207,860.4653325652343,0.0,0.0,1.820026911894379,1.8081335965641046,0.852
P5,1.8,19,-77.32273867502163,821.5104737445188,0.0,0.0,1.8153743575633396,1.806551686937474,0.852
P5,1.8,20,-64.51719270267868,777.9973765007284,0.11071201892992834,0.3796310513749454,1.8109081465764347,1.8027748184139245,0.852
P5,1.8,21,-52.8351316911634,731.4638561842279,0.27792070439253785,0.14384826962175484,1.808709517803209,1.7991007331253008,0.852
P5,1.8,22,-43.26618178097098,684.4349825860564,0.0,0.0,1.8089695126085028,1.79675624358987,0.852
P5,1.8,23,-35.239131912222796,639.4541877522249,-0.27657620834083063,0.3364233269577494,1.8105344910637828,1.7962787785132266,0.852
P5,1.8,24,-27.815362638737586,597.4710626421321,0.6612273390000555,0.9665576401771491,1.8126575882072955,1.7971944959529516,0.852
P5,1.8,25,-21.600626800586145,557.9659629644539,0.6151580039756294,0.7111406755336054,1.8145535342639643,1.7985925370736666,0.852
P5,1.8,26,-16.750118739135125,521.1150510909364,0.0,0.0,1.8156126406703414,1.7998335687084768,0.852
P5,1.8,27,-12.058476289676216,489.3146327910965,0.0,0.0,1.8157970409896416,1.8006036282845317,0.852
P5,1.8,28,-7.370453090548035,465.2656914171952,0.0,0.0,1.8150882553399392,1.8005120875614165,0.852
P5,1.8,29,-3.0177920277958004,449.0846529747331,0.41535057454882274,0.2619544172473465,1.8136236089277427,1.7999274828190752,0.852
P5,1.8,30,1.4939855096168884,438.55462222970306,-0.15466117406037036,0.14960660236560638,1.811832732874451,1.7996030123909674,0.852
P5,1.8,31,6.795469881914375,431.8603422132195,0.0,0.0,1.8098367328069975,1.7995358369027261,0.852
P5,1.8,32,12.529617061818637,429.02870556348904,0.16293584936144245,0.13609938882875622,1.8079359769283203,1.7992359617497133,0.852
P5,1.8,33,17.74366101730988,430.67796931572633,0.023851635758135026,0.2952696262559614,1.8068411274711305,1.798923101582019,0.852
P5,1.8,34,22.77700814171045,436.4250248256298,-0.3772645408407409,0.16332404657409538,1.8060782437880418,1.7989688600279532,0.852
P5,1.8,35,28.51763152232496,445.10199928462845,-0.2946658603040055,0.1317932675500026,1.8052511216281442,1.7994727434452304,0.852
P5,1.8,36,34.827852605567905,455.7312712467996,-0.02072500055891045,0.6021431087265908,1.805023514579444,1.799910103860499,0.852
P5,1.8,37,41.32546241868312,467.94072771737535,-0.25891669487640545,1.1444884296487985,1.8050731169436942,1.7998567467377171,0.852
P5,1.8,38,48.425972388157454,482.06707921763496,-0.519537126451047,1.1078295976596977,1.8045609949878187,1.7997042102369012,0.852
P5,1.8,39,56.84229985411873,498.95617222461385,-0.30856513310433886,0.6597863545090047,1.8035842192313993,1.799715169400728,0.852
P5,1.8,40,66.42470054365566,519.1483389073285,-0.11670670657092165,0.4069024628769045,1.8025693530051896,1.7996232327634385,0.852
P5,1.8,41,76.91841692045662,541.9986487502757,-0.2851513026696284,0.011845462907655091,1.8018872280675184,1.7993093296545224,0.852
P5,1.8,42,88.90465863166361,565.8542950459017,0.0,0.0,1.8018171095434914,1.7990889704447557,0.852
P5,1.8,43,102.71273311219575,589.3330150690515,0.0,0.0,1.8019319792123565,1.7989831429609857,0.852
P5,1.8,44,117.9246268945587,611.872511857504,0.0,0.0,1.8019757188868262,1.7990790997907775,0.852
P5,1.8,45,133.97858796673125,632.6335807735846,0.0,0.0,1.8024953687569576,1.7994594636337287,0.852
P5,1.8,46,150.52945132240302,649.1988619180158,0.0,0.0,1.8035309410731175,1.7997469553475187,0.852
P5,1.8,47,166.98079494189582,657.7660912668825,0.0,0.0,1.80449410100175,1.7997146941692854,0.852
P5,1.8,48,181.8356510883595,654.7356638885745,0.0,0.0,1.8051198386493306,1.7995717262319755,0.852
P5,1.8,49,193.3228951825746,637.9458166480106,2.9034551154784074,4.757744608667108,1.8056215152033148,1.7994748286383104,0.852
P5,1.8,50,199.71509942484042,606.6042670690919,-0.5522546919695828,50.73975366185131,1.8062205285605124,1.799287775712333,0.852
P5,1.8,51,198.97397350240024,560.6870803643817,-7.7212010818322145,128.06505872253152,1.8073663049584843,1.7992873180397877,0.852
P5,1.8,52,189.46618619083605,501.1338068755045,-20.976817379864816,240.07913374696537,1.8088101520471658,1.7995700489226483,0.852
P5,1.8,53,170.992316295018,430.7852197105191,-42.722070083190125,381.9382709688751,1.810115171055171,1.7996072707973987,0.852
P5,1.8,54,144.97800575867873,354.67844526154744,-73.78166278510625,537.5653144081057,1.8114049234871679,1.7989053309455252,0.852
P5,1.8,55,114.2359363982828,278.7980985808988,-110.97462387415978,683.5329466316151,1.8123293110764915,1.797491272513584,0.852
P5,1.8,56,83.09302098334405,208.39493022144666,-147.2864553423973,799.423882757717,1.8120376488139625,1.795677065402759,0.852
P5,1.8,57,56.033816406739305,147.13636411690703,-176.27386261250865,876.689771645231,1.8101085739984637,1.7915629490532312,0.852
P5,1.8,58,35.04615651899141,97.0367526797058,-195.67767708493213,919.998879444218,1.80619602293719,1.7809671605903712,0.852
P5,1.8,59,19.81288339860716,58.66595969201008,-206.56796760631482,941.4955819092775,1.7998255565425254,1.761571136312758,0.852
P5,1.8,60,9.618116295202897,31.435378158455613,-209.62045823863468,952.4828726259746,1.791450422201405,1.7386280272715129,0.852
P5,1.8,61,3.65993049008836,13.807448826838947,-204.2130751248489,958.9974563873275,1.7835262175313342,1.7247589109299526,0.852
P5,1.8,62,0.6977060454447238,3.674827241252542,-191.4228141567338,962.4540044811446,1.7791134054700584,1.7305095599913447,0.852
P5,1.8,63,0.0,0.0,-174.14058702863545,961.6945271353901,1.780067757663959,1.7536384450738902,0.852
P5,1.8,64,0.0,0.0,-154.49621061410713,954.3158961507087,1.7858829897914028,1.7833195132267219,0.852
P5,1.8,65,0.0,0.0,-133.8466618952795,937.9762434505383,1.7941393776816585,1.807703153346889,0.852
P5,1.8,66,0.0,0.0,-114.01061651824467,911.6044854256123,1.8014622648192593,1.8199818917418722,0.852
P5,1.8,67,0.0,0.0,-96.73282579772228,875.672045868423,1.8055099139735782,1.821191027173912,0.852
P5,1.8,68,0.4234191175201447,0.08734866598852431,-82.2076669442992,831.7827331299012,1.805825729856931,1.8172952371501547,0.852
P5,1.8,69,0.7149586029703906,0.6203224211082834,-69.64063887488045,782.1535818750083,1.8035345726839067,1.8133308690316627,0.852
P5,1.8,70,0.9232995259322699,0.53449943869247,-58.848061560156594,729.3738815590909,1.800219535743972,1.8112654325808524,0.852
P5,1.8,71,0.8347350262869002,0.35025585273305004,-49.758402752507365,676.1876795515354,1.7975591538671383,1.8114408020860033,0.852
P5,1.8,72,0.7749651141863273,0.43791168055597757,-41.66259088516106,624.9361652635866,1.7966830397767248,1.8133073798257506,0.852
P5,1.8,73,0.9675436018209554,0.6167050962040276,-34.14901995445568,577.1546850221613,1.7971986095810335,1.8153640134539433,0.852
P5,1.8,74,1.0243442178672315,0.5282334456011553,-27.57118569395546,533.6731819847627,1.7981541797275054,1.816452146340923,0.852
P5,1.8,75,0.7814156231606488,0.14140892032610808,-22.11921370444255,495.01514934375433,1.799315806920977,1.8163208510003537,0.852
P5,1.8,76,0.0,0.0,-17.281074098907535,461.7899611307308,1.800283515199707,1.8153893939910037,0.852
P5,1.8,77,0.0,0.0,-12.621277363512712,434.6504447330969,1.800418051262778,1.8143504126496135,0.852
P5,1.8,78,0.0,0.0,-8.244427909023122,413.90563194667067,1.8000597183326845,1.8133894553063792,0.852
P5,1.8,79,0.43151725615227515,0.12475071731008584,-4.1021189095131945,399.42445459229435,1.7997248759978761,1.8122904304975351,0.852
P5,1.8,80,0.48631541592979016,0.1785314756571898,0.24994445255425513,390.8854033727007,1.7994228670475925,1.8109295483792265,0.852
P5,1.8,81,0.71037618566666,0.09127177782297655,5.026822264833099,387.9428110073475,1.7991666114835423,1.809419656858317,0.852
P5,1.8,82,0.7525196969726657,0.035395690555396576,10.116001233053055,390.23444629308887,1.7990559864911213,1.8078036902705819,0.852
P5,1.8,83,0.6197412137877383,0.15134154174842862,15.654347308938464,397.32593912585315,1.7990473294162281,1.8064779846747636,0.852
P5,1.8,84,0.5738999988167408,0.40157921968175686,22.00456616194694,408.7577720633625,1.7992744708243789,1.8055115358863265,0.852
P5,1.8,85,0.6013553137799165,0.6402863723389721,29.226815694585657,424.169332814943,1.7996826443940288,1.8044967284841533,0.852
P5,1.8,86,0.5011609702548906,0.781761213885043,37.25173530941997,443.38638305359785,1.79972272323273,1.8034270494509468,0.852
P5,1.8,87,0.3389384951211555,0.8755435225991589,46.26636456420671,466.37174612036364,1.799449946079507,1.8028077706436076,0.852
P5,1.8,88,0.29265954241712694,1.0263411306658803,56.46982848767181,493.0292078329577,1.7992776689147785,1.802491798749684,0.852
P5,1.8,89,0.24286437630900193,1.1576603543927821,67.83887681801855,523.0086032379099,1.7992742832421351,1.8021960576642961,0.852
P5,1.8,90,0.06894824779638686,0.8740640226735793,80.33980829670892,555.6771414161169,1.7994062087768905,1.8021889599943721,0.852
P5,1.8,91,0.0,0.0,94.0915544396774,590.1452996912905,1.7994118040847988,1.8025200897879234,0.852
P5,1.8,92,0.0,0.0,109.1714697070051,625.1979459828406,1.7992641536122493,1.8026078947968645,0.852
P5,1.8,93,0.0,0.0,125.44103738270296,659.2310826798564,1.799395797440928,1.8023987149343559,0.852
P5,1.8,94,0.0,0.0,142.690081093237,690.3322765508977,1.7997103344446053,1.802543657928754,0.852
P5,1.8,95,0.0,0.0,160.62780359756678,716.3511635386017,1.7997612578776798,1.803224683918491,0.852
P5,1.8,96,0.0,0.0,178.56452258439114,734.8695951455904,1.7996852392024445,1.8038736770061328,0.852
P5,1.8,97,0.0,0.0,195.42366026633547,743.2078610896372,1.799807131775992,1.8043314829877024,0.852
P5,1.8,98,0.0,0.0,210.0086353485927,738.6557441232621,1.7998740383461314,1.8051150770082838,0.852
P5,1.8,99,3.1141456515879797,12.210892370315765,220.89836865960717,718.895628957733,1.7996300212877165,1.806299506867046,0.852
P6,1.0,0,2.487774860358552,10.977167033412009,123.5735467793479,776.4129488285755,0.9994368082655307,1.0032120637395523,1.244
P6,1.0,1,11.839122083936264,48.19969689770376,131.76065889219052,760.7321300828935,0.9993355975291041,1.0030571014539504,1.244
P6,1.0,2,24.30815556061442,112.48516466005205,140.0334379862767,737.2032070889934,0.9989008695540657,1.0036947255205422,1.244
P6,1.0,3,27.828650780461007,203.29978118128,147.2285924386866,703.1205136674878,0.9973008457374185,1.004280708122356,1.244
P6,1.0,4,13.082132045832033,312.6840737081528,150.77545793357456,655.2816925513068,0.9954923984737024,1.0047116895102903,1.244
P6,1.0,5,-13.359804344257046,427.7912755825795,149.0275441526842,591.5186266251342,0.9997359351858179,1.0048778638090177,1.244
P6,1.0,6,-42.4064453895088,534.5220666177086,140.15875911914495,512.1453072049218,1.0066550577494622,1.005180830301353,1.244
P6,1.0,7,-70.50106055743439,623.8257588598685,122.07224239984266,420.9776616732973,0.9975795163703876,1.0058274954914184,1.244
P6,1.0,8,-93.19301343368986,695.1608674052901,97.16762785606534,326.1570491110794,0.9742694426455097,1.0064496248330685,1.244
P6,1.0,9,-109.23199075087764,752.2506720727833,69.1406585959539,237.47941068442512,0.9584804003726043,1.0068671579040187,1.244
P6,1.0,10,-119.37328649095421,798.639144311421,42.25267041789227,162.41622709957582,0.9615054805073426,1.0058875466328723,1.244
P6,1.0,11,-123.6349925278293,836.2132866127247,20.97739477848673,105.48094243663668,0.9745326182238435,1.002586709374315,1.244
P6,1.0,12,-123.7361856624669,864.8074601174849,6.3337814581703125,66.3868091103199,0.9872856832011464,0.9980029681486647,1.244
P6,1.0,13,-120.31892680898274,884.2017914716439,-1.5106115035628234,40.269760510267176,0.993093382896021,0.9936793642852897,1.244
P6,1.0,14,-113.94134467643451,895.6255171220097,-4.067943757475285,22.87683919962458,0.993899409935778,0.9922107703399494,1.244
P6,1.0,15,-106.48397601448917,900.1643185638042,-4.040670722330093,11.766675652184489,0.9941372496850737,0.9942361219949355,1.244
P6,1.0,16,-98.28611557564929,897.2757292041929,-2.807477448900505,4.8333764850249725,0.9959742941965337,0.9970845428078589,1.244
P6,1.0,17,-90.03034453184814,887.2096384459063,-1.5759523647702536,0.9698063395160579,0.9987965412270718,0.9994865999356801,1.244
P6,1.0,18,-82.52006219236775,872.1910059299089,0.0,0.0,1.0017947227069772,1.0015078120729695,1.244
P6,1.0,19,-75.35879583224701,854.335812244949,0.0,0.0,1.0038950783009912,1.0023071673225967,1.244
P6,1.0,20,-68.83228227198683,834.7468821473109,0.0,0.0,1.0046732616630656,1.0019673573644494,1.244
P6,1.0,21,-62.82093519188908,814.493427966879,0.0,0.0,1.0050478208725684,1.000704218850093,1.244
P6,1.0,22,-57.16283839622774,795.4941675499956,-0.42318848002917026,0.015807424960886673,1.0052449483080221,0.9996218053504342,1.244
P6,1.0,23,-52.01532288687618,779.1984813029203,-0.49679964115909925,0.15394854957353665,1.0051196510013019,0.9992138484174142,1.244
P6,1.0,24,-46.99949689462294,765.7938039694518,-0.5183337110673081,0.22014915761910892,1.0049232478076686,0.9990668233308062,1.244
P6,1.0,25,-41.975231223987585,755.5300119066346,-0.574473712804827,0.20459413883265662,1.0048287931056221,0.9993262096373865,1.244
P6,1.0,26,-36.99479844202715,748.8789672270659,-0.651488401810169,0.1709508357203481,1.0046689166510763,0.9998432348945034,1.244
P6,1.0,27,-31.885767746525335,745.3721121657271,-0.5509037665641183,0.18591103263146036,1.0044395918783122,0.9998126308718458,1.244
P6,1.0,28,-26.65137430609807,743.6711652140253,-0.5021171841710442,0.1959715496861147,1.0037992991424616,0.9994046674021883,1.244
P6,1.0,29,-21.23442223073944,743.3445486032647,-0.5044764323095454,0.1832911961256735,1.0033045324412637,0.9995632055365725,1.244
P6,1.0,30,-15.658556324532917,744.4843693599666,-0.46879714971718583,0.21308065705208737,1.0030242178947533,0.9992333297753173,1.244
P6,1.0,31,-9.955198987229615,746.3986562481787,-0.4780922446680459,0.26191983155896886,1.0024474666379077,0.9990951506857043,1.244
P6,1.0,32,-4.0950891703678005,748.442644531339,-0.46887034159565244,0.28194305243367773,1.0022360600697873,0.9993264310625076,1.244
P6,1.0,33,1.8324290973657573,750.5325157905486,-0.48704140925741535,0.31777123648716354,1.0019864394998752,0.999734267542212,1.244
P6,1.0,34,7.771539725607905,752.8134308408369,-0.5000612958919939,0.33095716531497577,1.002249021946418,0.9999793737914633,1.244
P6,1.0,35,13.816529587595513,755.0045101533984,-0.4952967413889977,0.3018731504071946,1.0026794705839022,0.9996701191652051,1.244
P6,1.0,36,20.032503086873582,756.7279353569152,-0.546717912850523,0.2748434261858873,1.0027432441894624,0.9993404398228255,1.244
P6,1.0,37,26.50172192764244,758.2260370683939,-0.5736070636418327,0.2664277174494948,1.0025791180139672,0.9995775999099787,1.244
P6,1.0,38,33.280429045901535,759.7153909005416,-0.5239596971340585,0.29468249387955237,1.0026504980170188,0.9994573954553441,1.244
P6,1.0,39,40.414479908014954,761.1152758001039,-0.4374879216345696,0.36016367201271265,1.0026568925941046,0.9992846091264213,1.244
P6,1.0,40,48.02980451734015,762.3865123595169,-0.33585128884818066,0.39933578969642836,1.002697190633564,0.9997325717657691,1.244
P6,1.0,41,56.08291942509455,763.8397433128923,-0.28067310801320483,0.3064386425854133,1.0029458759733438,0.9999338138318701,1.244
P6,1.0,42,64.49328302404543,765.5297958234529,0.0,0.0,1.003008690877021,0.9996346936128306,1.244
P6,1.0,43,73.26372466355537,767.0599839597315,0.0,0.0,1.0029433665308214,0.9990198026967676,1.244
P6,1.0,44,82.19502275010923,768.1845814802454,0.0,0.0,1.0030617824629628,0.9989486195318538,1.244
P6,1.0,45,91.16443218682171,768.6384670358733,0.0,0.0,1.0033585778161682,0.9995765901129777,1.244
P6,1.0,46,100.08311089125698,768.0871405434183,0.0,0.0,1.0038972711826384,0.999698713890357,1.244
P6,1.0,47,108.89500634603982,766.0853409103355,0.0,0.0,1.0040878065744738,0.9992932733872283,1.244
P6,1.0,48,117.75763248464663,762.2366004691113,0.9660946483483916,9.683410234699782,1.0041958365828245,0.9994005124095116,1.244
P6,1.0,49,126.75940080043229,755.9368813807605,7.159327954638335,41.83168205973843,1.0044465211300455,0.9994774350488174,1.244
P6,1.0,50,136.0069721677724,745.5674864496597,15.063241060995882,98.40823086243549,1.0044324962325082,0.9991430794202213,1.244
P6,1.0,51,145.11217314037265,728.4408866171218,16.79454564171855,180.08205730383668,1.0043367870267939,0.998666715247835,1.244
P6,1.0,52,152.62685825203965,701.036553764794,4.487656553469149,280.7381091199037,1.0045163106475496,0.9977688934708435,1.244
P6,1.0,53,157.11774810045216,659.6823606083525,-19.498255844017347,388.81678487885006,1.0048098221957018,0.997449029023346,1.244
P6,1.0,54,156.6855880228417,601.2271798954329,-47.63686619461622,490.3400869379805,1.005108413928664,1.0006004048993797,1.244
P6,1.0,55,148.57577724366183,524.7558861878872,-75.12315923049918,574.9285152756869,1.0054535131745472,1.001096127238521,1.244
P6,1.0,56,131.63091244979844,434.08878942393073,-97.99950454794907,641.1101235438988,1.0058835628889138,0.9910369598254629,1.244
P6,1.0,57,106.53357915139642,337.5216430956573,-114.03795387343655,694.413853411825,1.0064922624020443,0.9739958397080472,1.244
P6,1.0,58,76.54661072570597,245.06132475456863,-123.43510152551063,740.8344716003219,1.0067890028632756,0.9628114904102076,1.244
P6,1.0,59,47.53831893115229,165.91778347985763,-126.62671993995214,783.3650730088257,1.005091680264348,0.9663216088748786,1.244
P6,1.0,60,23.872359094169727,105.8158101208552,-125.33999827735373,821.8058585882183,1.0015789828363155,0.9790094949249079,1.244
P6,1.0,61,7.532329577498448,64.74929256994366,-121.1861586457693,854.1664011927427,0.9971116275183186,0.9900920878798032,1.244
P6,1.0,62,-1.3961767863311125,38.561624774199515,-115.03293929508197,878.7587091633015,0.9929042244954841,0.9948318498145374,1.244
P6,1.0,63,-4.822167773683833,22.3985667782657,-108.08619792530088,894.5511506727337,0.991318082968654,0.9957989781711251,1.244
P6,1.0,64,-4.796789553352203,12.207476947310695,-100.47376291377283,901.1576569175779,0.9932454152770988,0.9956827057127497,1.244
P6,1.0,65,-3.1793860397622877,5.6294207202078885,-92.52849393199668,899.3635865144009,0.9978105406105923,0.9963008976152423,1.244
P6,1.0,66,-1.4481880175026005,1.7852870618612164,-84.88928419930949,890.4507543302138,1.0011818504762329,0.9978923190340803,1.244
P6,1.0,67,0.0,0.0,-77.41044960319346,875.9543341018788,1.0022984311700238,1.0004416075786535,1.244
P6,1.0,68,0.0,0.0,-70.47279411355466,857.9644732167698,1.001751669884864,1.00273516515749,1.244
P6,1.0,69,0.0,0.0,-64.21490693422665,838.3315723638143,1.0009679604096102,1.003431721625124,1.244
P6,1.0,70,0.0,0.0,-58.54861375898792,818.4152765399805,1.000351268896859,1.0035770139643325,1.244
P6,1.0,71,0.0,0.0,-53.65186131115065,799.6296881378931,0.9995685397764139,1.004369881538699,1.244
P6,1.0,72,0.15139231239762901,0.07300927643385387,-49.114613170127036,783.2502916197435,0.9991434147183945,1.004884838651906,1.244
P6,1.0,73,0.11393519723742687,0.13553677831398203,-44.73604220916944,769.8903856678104,0.9994932601900999,1.004755669001972,1.244
P6,1.0,74,0.12659070127569516,0.1334977659695581,-40.401637187734046,759.6744795216995,0.9995766611756245,1.004041304453144,1.244
P6,1.0,75,0.17606995421172553,0.03880722744507453,-35.79508767858497,752.5398180447727,0.9994096496763003,1.0038750775840604,1.244
P6,1.0,76,0.0,0.0,-30.98876301319417,748.122295856908,0.9995796877233739,1.0039408099468627,1.244
P6,1.0,77,0.0,0.0,-26.010050053084257,746.0252985116035,0.9996499490875654,1.0032881309869757,1.244
P6,1.0,78,0.0,0.0,-20.817007516475464,745.7143885715357,0.9996503541512576,1.0027988098082696,1.244
P6,1.0,79,0.0,0.0,-15.544171083210573,746.6271617322602,0.9995222275258508,1.0025819385073191,1.244
P6,1.0,80,0.0,0.0,-10.202697207875724,748.4589811831671,0.9993695316350936,1.0026876549073058,1.244
P6,1.0,81,0.04529531696512577,0.014954015663246485,-4.820965133676117,750.9158543134494,0.9991787825814258,1.00252102425079,1.244
P6,1.0,82,0.027211657534625688,0.018335567436293543,0.5631750922093398,753.8774019303561,0.9990714197780838,1.0020617601838475,1.244
P6,1.0,83,0.0,0.0,6.060750977816983,757.146410610111,0.999336343744866,1.0020534756944695,1.244
P6,1.0,84,0.0,0.0,11.734666221310137,760.4473588774028,0.9995289403160302,1.0023260046394944,1.244
P6,1.0,85,0.0,0.0,17.711779509012313,763.5996886974599,0.9995681122654531,1.0023176600761232,1.244
P6,1.0,86,0.0,0.0,24.060409320368013,766.2961184323643,0.9995478812457081,1.0020698311356877,1.244
P6,1.0,87,0.0,0.0,30.71579152612919,768.5956436613693,0.9992798593753984,1.0020073579041828,1.244
P6,1.0,88,0.031327015072585764,0.02891827955860934,37.70781861774831,770.7751185711851,0.999300892955358,1.0020959374092826,1.244
P6,1.0,89,0.06490114316402344,0.11630125352405911,44.97730546580036,772.9818639312628,0.999414922496166,1.002332029277637,1.244
P6,1.0,90,0.11270936288187128,0.2421165784519933,52.465680781608135,775.4335343349736,0.9997044609140822,1.0028948948763279,1.244
P6,1.0,91,0.14624215192241052,0.3507927965006036,60.1667649978016,778.3679253605911,1.000013009906796,1.003149154530769,1.244
P6,1.0,92,0.13707716468925474,0.3042330438219466,68.03238249099509,781.8485767847615,0.9997580972199231,1.0031283191753146,1.244
P6,1.0,93,0.0,0.0,76.03857518580854,785.610210873175,0.999351816891036,1.0029745515037018,1.244
P6,1.0,94,0.0,0.0,84.08938830030073,789.2117365028516,0.99922801719994,1.002690115293691,1.244
P6,1.0,95,0.0,0.0,92.09286595667484,791.9383659975574,0.9992957384344476,1.0029579187558961,1.244
P6,1.0,96,0.0,0.0,100.0087139494183,792.8842013514956,0.9996313539557959,1.0032924486978412,1.244
P6,1.0,97,0.0,0.0,107.83930643923534,791.2214996366798,0.9997167672446542,1.0036605496729374,1.244
P6,1.0,98,0.0,0.0,115.73646676776457,786.0645978332178,0.999748102527328,1.0037215839856366,1.244
P6,1.0,99,2.5608223907685765,10.9765994130587,123.76921933121218,776.3769103688264,0.9995133070256118,1.0033019677841726,1.244
P6,1.2,0,6.933258634968623,11.027051925943967,138.8681576031916,859.0943757574333,1.2000977763942202,1.2037805723697643,1.209
P6,1.2,1,17.332123621199038,49.80413767983985,148.75370615942154,845.3311314658521,1.1997713505097258,1.2037231941734376,1.209
P6,1.2,2,30.03578752219561,114.76663572529017,158.92094376920898,821.2445758472455,1.1992616506645206,1.2036045910073405,1.209
P6,1.2,3,34.379441276006624,200.8668520930955,168.38270460436007,784.0399451693617,1.1988126288348915,1.204576023179039,1.209
P6,1.2,4,18.93498919223951,296.3481476461917,174.60707103000868,730.8131981460542,1.1975594022374279,1.2053763617564899,1.209
P6,1.2,5,-10.982049977611155,390.5261666533345,175.48570379573886,660.2192210472009,1.1979866914301207,1.206072497973147,1.209
P6,1.2,6,-42.652275372957995,477.9758203581669,169.3126454828964,573.5079501515424,1.2046059541620644,1.2071339339653118,1.209
P6,1.2,7,-72.89113474665169,555.3059119120211,153.68118173486138,474.83050689876995,1.2051343331638429,1.2075355990595262,1.209
P6,1.2,8,-100.16499212863275,622.1628669105643,128.18475179098527,371.33438107969175,1.1850059131046942,1.2076155845383156,1.209
P6,1.2,9,-122.05050130929635,681.85849800798,97.49284187877974,272.62619230084493,1.1621568541111513,1.2081856867229033,1.209
P6,1.2,10,-139.62325124392217,737.0686247988187,65.7927129118219,187.14009954343834,1.158039120281289,1.2077252451274816,1.209
P6,1.2,11,-151.3687330357986,787.7098274402323,38.53773545968804,119.71676352885459,1.1691058200689732,1.2036109131553494,1.209
P6,1.2,12,-156.12824208254588,832.9829699316946,18.701214873602872,72.07027400643713,1.1826817358772865,1.1970920119432784,1.209
P6,1.2,13,-156.40858338920842,870.5581456482405,6.261501846346846,41.31491540334164,1.1898821664840984,1.1914446944148285,1.209
P6,1.2,14,-151.5273590194962,897.0475420431685,0.7321630076552512,21.49244936721279,1.1901947590738975,1.1894390865890763,1.209
P6,1.2,15,-142.41120638363537,911.5872868388444,-1.3420822413567204,8.937280588143237,1.1885210163898567,1.191519808881835,1.209
P6,1.2,16,-131.79048202066397,915.2500095495333,-1.81928300231504,2.200638127454843,1.1892318349585147,1.1963724680774086,1.209
P6,1.2,17,-119.65368444266991,908.4062762152058,0.0,0.0,1.193701578108659,1.2004621130415898,1.209
P6,1.2,18,-107.27806059402519,891.4853333832831,0.0,0.0,1.1990482826446596,1.202221431683411,1.209
P6,1.2,19,-95.76512771398045,867.0626874720417,0.0,0.0,1.2035941191911308,1.2021246910106402,1.209
P6,1.2,20,-84.62576007823398,838.6264024161985,0.0,0.0,1.2063559902880472,1.2007288492539838,1.209
P6,1.2,21,-74.70618370347107,808.4504246106884,0.0,0.0,1.207725929710398,1.1987216690082445,1.209
P6,1.2,22,-65.657630042198,778.4941270425493,-0.44169679520362715,0.07085920725322281,1.2077449347106821,1.1979079950052636,1.209
P6,1.2,23,-57.04366183352898,751.0895365282346,-0.08631786952232988,0.2712089290843382,1.2072176374671042,1.1982521651359717,1.209
P6,1.2,24,-49.66662184026452,727.9310637135379,-0.10930564044406846,0.30820805417470915,1.207067353206448,1.1989361244738597,1.209
P6,1.2,25,-43.06549940060419,710.2570190322397,0.2239652467067779,0.41190780494714635,1.20695204262306,1.1996263757607517,1.209
P6,1.2,26,-36.99641618236899,698.0729159421747,0.07958497200491141,0.33686489877809367,1.2069246773694509,1.200209879862113,1.209
P6,1.2,27,-31.428620319329966,690.2955567416516,0.0,0.0,1.2064776510416355,1.1997913624268424,1.209
P6,1.2,28,-26.069389624962408,687.083650959969,0.0,0.0,1.2053278551959576,1.1993167121943482,1.209
P6,1.2,29,-20.899230526407262,688.2561414500519,-0.29557416312016477,0.056433523801073526,1.203775333448914,1.1992891991779306,1.209
P6,1.2,30,-15.578648487508703,691.555584517118,-0.44218534760874534,0.13778971301297027,1.2027226443476566,1.199222449477827,1.209
P6,1.2,31,-10.15775325001856,695.9678040936323,-0.46297115782827014,0.15854993383483962,1.202418406973776,1.1993681556418363,1.209
P6,1.2,32,-4.856708439765609,701.9923340600794,-0.5105170249491111,0.184475800435176,1.2022014716634484,1.1996490427556548,1.209
P6,1.2,33,0.6251159936012367,709.079286810914,-0.30047969826867094,0.08568999983899026,1.2017949043031018,1.1995097112927187,1.209
P6,1.2,34,6.0464380142365695,716.3385424271255,-0.1426221140459189,0.03501346136446457,1.2015691407604168,1.1991767559796729,1.209
P6,1.2,35,11.405593019526192,723.6055805880558,-0.17725390781656375,0.050410736669843005,1.2015055391465546,1.1990868832886887,1.209
P6,1.2,36,16.87789775596273,731.2586207923938,-0.16870055976631299,0.03509602872080867,1.2014064442211352,1.1992559222233479,1.209
P6,1.2,37,22.337168411496496,739.5117276354483,-0.24693872847318027,0.13455399737788543,1.2013084688345863,1.1992057246538803,1.209
P6,1.2,38,28.26349444342263,747.5698204097072,-0.30760924478683266,0.24744959229302124,1.2011889812754324,1.1992656596833964,1.209
P6,1.2,39,34.86853066525331,755.2635196821428,-0.25751383075183326,0.2754522648142084,1.2009705573437486,1.1991437714773208,1.209
P6,1.2,40,42.24537805315551,763.715934283529,-0.25510031029364705,0.3734202137741529,1.2010340671451096,1.1990266614513507,1.209
P6,1.2,41,50.76427360828209,773.1285316652607,-0.26657337627046485,0.42682556960059176,1.2013905174189206,1.199418840178724,1.209
P6,1.2,42,60.195119577416804,782.964779269358,-0.38309843554709866,0.15461176852598327,1.2013907777152497,1.2000426877825836,1.209
P6,1.2,43,70.4536814849736,793.4417606981581,0.0,0.0,1.201483310645297,1.1999328390826185,1.209
P6,1.2,44,81.31189227969604,804.5992514903419,0.0,0.0,1.202089817114386,1.1996360692598809,1.209
P6,1.2,45,92.13737304526117,815.5117120661503,0.0,0.0,1.2028771829202132,1.1994986559274208,1.209
P6,1.2,46,102.91195938630344,824.9253055059294,0.0,0.0,1.20380826388549,1.198988109274813,1.209
P6,1.2,47,113.56128166481109,831.9976780086442,0.0,0.0,1.2039656885643546,1.1987708439864204,1.209
P6,1.2,48,123.97904384005192,836.3759994948789,0.0,0.0,1.2041783077004582,1.1991589454878508,1.209
P6,1.2,49,134.70643858232458,837.2695641805849,7.2471274758378685,19.08086113533689,1.2043680953157219,1.199254914042399,1.209
P6,1.2,50,145.89468489849116,832.8967491069167,14.996522574369243,58.81673306623937,1.2040772354836262,1.1992599632709513,1.209
P6,1.2,51,157.64167535006007,820.8804970631168,21.030062216132034,120.90305594604747,1.2041288881642591,1.199024209062763,1.209
P6,1.2,52,169.3419095039855,798.0925380403098,16.457655853677636,201.92842787192268,1.2041849529285031,1.198340230965397,1.209
P6,1.2,53,178.99921189948714,760.6236074135402,-3.9258586748721176,294.4158482626315,1.2046482597791712,1.197603072106796,1.209
P6,1.2,54,184.7633528194927,704.9651811385263,-33.952717950058016,389.3509174724179,1.205273742670753,1.2000425706987479,1.209
P6,1.2,55,183.83990350940442,629.2085391349567,-65.16843911470102,477.78651829201533,1.2059435120748063,1.2027476626713138,1.209
P6,1.2,56,172.51035576019925,534.7003822981219,-94.11733936996748,553.4124619735537,1.2073371900254426,1.1954632635305922,1.209
P6,1.2,57,149.66187621398444,428.16117671476735,-118.12006263485414,616.1994506965522,1.2084747490047292,1.1781603850000981,1.209
P6,1.2,58,117.33759411751507,320.6786930681717,-135.99386194363444,670.9182419646918,1.209259317172027,1.1626289010917497,1.209
P6,1.2,59,81.0651760707535,223.17321694086584,-147.94039651847598,721.9629642652365,1.2092290905010064,1.1622053468993707,1.209
P6,1.2,60,48.70950882938351,143.73089359345707,-153.35320901846296,771.120657164243,1.2074866932517458,1.1731155491388539,1.209
P6,1.2,61,24.330542624963613,86.406571097988,-153.5294695645476,817.0269922862922,1.202715863982262,1.1858446735492996,1.209
P6,1.2,62,8.736186731727141,48.82578434020782,-149.89687394862636,856.1572471704427,1.1947774357603163,1.1925700977434248,1.209
P6,1.2,63,1.1732745212731535,25.143558646281043,-142.87544511769346,886.2488588797189,1.188109444381979,1.193377999290235,1.209
P6,1.2,64,-1.4927476845533363,11.326450781518638,-134.1714833029645,906.5300836501375,1.1865025918650929,1.1926950074664557,1.209
P6,1.2,65,-1.6988276729745266,4.183067938554685,-124.2440212574653,916.3192498641325,1.1910602583648946,1.1925782949815746,1.209
P6,1.2,66,-0.8084836476672567,0.7398668052593054,-113.3268790731744,915.8019807611844,1.1976843850939844,1.1949986228387466,1.209
P6,1.2,67,0.0,0.0,-102.58976971901681,905.8273815129262,1.2024168981154317,1.1992509038506842,1.209
P6,1.2,68,0.0,0.0,-91.76978380726325,887.063774435438,1.2038373118809251,1.2024564726168414,1.209
P6,1.2,69,0.0,0.0,-81.35157050649715,861.1753215073386,1.2023085048464743,1.2044136691719414,1.209
P6,1.2,70,0.0,0.0,-71.887234638838,830.9729274632374,1.1998595848278035,1.2055346291921498,1.209
P6,1.2,71,0.0,0.0,-62.944568117712386,798.9296999281943,1.1981679156922773,1.2061807022880022,1.209
P6,1.2,72,0.7951704869528728,0.07128174877140953,-55.12735337694107,767.7965182067283,1.1980479282659808,1.2063702410023005,1.209
P6,1.2,73,0.580817074399099,0.04596969109873693,-48.27474986498397,740.4269662912207,1.1990219229197239,1.207147449339282,1.209
P6,1.2,74,0.0,0.0,-41.76747628486687,717.9629640509256,1.1999899794528361,1.207757314026829,1.209
P6,1.2,75,0.0,0.0,-36.20407427087953,700.8570751762967,1.200503325310315,1.2071721523937369,1.209
P6,1.2,76,0.0,0.0,-30.949260951236933,689.5286308143038,1.1998333110638046,1.2064718921826085,1.209
P6,1.2,77,0.0,0.0,-25.677435010309285,683.2648741444037,1.1993861836296293,1.2055362223912371,1.209
P6,1.2,78,0.0,0.0,-20.84772572262694,681.3170656356499,1.1992265402970632,1.2041727507229603,1.209
P6,1.2,79,0.7491790038173198,0.008193042833791403,-15.828193939947313,683.4221273680353,1.199208576617408,1.2031263586754888,1.209
P6,1.2,80,0.0,0.0,-10.755593378595545,688.5066901830189,1.1994257116007083,1.2026828434556947,1.209
P6,1.2,81,0.0,0.0,-5.826546090520859,695.3535157916201,1.199056362948291,1.2021232267182635,1.209
P6,1.2,82,0.0,0.0,-0.6221714679918693,703.6856313134743,1.1988502192463177,1.2013220549328576,1.209
P6,1.2,83,0.0,0.0,4.499387919602326,713.0668324638293,1.1993249105563295,1.201508318414269,1.209
P6,1.2,84,0.0,0.0,9.711884317545906,722.6781825973441,1.1998287132176655,1.2014158800545802,1.209
P6,1.2,85,0.0,0.0,15.30699335916367,732.5389621458652,1.1998101793274094,1.201335605511819,1.209
P6,1.2,86,0.0,0.0,21.037213707344744,742.637996302332,1.1995130266997998,1.2012884047319283,1.209
P6,1.2,87,0.0,0.0,27.410808266897913,752.3273137084619,1.1995575450849099,1.2012273969957057,1.209
P6,1.2,88,0.3497744541324928,0.05435831671382512,34.504156632042005,761.7927752094405,1.199590312834846,1.2012321811638227,1.209
P6,1.2,89,0.4466816259071025,0.16892564470660748,42.23146057415383,771.6739538039384,1.1995927433448421,1.201343054343492,1.209
P6,1.2,90,0.5197985144678898,0.32618370685104253,50.92737140255544,782.0543795987014,1.1991390215846225,1.2014765082980974,1.209
P6,1.2,91,0.47835683408739965,0.4342830479796711,60.281688218816925,793.3247486542632,1.1989703455340694,1.201263122393807,1.209
P6,1.2,92,0.305921293969384,0.32532499356857714,70.13852538913696,805.9943720536594,1.1989225877612393,1.2015381161729035,1.209
P6,1.2,93,0.0,0.0,80.36980852663196,819.6967417946898,1.199227209298768,1.202587144085309,1.209
P6,1.2,94,0.0,0.0,90.4645030875718,833.5651329882406,1.1998238028048411,1.2029930100814823,1.209
P6,1.2,95,0.0,0.0,100.4630742351456,846.4913311659823,1.1997729614629948,1.2032395216896947,1.209
P6,1.2,96,0.0,0.0,110.19734228577607,856.8168217582064,1.199384665947818,1.2033042434766388,1.209
P6,1.2,97,0.0,0.0,119.59165793683492,863.0516828294614,1.1993091050488431,1.2032631516122256,1.209
P6,1.2,98,0.0,0.0,129.1408654493709,864.1782981194056,1.199592800131992,1.2032920967161453,1.209
P6,1.2,99,6.931589396177239,11.02546027241531,138.83756879438033,858.7930854904687,1.200050187043141,1.2036761571221155,1.209
P6,1.4,0,7.745429593070579,11.497242945141494,176.29709013415197,832.6803774856807,1.3993900567754405,1.4050331530838722,1.113
P6,1.4,1,15.26507592264508,60.24359562995298,188.99363230236733,816.2655075694042,1.3993310243700827,1.4052603527326708,1.113
P6,1.4,2,22.700741684527525,143.6807702472559,199.62285663905328,785.611861725756,1.3996904813717697,1.4055116755375974,1.113
P6,1.4,3,21.487223636165123,259.5125656054647,206.4275380348482,737.717139545425,1.3993045525995615,1.406386097227371,1.113
P6,1.4,4,0.7937701486973386,392.8350928030112,205.76699589011,670.9428983117571,1.3975187940123643,1.4072156212773348,1.113
P6,1.4,5,-36.60761882690119,522.84912117021,194.55724667210376,585.7987122249159,1.3969870347697562,1.4073276164639656,1.113
P6,1.4,6,-75.64671979553304,635.7763089263105,173.57210416933302,487.00548543405745,1.4007708614332122,1.4077141880949584,1.113
P6,1.4,7,-109.7741412951781,725.023473750043,144.919389916495,383.4793852435882,1.4013224483692652,1.408792214629131,1.113
P6,1.4,8,-139.5859961342974,792.283018906256,111.02798728679007,283.9321544357802,1.384320278990243,1.409605176139148,1.113
P6,1.4,9,-161.93557240478668,845.9971475567953,77.78054127287966,196.61839225274466,1.354596053678781,1.409187597307984,1.113
P6,1.4,10,-176.0528023695607,892.2970900628629,49.11866086017571,127.78440072715998,1.3414125603549683,1.4057983970905,1.113
P6,1.4,11,-183.99470946041097,931.6741855661038,26.772497511511162,77.56200728857075,1.3535545846868386,1.3997988071540153,1.113
P6,1.4,12,-184.81435664039844,962.3944642221832,12.880224042697424,42.503713429711496,1.375491610909145,1.3929751740412892,1.113
P6,1.4,13,-179.4452512073727,983.1863389461978,4.911302635834495,20.221370486910715,1.3920499087409068,1.388936789318556,1.113
P6,1.4,14,-171.06818716916243,992.1173516402922,0.28960568163135486,7.279422786848911,1.3961014074341627,1.3884080972317756,1.113
P6,1.4,15,-159.02720104316424,988.278830762424,-1.2762158560693222,0.2857385437220376,1.3940558921253154,1.3901904219575585,1.113
P6,1.4,16,-144.4495425491702,974.0179418466205,0.0,0.0,1.3927189311558363,1.3939049845142804,1.113
P6,1.4,17,-130.21312079078962,951.6669745012134,0.0,0.0,1.3947156183420628,1.399084738591027,1.113
P6,1.4,18,-115.902835458762,920.9182045142111,0.0,0.0,1.4004991600448065,1.4026047298886648,1.113
P6,1.4,19,-102.10373955059227,882.8905932543671,0.0,0.0,1.4065591263603474,1.40248470357475,1.113
P6,1.4,20,-90.59602788796319,841.7544766303854,-0.8066032269575266,0.09544069956304514,1.410292104416463,1.4007527282682817,1.113
P6,1.4,21,-80.39111628019283,801.2101631478748,-0.223571660006749,0.5673105869110444,1.4117175313123564,1.3988555218744079,1.113
P6,1.4,22,-70.94887519803015,763.1211419478723,-0.15413929148598485,0.49770589900902923,1.4119018165193506,1.3984759215085882,1.113
P6,1.4,23,-63.005614352126656,728.6488351031066,-0.7203998297386879,0.09532398769816522,1.411363999728881,1.3991079138005023,1.113
P6,1.4,24,-55.4404366891022,699.7477397150618,-0.45200616518426967,0.10419158603979033,1.4102679781457492,1.3995491303307865,1.113
P6,1.4,25,-48.30941202607519,677.7422523662887,-0.39283198644297035,0.15319939220287332,1.4094075293086166,1.3997642816875666,1.113
P6,1.4,26,-42.234121975091014,661.8057462427574,-0.7166935019880907,0.058347247089702604,1.408856871897002,1.399921988288731,1.113
P6,1.4,27,-36.42179773015425,650.7192199717903,-0.20710579384403324,0.16675047612220845,1.408491169029313,1.3999018607991776,1.113
P6,1.4,28,-30.625014342986166,644.2808498548902,-0.23770758089080693,0.24606621077312593,1.4080157759719354,1.3996632992031894,1.113
P6,1.4,29,-25.000586721904984,642.2368713180504,-0.8168551241680088,0.11849475308547198,1.4070438857938863,1.3994128060554132,1.113
P6,1.4,30,-19.139162939771325,644.0502629658695,-0.4477455483206772,0.17474505375737615,1.4056613514055185,1.3994885887608095,1.113
P6,1.4,31,-13.003540218435607,648.5467204538822,-0.23595790888867524,0.35375592074133844,1.4042978176400036,1.3997548663297195,1.113
P6,1.4,32,-6.445932596583666,654.2603408313299,-0.5549554957091821,0.17625879252674437,1.4035220129080037,1.3996725718352214,1.113
P6,1.4,33,0.7066693405576177,661.4074467340583,0.0,0.0,1.4029884029073052,1.3997993950875145,1.113
P6,1.4,34,7.967559615002787,670.6461447262013,-0.42046847978262764,0.13188322263960772,1.4025274506363876,1.4000075348607606,1.113
P6,1.4,35,15.587672313977611,680.9492902423656,-0.7678059879962046,0.42478250102615284,1.402585836684147,1.3993410227214556,1.113
P6,1.4,36,23.87117441677628,691.2972541896644,-0.6398378851316475,0.3766971579606811,1.4025493715696749,1.3991030041481434,1.113
P6,1.4,37,32.28487799597161,702.0496120542351,-0.6954496323715138,0.5264344524935811,1.4026600737647983,1.3996239119190714,1.113
P6,1.4,38,41.07328558866905,713.2605135431668,-0.7804407102249649,0.7690615168334941,1.403083389686776,1.39997834437707,1.113
P6,1.4,39,50.53683298479357,724.4450250435056,-0.4046311050386917,0.725946082159985,1.402920698849692,1.4004877520234744,1.113
P6,1.4,40,60.568411385089405,735.4792812552922,-0.49291770364338144,0.8069649888711302,1.4024526664355272,1.400398018272401,1.113
P6,1.4,41,71.51632982775352,746.3006824811597,-0.8816122005722002,0.9268528581915052,1.402413337110182,1.3995976849875469,1.113
P6,1.4,42,83.31983382774406,757.1809955033805,-0.9007533715470744,0.4298879341957729,1.4027790745519193,1.3994383923705858,1.113
P6,1.4,43,95.44381207617619,768.8962138164454,0.0,0.0,1.403399793726767,1.3998004239119133,1.113
P6,1.4,44,108.13518510062292,781.0326798673344,0.0,0.0,1.404151606430666,1.3997892743698803,1.113
P6,1.4,45,121.13066469050321,792.1232125206388,0.0,0.0,1.404442303692452,1.399530831806373,1.113
P6,1.4,46,133.84031652528273,801.9843489252712,0.0,0.0,1.4049171553491293,1.39918389132083,1.113
P6,1.4,47,146.6477981235573,810.7028239797213,0.0,0.0,1.4059614902193769,1.3993143585758763,1.113
P6,1.4,48,159.71611998604365,816.5083692930053,0.0,0.0,1.4066341662518622,1.3996445296701336,1.113
P6,1.4,49,172.88370273334823,817.0084919237851,3.2671514810192677,17.517154092464732,1.40660494187527,1.399544071392684,1.113
P6,1.4,50,186.34322121475913,810.1270037280941,7.784150897510775,65.237847974948,1.4062180348683293,1.3995143447374914,1.113
P6,1.4,51,199.2149968904731,792.672354018278,11.648405677962653,143.5278644402633,1.4063130054411688,1.3995941629743514,1.113
P6,1.4,52,209.48950799481082,760.0708571579096,6.775972738127547,249.38394266471295,1.4065194890126163,1.3996044410621702,1.113
P6,1.4,53,214.1554624630869,707.9330796026641,-14.351420256505259,370.23145159389895,1.4065311812641892,1.3988294617593127,1.113
P6,1.4,54,209.63517841766284,634.0682310766783,-48.249106928313964,489.376742827042,1.4069103403126018,1.3966493641409599,1.113
P6,1.4,55,194.0786288957756,540.7888616585732,-84.19251125890943,594.2882432402555,1.4077243540713147,1.3965197802312135,1.113
P6,1.4,56,167.43339901420862,435.3612004356091,-116.52904109426933,679.9271818669278,1.4088983640010395,1.399014528263462,1.113
P6,1.4,57,132.07790329280434,327.99373565416994,-144.0620614992774,749.3818870612661,1.4100480743434292,1.3927261826345945,1.113
P6,1.4,58,94.69930268946818,229.85627827167582,-164.5966727994566,810.2939312036415,1.4098632900294112,1.3735391648923785,1.113
P6,1.4,59,61.13496502545798,149.9680708857501,-177.01595381478467,867.3768379574593,1.4068396436736117,1.3543947931445923,1.113
P6,1.4,60,34.28278133536582,91.1061559124785,-181.99911936857114,919.4360276467727,1.4002990995866638,1.350594480163956,1.113
P6,1.4,61,16.172924511167533,50.55420697663161,-180.01457341109597,962.7152219003992,1.3920711878954912,1.3642513180470872,1.113
P6,1.4,62,5.935548274836581,24.779439618440062,-172.99873351717574,994.2349574396512,1.3857463779476755,1.381315398648257,1.113
P6,1.4,63,0.7835245695766643,9.994421649195361,-163.283924639886,1012.4633456058873,1.3849808706979878,1.3923597887058692,1.113
P6,1.4,64,-1.0245144561258066,2.1179747351888243,-151.43500904989608,1017.541259289939,1.3886636940793087,1.3946579274144395,1.113
P6,1.4,65,0.0,0.0,-138.72076269480678,1010.7174991170132,1.3945985140472386,1.3934803305552108,1.113
P6,1.4,66,0.0,0.0,-125.97768884490365,992.979669167775,1.4002068446266211,1.3942140012989466,1.113
P6,1.4,67,0.0,0.0,-112.7255687019268,965.3118576291596,1.4031528143988632,1.398108544327481,1.113
P6,1.4,68,0.0,0.0,-100.02188251742373,929.8478793226145,1.4033509668277184,1.4031138781076922,1.113
P6,1.4,69,0.0,0.0,-88.59864762821393,889.1613747965888,1.4012856634687636,1.4067372919436791,1.113
P6,1.4,70,0.7649569698910397,0.21166633469956517,-77.78270342340812,845.5000647657984,1.3991715558819726,1.4087637756533649,1.113
P6,1.4,71,0.8017782072654808,0.2722353552521158,-68.25480687912814,801.9165452893477,1.398549421614961,1.4092208398185901,1.113
P6,1.4,72,0.6112354006368657,0.2525600611596928,-60.19173686136989,761.6209299167597,1.3990208859316577,1.4094941078138676,1.113
P6,1.4,73,0.5124571904456776,0.26089049728194547,-52.65667678325094,726.0998847683273,1.3996523882990577,1.4102340658072723,1.113
P6,1.4,74,0.4070315048759335,0.18806948313675273,-46.068393288819024,696.122617698278,1.4000426646289323,1.4106222211801671,1.113
P6,1.4,75,0.30263997027665634,0.0638989714237811,-40.37905196267534,672.6826300618001,1.4000482178789442,1.4101956208245783,1.113
P6,1.4,76,0.33722821879895887,0.03540789641063696,-34.54888261257888,655.713658409915,1.399584542879512,1.409559033330804,1.113
P6,1.4,77,0.355648632390802,0.05752988494380717,-29.03905161680448,644.2373709315273,1.3994454593286152,1.4088273150813995,1.113
P6,1.4,78,0.36880677098326176,0.036406360772133384,-23.801798681107016,637.748365495676,1.3995578648379554,1.4080264338876862,1.113
P6,1.4,79,0.39983097524031047,0.006526554579267825,-18.008226128624997,635.7558263283028,1.3994064391544556,1.406798467165067,1.113
P6,1.4,80,0.3054562112870376,0.04147249452180709,-12.181816047901204,637.2113612414742,1.3993144966191517,1.405484592658885,1.113
P6,1.4,81,0.2341663824573839,0.08715844076304129,-6.363169039614717,641.2603271175358,1.399275620485081,1.4043836990544,1.113
P6,1.4,82,0.27220643163063174,0.0709724576007973,0.08799196027057322,647.4774094296919,1.399306449300719,1.4038621609068094,1.113
P6,1.4,83,0.1594306693373199,0.038626109620408244,6.736787637304293,655.237714953166,1.399349096179451,1.4037275138765948,1.113
P6,1.4,84,0.009124112706142547,0.035202891703916786,13.528544926373812,663.9006274274196,1.3993223201288207,1.403258470592898,1.113
P6,1.4,85,0.0036958669916739646,0.04928102894784106,20.92232608275698,673.5145356965946,1.3993648732325874,1.402605319579778,1.113
P6,1.4,86,0.035950486893886434,0.07767598090068588,28.585797565534534,684.1307825413464,1.399708331826965,1.4024865820600876,1.113
P6,1.4,87,0.1612398196162505,0.11343932786280514,36.63894280451677,695.2750914333312,1.400156817777652,1.4027276307733807,1.113
P6,1.4,88,0.3493308174777268,0.19990185006660718,45.542856664477114,706.9786425585904,1.4003410949790984,1.4026852507752696,1.113
P6,1.4,89,0.3604840361196024,0.39066873405505703,55.01181180538071,719.7879169434284,1.4001374445256678,1.4028900580756265,1.113
P6,1.4,90,0.27317357793851976,0.5963510145632567,65.14049966905397,733.6712651762492,1.3999223149895474,1.402854768956004,1.113
P6,1.4,91,0.2003152810247875,0.6319487668424828,76.03115744473351,748.4904760832829,1.3998318912542758,1.4026044132468314,1.113
P6,1.4,92,0.006245499447355985,0.25030654191646523,87.29744541628533,764.6257977646081,1.3997685437236003,1.4029029511322813,1.113
P6,1.4,93,0.0,0.0,99.0457873852301,781.8507425458362,1.399939942600977,1.4034512684512708,1.113
P6,1.4,94,0.0,0.0,111.34519999190097,798.8291773336744,1.3998009228831334,1.4038482468258053,1.113
P6,1.4,95,0.0,0.0,123.84260837379985,814.2168312257269,1.3994891774757412,1.4037495620449953,1.113
P6,1.4,96,0.0,0.0,136.6187131735891,826.9052620926357,1.3994310345158942,1.403944740753052,1.113
P6,1.4,97,0.0,0.0,149.76835819402962,835.33668119191,1.3995753217702278,1.4046686568841045,1.113
P6,1.4,98,0.0,0.0,163.0387604862515,837.6857091587603,1.3997278929351427,1.4050549352203612,1.113
P6,1.4,99,7.745156016010637,11.492917939610845,176.34045018299605,832.0389251371671,1.3994725883240768,1.4049759194932043,1.113
P6,1.6,0,6.482995575674176,11.736982159401498,199.06103008451547,871.4426093419042,1.6000731650691136,1.6057458243727303,1.027
P6,1.6,1,11.240857900094506,63.41110637532757,212.92068738898055,848.0761773531717,1.5999633004688054,1.606169977416218,1.027
P6,1.6,2,15.585628201692595,151.28653896564012,223.32499318249924,808.0201536588474,1.599537703684163,1.6069043410908714,1.027
P6,1.6,3,13.862603275949455,274.4902532929891,227.89442922238516,749.2022274147831,1.5992183005288254,1.6077903336995558,1.027
P6,1.6,4,-4.018181235348134,418.4448862996215,223.85229833767798,671.7405975744352,1.5988092571386472,1.6087021470542304,1.027
P6,1.6,5,-40.81858946977798,558.8942415280974,208.25829177489928,578.1937454377296,1.5968588980411034,1.609729177020726,1.027
P6,1.6,6,-83.81914455482767,677.9792888023742,181.6261925933375,473.5320337225737,1.5953702611559333,1.6105235397615645,1.027
P6,1.6,7,-120.93081543620826,770.3350654435387,148.49877314315793,366.82960930432324,1.5984689426679548,1.6110450121173798,1.027
P6,1.6,8,-152.36066133167176,837.8999944169119,112.46480824223298,267.7642201666363,1.5981353563588685,1.6111890623185043,1.027
P6,1.6,9,-178.153184518645,888.3960909330913,76.93332947488265,182.84973870980576,1.5793525978779621,1.6092131718584683,1.027
P6,1.6,10,-195.15571750753534,931.5434258302082,47.512272440961,116.34839529837012,1.5493359847538732,1.6037583705689862,1.027
P6,1.6,11,-203.61712701936193,971.2556823759339,25.521033466356453,69.46309039177811,1.534398097661724,1.5961827375747661,1.027
P6,1.6,12,-206.18753425971147,1004.0332051350748,10.807478455648004,37.94600733235382,1.5454411441887612,1.5895272084010936,1.027
P6,1.6,13,-201.73693764552846,1025.6365358558123,2.891448464177983,16.823819994522776,1.570544909628077,1.5862238920599416,1.027
P6,1.6,14,-190.65482154852674,1034.9702231177585,-1.1730255743946507,4.893624213030538,1.591159488376713,1.5865213333354529,1.027
P6,1.6,15,-176.98457690268432,1031.1193753941034,0.0,0.0,1.599062058864812,1.5896785647195326,1.027
P6,1.6,16,-161.0860884298677,1013.2325012712923,0.0,0.0,1.5983985217659002,1.5946131162434736,1.027
P6,1.6,17,-142.64106577812805,983.0483212917856,0.0,0.0,1.595635284361201,1.599482747561639,1.027
P6,1.6,18,-124.75384927126329,944.2621623724376,0.0,0.0,1.5959636467909895,1.602483430687824,1.027
P6,1.6,19,-108.62583403960495,898.7924152675838,-1.0693721139469687,0.029984197401095126,1.6006319136192355,1.602780157087379,1.027
P6,1.6,20,-93.25257838101128,847.4508341657754,-0.13684186669526574,0.17376178154996058,1.6071307459375392,1.6010815767577264,1.027
P6,1.6,21,-79.8922399310661,794.2066483605294,-0.5099735566643945,0.10577168145111603,1.6125672573475724,1.5991832790689005,1.027
P6,1.6,22,-69.4013068185112,744.2407051724214,-0.6510542669498595,0.45602279621572095,1.61560721271494,1.5985919008173388,1.027
P6,1.6,23,-60.183296074061225,699.9826313112063,0.15439901957792193,0.6124861216323813,1.6162733736184165,1.5986621670675287,1.027
P6,1.6,24,-51.66294905864084,661.6754163632592,-0.14636139939707557,0.22020080307516046,1.6156034862304707,1.5987828393144152,1.027
P6,1.6,25,-44.793083560831086,630.0653793134212,0.0,0.0,1.6139267786297538,1.5993476523932584,1.027
P6,1.6,26,-38.6643397199344,606.5243405774585,-0.15561914779552014,0.15401138877267148,1.6117386013807504,1.5998145729946474,1.027
P6,1.6,27,-32.760203781149436,590.7574749037619,-0.11478612132111143,0.1413055332965476,1.610023713435037,1.599704518834114,1.027
P6,1.6,28,-27.551010879477364,580.6414473289747,0.0,0.0,1.6089297251199737,1.599565534654486,1.027
P6,1.6,29,-22.791535647405166,574.9093504434347,-0.48466112254308313,0.05940116891188314,1.6080896977166572,1.5995228838455662,1.027
P6,1.6,30,-17.864399659738968,574.1109038663674,0.00531308503698731,0.32185472142342025,1.6068038870772563,1.5993190921577685,1.027
P6,1.6,31,-12.556901374471618,577.9235412966276,-0.6595391732848124,0.08532507541927893,1.6055378889625453,1.5991434483913562,1.027
P6,1.6,32,-7.0258005211763646,585.0064131714354,-0.8127840770701171,0.030043284755828348,1.6047804413170355,1.599618156339428,1.027
P6,1.6,33,-1.2224096608614459,595.1546818775508,-0.33346407642707965,0.4370559584513098,1.6038916859147818,1.600171445188143,1.027
P6,1.6,34,5.046229578327024,608.2221449885786,-0.6597596842453788,0.425215666191464,1.6028351446931894,1.5998935720249807,1.027
P6,1.6,35,12.029501409459773,623.405631908931,-1.0567445605678119,0.0001799153918064216,1.6021242759755574,1.599627078473644,1.027
P6,1.6,36,19.509135393088403,640.7554527640941,-0.7180004389745475,0.11891617731676965,1.60219698223362,1.5998905457443007,1.027
P6,1.6,37,27.39795321886148,660.3966293764865,-0.6623850073798301,0.7228647191338584,1.6022786984730106,1.60012255095575,1.027
P6,1.6,38,36.28137596265432,681.0862837505836,-0.8172580336166679,0.8768605445362835,1.6019552390684821,1.6001618232369843,1.027
P6,1.6,39,46.21332026572597,702.0623610230768,-0.5878736151546566,0.6955970425214716,1.6019718756030736,1.599887483949646,1.027
P6,1.6,40,56.81935711683312,724.0140359773034,-0.644193228822334,0.9665622006465017,1.6021698442209424,1.599424402772536,1.027
P6,1.6,41,68.40980473973165,746.9548224827688,-0.9598120880004358,1.0352821022214862,1.60219299101659,1.5993726141294262,1.027
P6,1.6,42,81.0679633469755,769.9580918487904,0.0,0.0,1.6022196763256331,1.5997151692422655,1.027
P6,1.6,43,94.44484942928669,792.6939498415741,0.0,0.0,1.602705758599373,1.5993724556537399,1.027
P6,1.6,44,108.62213545496955,814.9266229472385,0.0,0.0,1.6036276718218236,1.5988624079839806,1.027
P6,1.6,45,123.55080533638173,835.4945539411383,0.0,0.0,1.6042649114752243,1.5992158531975689,1.027
P6,1.6,46,138.75166637574097,853.085697662897,0.0,0.0,1.6047878157299178,1.5996186043539902,1.027
P6,1.6,47,154.44550995788455,866.6400710279808,0.0,0.0,1.6053694149258118,1.5994704973312592,1.027
P6,1.6,48,171.0431213266488,874.2562452735228,0.0,0.0,1.6058040015406603,1.5992845630823864,1.027
P6,1.6,49,187.8652038750864,873.2604897609832,1.1191558610654928,15.918537765001245,1.6061170646285612,1.5992785457790275,1.027
P6,1.6,50,204.0059096828824,861.1028904334547,3.319708029970428,64.17046338643976,1.6064550992959836,1.5989941402952046,1.027
P6,1.6,51,218.48684002000405,834.6954251352633,4.971154619142981,144.48156809628125,1.607094653882229,1.5990807232811175,1.027
P6,1.6,52,228.99538382234533,790.064718900067,1.2902617943194234,255.0731811695027,1.6078063430903193,1.5996442005375713,1.027
P6,1.6,53,231.9876701079359,724.4231648405157,-15.952427049694151,383.5071119828596,1.6083400844887736,1.5988557255865636,1.027
P6,1.6,54,224.15592056447804,638.2299898850151,-48.33051300175506,510.9551777464796,1.608777514907962,1.5959756660103295,1.027
P6,1.6,55,204.34999872990036,535.8680239230346,-86.3064417220379,622.21653199746,1.6095901857033996,1.5946318996905855,1.027
P6,1.6,56,174.16115694792057,425.8269251980551,-120.90543293005017,711.4894301190513,1.6108278772884213,1.596708509957943,1.027
P6,1.6,57,136.89891695361774,318.09814553961064,-150.07340613252236,780.7929934077721,1.6116336957414519,1.593420187935374,1.027
P6,1.6,58,98.29167269334961,221.23098311355935,-172.67610824451435,837.0453335925991,1.6113764804202972,1.5762875256161202,1.027
P6,1.6,59,64.10255470526592,142.53300104991746,-187.1369073555299,887.9073451513831,1.609364183668212,1.5541572112993465,1.027
P6,1.6,60,36.758168238135454,85.91825393456455,-194.1896304926104,936.2917683647125,1.604259622585454,1.5446265681240003,1.027
P6,1.6,61,17.40037057252704,47.98877800551037,-194.83374289037488,979.307259637132,1.596015260355723,1.5539972058028908,1.027
P6,1.6,62,6.066410928016223,22.483337529735742,-188.93495346236762,1012.8192114944516,1.5877110467433817,1.5733709640759295,1.027
P6,1.6,63,0.5004614911555398,7.103555003767158,-178.39997364828258,1034.3922983704842,1.5830398396540413,1.590049264745503,1.027
P6,1.6,64,-1.9254602722498544,0.42981043909438305,-165.37306173872813,1042.7173730521874,1.5833899922485684,1.5979580169917351,1.027
P6,1.6,65,0.0,0.0,-150.31191116798473,1037.2876847421712,1.5877681445357115,1.5987761379963608,1.027
P6,1.6,66,0.0,0.0,-134.37866299328394,1018.7125311038739,1.5942992869577854,1.597227028699548,1.027
P6,1.6,67,0.0,0.0,-119.053283909491,988.7694973403696,1.5999892098667183,1.5972514958169686,1.027
P6,1.6,68,0.0,0.0,-103.81127835844715,949.555720852147,1.6024633462746027,1.600675961824024,1.027
P6,1.6,69,0.0,0.0,-89.06990922699516,903.2176318419124,1.6021502347257703,1.6058432420162432,1.027
P6,1.6,70,1.070575921730606,0.35986252090696264,-76.31359153855134,852.9343669226381,1.6007427533893464,1.610510673291844,1.027
P6,1.6,71,1.0179369890795669,0.7044165379709879,-64.99092326247664,802.0705552607961,1.5993510479726607,1.6130926569011133,1.027
P6,1.6,72,1.2759300112459326,0.7143215040891001,-54.70430315932505,752.992391950291,1.598652125499878,1.6136186946509776,1.027
P6,1.6,73,1.2375386515686613,0.516755153593888,-46.381358455817036,708.193112121836,1.59834418463185,1.6131224314288979,1.027
P6,1.6,74,0.938909335215605,0.4468841966694933,-39.55509980178414,670.01788941544,1.5986382652684719,1.6128403373359244,1.027
P6,1.6,75,0.8379578577812997,0.5456336468206703,-33.12516261855691,638.7769020408468,1.599484378464696,1.6127132127062855,1.027
P6,1.6,76,0.7270990361027432,0.36625600690535154,-27.75823968424244,613.9896448260545,1.5998754738661558,1.6117573437513273,1.027
P6,1.6,77,0.0,0.0,-23.442718529359887,596.0653398882314,1.5997910205040846,1.6101983460296236,1.027
P6,1.6,78,0.0,0.0,-18.841478147816385,584.8002058248101,1.5994816106255256,1.6089394526011354,1.027
P6,1.6,79,0.4596534276606686,0.22661654936825015,-14.177651342019828,578.8858344309673,1.5992862468441447,1.6076324863749178,1.027
P6,1.6,80,0.29781235215704766,0.3682879464220718,-10.009249143280087,577.579639851292,1.599303468040055,1.6061165990924637,1.027
P6,1.6,81,0.445566355548705,0.060752312104176046,-5.338528032859041,580.7986016982352,1.5994883246628417,1.6045887027008348,1.027
P6,1.6,82,0.0,0.0,0.02781146747061449,587.989724115793,1.5997835644426066,1.603359298906341,1.027
P6,1.6,83,0.4380336863947022,0.1580453540654876,5.518284713487639,598.2133760844257,1.5997165273779843,1.602822241109198,1.027
P6,1.6,84,0.4969731451162052,0.3092457526397975,11.641021533811207,610.972294539324,1.5996478690319706,1.6028875194363512,1.027
P6,1.6,85,0.7004342342624515,0.26299134872051255,18.731528633842014,626.1916287518608,1.6000012977838682,1.6027154151787841,1.027
P6,1.6,86,0.5919947624490047,0.1979120763118578,26.373273540767062,643.4188772113382,1.6002333581545058,1.6019420077330644,1.027
P6,1.6,87,0.4409793860011153,0.3007968102959681,34.819169182819536,662.0746030460845,1.60004278063512,1.6012799117909573,1.027
P6,1.6,88,0.439692237142814,0.5705783271079707,44.44780609310991,682.4432348753916,1.599736719512621,1.6014592481284078,1.027
P6,1.6,89,0.35702947102016563,0.8535545350517187,54.89061202717221,704.8447946947272,1.5998406623401276,1.6019803485538153,1.027
P6,1.6,90,0.2953805941686049,0.9448463829068189,66.16185647427955,728.5644469281654,1.5999728204198804,1.602126729630413,1.027
P6,1.6,91,0.34615379407726576,0.6419544502091478,78.51663168454499,753.0618602698629,1.6001671746168475,1.6020218331541143,1.027
P6,1.6,92,0.0,0.0,91.64021205168069,778.540963008728,1.6002886853962455,1.602140644349527,1.027
P6,1.6,93,0.0,0.0,105.44086169260112,804.3789182343044,1.6001090580508588,1.6027283374306376,1.027
P6,1.6,94,0.0,0.0,120.09397133381425,828.8422810791353,1.600050258104021,1.6033786858626775,1.027
P6,1.6,95,0.0,0.0,135.3537720070484,850.4127960510859,1.599979424405389,1.6037928031337578,1.027
P6,1.6,96,0.0,0.0,151.0535278280698,867.7837515051314,1.5998732770885369,1.6040103998148616,1.027
P6,1.6,97,0.0,0.0,167.24256733404343,878.869379331285,1.5996377402255348,1.6044316981852447,1.027
P6,1.6,98,0.0,0.0,183.4964149604058,880.9948849671175,1.5996059277620258,1.6050852281605044,1.027
P6,1.6,99,6.538326933167986,11.73698096775633,199.06208780400783,871.6712937750491,1.5999700494189213,1.6055915992451113,1.027
P6,1.8,0,8.751169038882267,11.948910389889718,221.71054298148508,900.7110635818796,1.7993410976802933,1.8051257930351299,0.965
P6,1.8,1,12.809319486688311,67.07846684743959,235.4989629769671,868.8711184499236,1.7987040096378168,1.8071379030689676,0.965
P6,1.8,2,15.146396149960344,160.01659454431675,243.90089355388344,817.5793634565367,1.798700758862486,1.8094007071909326,0.965
P6,1.8,3,10.981457562820088,291.05512380311075,244.51038443844558,746.8979337218974,1.7990608714000467,1.8107380456030582,0.965
P6,1.8,4,-8.269930905240823,446.9795019852998,235.31654703067935,658.6832491479789,1.799452711569354,1.8115067746413167,0.965
P6,1.8,5,-47.204975493331126,602.902380902335,214.34608337801754,556.9516536440148,1.7985987419501317,1.8122846683335296,0.965
P6,1.8,6,-95.98206586986659,736.9220803419355,182.43645643089803,447.73274711744455,1.7970730187791275,1.8126261793827267,0.965
P6,1.8,7,-139.16407391819158,840.4238011143834,145.2318645535482,339.6866439505617,1.7984603267082935,1.8124144730278344,0.965
P6,1.8,8,-173.24089047090237,913.6171905558903,108.06425691768408,241.95955218916683,1.7978201099759297,1.8111192514252854,0.965
P6,1.8,9,-200.46273909580466,963.2426281613068,72.77985048618389,160.37150211332073,1.7805513441360337,1.8073619066534292,0.965
P6,1.8,10,-218.8590800922419,1000.6535531714474,43.485583166668995,97.4968588991998,1.7487246125946048,1.8002400294857015,0.965
P6,1.8,11,-226.84854862123868,1034.226437585834,23.270424963205812,53.56090274366554,1.7249892668507716,1.7915927969165777,0.965
P6,1.8,12,-226.99075622245158,1063.672007843141,9.679263662642775,25.85968930411573,1.7277845898708313,1.7850913312741716,0.965
P6,1.8,13,-221.673012289835,1083.4009380484802,1.4430670211097152,9.008121873951358,1.7536003584435862,1.782807118187942,0.965
P6,1.8,14,-209.2642059509952,1090.047060540322,0.0,0.0,1.7839007261925306,1.7842903126266116,0.965
P6,1.8,15,-191.42838034492624,1083.4093643305494,0.0,0.0,1.8028563595216944,1.788611376885502,0.965
P6,1.8,16,-172.575615707169,1062.587036998497,0.0,0.0,1.8077713671851217,1.7947518935634188,0.965
P6,1.8,17,-152.78004068585335,1027.1587165883043,0.0,0.0,1.8044938348702977,1.7999370157777148,0.965
P6,1.8,18,-131.39478493091698,979.7823968762806,0.0,0.0,1.8007350027329696,1.8022201433143383,0.965
P6,1.8,19,-111.4371916083871,924.8596133612147,0.0,0.0,1.800861730793207,1.8022225549584212,0.965
P6,1.8,20,-94.47260983684473,865.1113706209818,-0.9752432069957812,0.7130898906233045,1.8052678267413418,1.8012489161058065,0.965
P6,1.8,21,-79.0760175668843,802.1153846002571,-0.20484167929431132,0.6833647758683961,1.8116937857291167,1.8000708652401964,0.965
P6,1.8,22,-65.83663473991939,739.759568743404,-0.30893503787573556,0.36792498111079,1.817151759329197,1.798655473940565,0.965
P6,1.8,23,-55.934905979253784,682.9057331622652,-0.9404604777947689,0.3904741556627376,1.8205120751945687,1.797627149392359,0.965
P6,1.8,24,-48.08366847656174,634.0832290131754,-0.4365256985208402,0.40398160585428855,1.8215095057784827,1.7978879954134637,0.965
P6,1.8,25,-40.84455221779549,593.5580732966481,0.007238393357546601,0.16628774867735083,1.81975494253241,1.798967163167394,0.965
P6,1.8,26,-35.037742958656544,561.3166187019556,0.0,0.0,1.8167298973952595,1.7999415362576716,0.965
P6,1.8,27,-30.650561560268496,537.8505368810592,0.0,0.0,1.8137133780092316,1.8003235454262723,0.965
P6,1.8,28,-26.263359242190916,522.8545094023168,0.059901235628534555,0.10840218460291058,1.8112231317127545,1.800149458632808,0.965
P6,1.8,29,-21.870344939845438,514.6935868785829,-0.22983132742330184,0.0658176007126132,1.8093150516548855,1.7995827986759576,0.965
P6,1.8,30,-17.841144229299534,511.7152752267331,0.0,0.0,1.8075330018856601,1.799015021094955,0.965
P6,1.8,31,-13.618087772780846,513.5542685509815,-0.3645051498494396,0.06395531025945701,1.8059960287693346,1.7989257973361397,0.965
P6,1.8,32,-8.628088792962563,520.413643837918,-0.10904130346614663,0.07915968179152731,1.8049045542162165,1.799399262278258,0.965
P6,1.8,33,-2.9919841143602626,531.5344256355422,0.0,0.0,1.8038691488453154,1.799644511622445,0.965
P6,1.8,34,3.2188797856591918,545.9157823420915,-0.8728444338030955,0.019626800432491157,1.8029953517113924,1.799445898378955,0.965
P6,1.8,35,10.14007357446212,563.4392264645319,-0.4683526355787239,0.27303778628838826,1.8023960464290192,1.7992207315083244,0.965
P6,1.8,36,17.891554882814916,584.0268086208249,-0.6560452060374069,0.27382858498193585,1.801812754047564,1.7991554325158945,0.965
P6,1.8,37,26.73736623561623,607.175475365026,-0.969806854124219,0.12279920632048802,1.801165236397097,1.7990956304147019,0.965
P6,1.8,38,36.71427327140267,632.7004704072207,-0.7190935874804406,0.3164305680807554,1.800523041023701,1.7993808270484812,0.965
P6,1.8,39,47.679087434981234,660.6007390618311,-0.6204722027623085,0.7712151762029366,1.8004361307938153,1.800148542063142,0.965
P6,1.8,40,59.81554362450239,690.2460790387084,-0.8756198028412283,0.9070616607850532,1.8009166531574634,1.8003326278252463,0.965
P6,1.8,41,73.25393004273893,721.0379098203441,-0.9023486925455483,0.5972635599843632,1.8016192468775758,1.799461306668634,0.965
P6,1.8,42,87.70837940097529,753.1066333213448,0.0,0.0,1.8024141796759012,1.798654026246372,0.965
P6,1.8,43,103.06698478575439,786.1383035526312,0.0,0.0,1.8030439949866683,1.7985117621731563,0.965
P6,1.8,44,119.4685518963878,818.657808856677,0.0,0.0,1.8034330359653314,1.7991134941743718,0.965
P6,1.8,45,136.82727498069886,848.9761460189598,0.0,0.0,1.8036646048520033,1.7997353924395636,0.965
P6,1.8,46,154.99716300746744,875.5631941074923,0.0,0.0,1.8038837389243432,1.7997406925025898,0.965
P6,1.8,47,174.0129384678942,896.234089343848,0.0,0.0,1.8042431749877945,1.7997074708272487,0.965
P6,1.8,48,193.473322759939,908.1621727432647,0.0,0.0,1.8046697397715956,1.7997195517405706,0.965
P6,1.8,49,212.59406218772222,908.5796144787872,2.9522244356642555,3.2380083617939555,1.8055305982796002,1.7994718276451482,0.965
P6,1.8,50,230.46413978026257,894.5763384629016,4.419837817149245,45.470460115689306,1.806717885165101,1.7993363706447052,0.965
P6,1.8,51,245.2812051366374,863.0109176661672,4.740396893709768,119.78893368059872,1.8080389673993664,1.7996771088169332,0.965
P6,1.8,52,254.33668142019383,811.4439718368805,0.91897017423047,229.18310600210506,1.8097005086995293,1.7998900646625842,0.965
P6,1.8,53,254.83815185045745,739.1353262411511,-13.13351871891384,366.71068474620074,1.8111525899081926,1.799367959262381,0.965
P6,1.8,54,244.04361601378386,647.6630067406974,-42.76924224641964,513.7849696760834,1.8122002299699473,1.797527807653797,0.965
P6,1.8,55,220.53614905277618,541.4766183047354,-84.55254347304259,648.3364099071526,1.8128728630890691,1.7952746446671601,0.965
P6,1.8,56,186.85642735241726,428.5123261715278,-126.94208069519642,757.373052969258,1.8128287097644509,1.7950862918504673,0.965
P6,1.8,57,147.91291588471628,318.8296313424494,-162.02810820709954,839.3904333263894,1.81240129476156,1.7942310145135485,0.965
P6,1.8,58,107.68778294913406,221.08713764161436,-189.15106039945783,899.7549403727012,1.811378872862057,1.7830950166574866,0.965
P6,1.8,59,70.83695902165465,141.03428700382986,-208.4182937695223,947.3698907964795,1.8084933021993794,1.7587511991953764,0.965
P6,1.8,60,41.75426906499712,81.6431820671959,-218.70159830310234,990.5760416976389,1.8024982996839898,1.7365842161362173,0.965
P6,1.8,61,21.034584461444357,42.28226890896448,-220.64385072115363,1031.681306548563,1.7943273102433646,1.7344752202860088,0.965
P6,1.8,62,7.427263384334044,18.15408460513669,-216.15636027382982,1066.5064779319696,1.7861800430378147,1.7514613027476225,0.965
P6,1.8,63,0.3027980609075445,3.705325218940291,-205.76955157120423,1089.9445833189438,1.7808658358430987,1.7765742180404311,0.965
P6,1.8,64,0.0,0.0,-190.4337041787177,1099.6376599787825,1.7805236872537022,1.7966404246767707,0.965
P6,1.8,65,0.0,0.0,-172.65439037219815,1094.6701367756368,1.7845277357642806,1.8046061215347837,0.965
P6,1.8,66,0.0,0.0,-153.8538593775297,1074.636848902638,1.7913655193994276,1.8040719411106663,0.965
P6,1.8,67,0.0,0.0,-134.29073112060507,1040.719931597957,1.798162422719681,1.8006701097648534,0.965
P6,1.8,68,0.0,0.0,-115.25036243131984,995.7255518062136,1.802460919746216,1.7990867201355267,0.965
P6,1.8,69,0.0,0.0,-97.71698361050733,942.6598748057773,1.8039896813321206,1.8025310273226538,0.965
P6,1.8,70,0.9317904836462383,0.3223088158459219,-81.30303040216523,883.9853285393341,1.8027503639742388,1.8091160418313832,0.965
P6,1.8,71,1.4051698089755882,0.4359834700073645,-66.57544577515239,822.7425520338378,1.800385822723505,1.8149280694652152,0.965
P6,1.8,72,1.192995677558459,0.5355755216016513,-54.46584071744899,762.7649938692723,1.798639048466502,1.8183069321534402,0.965
P6,1.8,73,0.9112593911055328,0.5839162184257487,-44.350215853619986,706.7522720700392,1.79782435534917,1.8188175175279904,0.965
P6,1.8,74,1.0731836762960492,0.4047829325851581,-35.749669571257314,656.1309307002485,1.7978393928494198,1.817697570694266,0.965
P6,1.8,75,0.9851273978915951,0.261949817486876,-29.14180897259766,612.7071801395261,1.798181312741589,1.8162565020944788,0.965
P6,1.8,76,0.6374294310250866,0.41056289649157135,-24.13585912180401,577.9768661317042,1.7988830216040486,1.8149740387819968,0.965
P6,1.8,77,0.6170668829222989,0.6170898392526954,-19.847533163973466,551.5412411989241,1.8000292974417411,1.8137286037029405,0.965
P6,1.8,78,0.6325844971957311,0.4697206995109005,-16.456893141793664,532.3466042009037,1.8009400742096116,1.812067563169386,0.965
P6,1.8,79,0.38144679449946695,0.09516253001359411,-13.89693324897305,520.2919074565337,1.8009929891312466,1.8097994241924271,0.965
P6,1.8,80,0.23956718629834453,0.01071799033830253,-11.051198565554445,515.2108937540344,1.8002914577770999,1.8075439079827387,0.965
P6,1.8,81,0.26907652471014043,0.2664068298855102,-7.635218538078372,515.9400194492586,1.7996769863891953,1.8061161619883443,0.965
P6,1.8,82,0.19962837565270328,0.4403191338704978,-3.984865084607236,521.3956176520472,1.7993307976678878,1.805029386447753,0.965
P6,1.8,83,0.20841335704993852,0.3855319332091595,0.5471006841365481,531.27612847734,1.7987643581884785,1.8037777356407498,0.965
P6,1.8,84,0.44452021853628654,0.298637249199784,6.486055185139949,545.2651132634556,1.7985067012003026,1.8025894262834088,0.965
P6,1.8,85,0.5515414786849016,0.3100731761819766,13.484445389410201,562.6623975006942,1.7988650182812151,1.8017522804424655,0.965
P6,1.8,86,0.526059811236122,0.47306205961831976,21.64184500542388,583.0735134016331,1.7993359130992714,1.8007819789737518,0.965
P6,1.8,87,0.6862769044468899,0.7779579324791196,31.421949369603453,606.6326053521905,1.7995845669409962,1.8000596361423102,0.965
P6,1.8,88,0.8356426925186075,1.0741114866631516,42.55037893643912,633.3463117538525,1.7998123017162264,1.800276087121068,0.965
P6,1.8,89,0.69848962875142,1.2168136559691887,54.67240760657001,662.9494963624052,1.8001121774726128,1.8011803320814659,0.965
P6,1.8,90,0.4069019853108339,1.1478645225960895,67.9783797309143,695.4391328543173,1.800229630545098,1.8017861698894178,0.965
P6,1.8,91,0.09567877912461897,0.6557078961652782,82.33315676752767,730.7818273812177,1.799848329724621,1.801903951626711,0.965
P6,1.8,92,0.0,0.0,97.36615280150026,768.0483287400434,1.7991495255753212,1.8024409431757211,0.965
P6,1.8,93,0.0,0.0,113.28364312789772,805.5830606063595,1.7987092406024763,1.8034485479241489,0.965
P6,1.8,94,0.0,0.0,130.32535397567062,841.5261071613849,1.7985741266481812,1.804076486489355,0.965
P6,1.8,95,0.0,0.0,148.2810566257266,873.4948595936264,1.7989323589706683,1.8042313863737889,0.965
P6,1.8,96,0.0,0.0,166.98174972591443,898.3739611249126,1.7996413474147277,1.8046142740195033,0.965
P6,1.8,97,0.0,0.0,186.13136103600087,912.9847411711164,1.800134616262582,1.8047892494213063,0.965
P6,1.8,98,0.0,0.0,204.83568380449182,914.5966955025724,1.800162307722806,1.8045655443229696,0.965
P6,1.8,99,8.773162198210917,11.966727782528709,221.83849680050858,900.6516330271237,1.7995589444732571,1.8048356896739888,0.965
P7,1.0,0,5.2647107999731055,11.023117751021765,71.96251069873513,493.6069279167214,0.999789177480416,1.0018667835003157,1.141
P7,1.0,1,8.20858293560904,47.612961729911994,76.58030619877471,484.52968558802075,0.9995523724412285,1.0019071318248445,1.141
P7,1.0,2,9.083378713402489,108.02945103287732,80.99064470706992,469.66678735075413,0.9993941400674508,1.0021187054626974,1.141
P7,1.0,3,3.6213556313116064,185.85419209451086,84.67859431716607,447.53906041925825,0.9988365859402851,1.0023092957345185,1.141
P7,1.0,4,-10.275449065903882,263.85558993429373,86.36280824516734,416.3624171664743,0.9980947864862442,1.0027018242944128,1.141
P7,1.0,5,-27.128032169358146,324.9981407530476,85.0663417579066,374.8163731780212,0.9987754583341336,1.0034500577334895,1.141
P7,1.0,6,-40.753294708359384,362.90863964594496,80.50552281236806,324.00693354897436,0.9975831764223413,1.0038077003784134,1.141
P7,1.0,7,-51.01054042015305,383.3450510318716,71.57708108378009,267.199271716709,0.9880427539746909,1.0041702421504584,1.141
P7,1.0,8,-58.3268129926474,397.67999213820497,59.10565567303426,208.7761063212741,0.9747237747974433,1.0047917415482492,1.141
P7,1.0,9,-62.58237561793758,413.54353895256406,45.24751317283765,153.2393339091945,0.9724056914448719,1.00447306055215,1.141
P7,1.0,10,-65.12288791875402,432.4335964850384,30.960059358190982,104.31040186531888,0.9828956238612244,1.003446623338803,1.141
P7,1.0,11,-66.04627165814114,453.287977506242,18.645310023557794,64.15918561291458,0.9965112679406917,1.0017319133001679,1.141
P7,1.0,12,-65.15049479922996,474.9519439829874,9.690533677450164,33.92996334709638,1.0040461623077537,0.9988604665159647,1.141
P7,1.0,13,-63.44566563129962,495.34876668354354,3.5034602161706494,13.89096846738107,1.002554041244172,0.996803228045535,1.141
P7,1.0,14,-60.74378521958648,511.5459201475767,0.09622429768675617,2.798994738866341,0.9971768946884542,0.9961856586260145,1.141
P7,1.0,15,-57.06359261173571,521.3656235759381,0.0,0.0,0.9935444166136659,0.9968616250961623,1.141
P7,1.0,16,-53.514935193056026,524.1409255825042,0.0,0.0,0.9934242554603804,0.9987628233756883,1.141
P7,1.0,17,-49.84617700532966,520.1063237609239,0.0,0.0,0.9959664003409455,1.00033989038422,1.141
P7,1.0,18,-46.08449664592581,509.8686640191086,0.0,0.0,0.9993444418137287,1.0005112845110955,1.141
P7,1.0,19,-42.702846906912455,494.752187134259,0.0,0.0,1.0014049321428742,1.000288770314944,1.141
P7,1.0,20,-39.27226760116598,477.49008036807027,0.0,0.0,1.0023188708625612,0.99994688072851,1.141
P7,1.0,21,-35.813716757613825,460.97834463749155,-0.08132852035785386,0.04283810938387272,1.0027520990319194,0.9993083517046982,1.141
P7,1.0,22,-32.6639210157007,446.1989069856616,-0.09658381738600154,0.10434918424166942,1.0028186479573347,0.999422180088514,1.141
P7,1.0,23,-29.40695182980643,433.17580811126066,-0.09679040729987581,0.049643266114988496,1.0031140127544076,0.9993224781152689,1.141
P7,1.0,24,-26.35146850399743,422.56036817755785,-0.21118365646300472,0.009138605627094785,1.003265964163803,0.9990333472414924,1.141
P7,1.0,25,-23.72986197774548,414.8849933941891,0.0,0.0,1.003101784359691,0.9997150582384429,1.141
P7,1.0,26,-21.228025521147465,409.65432613753,0.0,0.0,1.0031960316795303,0.99980329223705,1.141
P7,1.0,27,-18.89575111339372,406.1948126039209,0.0,0.0,1.0030138762250618,0.9994735008570742,1.141
P7,1.0,28,-16.69184435961589,404.50344682016583,0.0,0.0,1.002339863907644,0.9994463660561757,1.141
P7,1.0,29,-14.400251838692002,404.90359349393884,0.0,0.0,1.0019136590053572,0.999117380274036,1.141
P7,1.0,30,-12.217376864423715,407.16848240404715,0.0,0.0,1.00151389226847,0.9989844696870711,1.141
P7,1.0,31,-10.01229620867571,410.5384105208602,0.0,0.0,1.0011258098302567,0.9994723557267731,1.141
P7,1.0,32,-7.6207291083411395,414.6128910256106,0.0,0.0,1.00109631731177,0.9996999629221472,1.141
P7,1.0,33,-5.225488233622197,419.4480105121633,0.0,0.0,1.000785078803463,0.9996277165086204,1.141
P7,1.0,34,-2.7125550879262903,424.82569671525044,0.0,0.0,1.0005640751510898,0.9997420411060923,1.141
P7,1.0,35,0.027182002615238364,430.2258530350535,0.0,0.0,1.0006005113995362,0.9992299010740306,1.141
P7,1.0,36,2.9423480591165823,435.33304654830897,0.0,0.0,1.000309774701464,0.9990834963273861,1.141
P7,1.0,37,6.134590598911353,440.23679755870114,0.0,0.0,1.000188339357019,0.9993762781663856,1.141
P7,1.0,38,9.577463398137214,445.16356205388655,-0.19202752663448322,0.010864955054712975,1.0004231936519672,0.9993215290607755,1.141
P7,1.0,39,13.241720762085084,450.04503172002524,-0.1632015003780846,0.1262305241370741,1.0007132012563211,0.9996165820176465,1.141
P7,1.0,40,17.29427360091655,454.71332861285754,-0.12531326578802607,0.2506677431571395,1.0009714078405272,0.9998341090282437,1.141
P7,1.0,41,21.656540198755646,459.3666773981256,-0.12361982676971442,0.3303994324807191,1.0011153394834746,0.999488783158019,1.141
P7,1.0,42,26.278312301398422,464.3518771928442,-0.14524716198327475,0.24716537232798536,1.0010973027656258,0.9993245832042407,1.141
P7,1.0,43,31.245300852400216,469.58881393592344,0.0,0.0,1.001367193430418,0.9995278625757941,1.141
P7,1.0,44,36.43769044912643,474.68513805455234,0.0,0.0,1.001520369033935,0.9995254143921053,1.141
P7,1.0,45,41.784303472787265,479.46688269026964,0.0,0.0,1.0014550203198278,0.9994995257088052,1.141
P7,1.0,46,47.24510466588154,483.8323907729783,0.0,0.0,1.0015689253522908,0.9995833227536773,1.141
P7,1.0,47,52.68025535322946,487.324294715995,0.0,0.0,1.0018855285275599,0.999655041977687,1.141
P7,1.0,48,58.13295412067539,489.2538548716058,0.0,0.0,1.0021144601771514,0.9996492498301667,1.141
P7,1.0,49,63.66995425715526,488.9341928701049,0.9316963156829444,2.0271804123778145,1.0020756056316849,0.9993432377929593,1.141
P7,1.0,50,69.20067622917608,485.67828442117013,2.054327645390293,22.876633506520857,1.002053157115084,0.9990135967938014,1.141
P7,1.0,51,74.71015032263635,478.52184780384897,3.018246988684865,61.3660528522483,1.0022837539794711,0.9993922018139214,1.141
P7,1.0,52,79.93317077490147,465.9412076277968,2.0665353315536006,117.92445052927025,1.002651394100496,0.9994757400312704,1.141
P7,1.0,53,84.15358020439372,446.0047113418662,-3.3186730115204695,185.61441592997244,1.0028500712499453,0.9984091194384165,1.141
P7,1.0,54,86.47783672467885,416.7818631238793,-13.740997713489037,252.5457170181751,1.0028781122549624,0.9973642202341356,1.141
P7,1.0,55,86.01781482803543,377.15090182819034,-26.688134524301297,308.82859147718125,1.0031302640911244,0.9965516423045127,1.141
P7,1.0,56,81.89618221713252,327.7593486225532,-39.09645637568157,350.9968946848829,1.0036009764283076,0.9939093566391143,1.141
P7,1.0,57,73.54125962701906,271.26366251371644,-49.476424593723536,381.65024668998666,1.0040770108801658,0.9870816247354569,1.141
P7,1.0,58,61.30133658190273,211.84977902917916,-57.052906546905085,405.8393110437876,1.0046240114244074,0.9810753222345044,1.141
P7,1.0,59,46.631851014394,154.4898223658623,-61.464389980665565,427.4104077369073,1.0046920613001848,0.9808911635262163,1.141
P7,1.0,60,31.62723686844134,103.75898102493096,-63.047480758369666,447.95332810624825,1.004071168149547,0.9861314311400337,1.141
P7,1.0,61,18.550209333801295,62.747942886486655,-62.395771854198316,467.406582699492,1.0025342763371063,0.9929654000012074,1.141
P7,1.0,62,8.941983031069313,32.74040077387579,-60.09269955856588,484.69450621411903,1.0000794855074056,0.9964223612664366,1.141
P7,1.0,63,3.0077004471141326,13.365260860394784,-56.8163255029807,498.28034809645135,0.997377999318559,0.9976696766287292,1.141
P7,1.0,64,0.02806613973573343,2.7749881199017876,-52.99314943210078,506.8872578352963,0.9955355421253818,0.9974514606859409,1.141
P7,1.0,65,0.0,0.0,-48.87809574403235,509.765428758286,0.9953098544679297,0.9971807719314794,1.141
P7,1.0,66,0.0,0.0,-44.74759895727835,506.63532907706144,0.9971149501834816,0.9979872995827854,1.141
P7,1.0,67,0.0,0.0,-40.721875175940916,498.02174728587164,0.9993980324613543,0.9990484851397806,1.141
P7,1.0,68,0.0,0.0,-36.85027879703016,485.3228834791462,1.0007074729301417,1.0004734163703741,1.141
P7,1.0,69,0.0,0.0,-33.291319722665456,470.2268620491684,1.0009641308106383,1.0019356301882345,1.141
P7,1.0,70,0.07293852624361816,0.0234013051318989,-30.04652855980865,454.36022517428194,1.0005896238928391,1.0028080751892805,1.141
P7,1.0,71,0.15059045940403745,0.26855978658553886,-27.036407131414197,439.26002359213265,0.9997831490216897,1.0032441125732787,1.141
P7,1.0,72,0.16673550588431385,0.2942691384654429,-24.31650280668533,426.13901477819326,0.9991307792791532,1.0033918724671513,1.141
P7,1.0,73,0.1603155410037398,0.20044877229091607,-21.844252493898402,415.6286268349195,0.9988932859467503,1.0034945872615366,1.141
P7,1.0,74,0.16837834215791853,0.10212549300109101,-19.509883021605148,408.0023815875675,0.9991281185848728,1.003482887900687,1.141
P7,1.0,75,0.14206055423073513,0.05170999261918508,-17.30144037566673,403.3179136194718,0.9997981203694536,1.0028492785951892,1.141
P7,1.0,76,0.10072257046207417,0.026214547845780124,-15.134872122208991,401.2260811369899,1.0000618926908982,1.0020566722716175,1.141
P7,1.0,77,0.08067688097063712,0.017697698126326718,-12.94037893685205,401.26142598396757,0.9996437154245478,1.0017284887199076,1.141
P7,1.0,78,0.055438874568000375,0.035539271696652115,-10.763020988580855,403.09805236822723,0.9993289996678261,1.0016312413893664,1.141
P7,1.0,79,0.055148735588845574,0.04507098373443155,-8.5531875266429,406.37270852036687,0.9995657141039535,1.0012639605554554,1.141
P7,1.0,80,0.06833739062821671,0.04053914262401244,-6.290738851724776,410.7370930486503,0.9998022249607907,1.0008289670279213,1.141
P7,1.0,81,0.04462260230224693,0.04017376354248258,-3.9952923658701494,415.91316991639786,0.9997746956262591,1.0006896124355313,1.141
P7,1.0,82,0.018344916254917333,0.03507873263774828,-1.5688567112366838,421.6067705705602,0.9996178789574033,1.0006597172630949,1.141
P7,1.0,83,0.0035238768141547415,0.026112149814163085,0.9988382346377697,427.5029333096697,0.9996396766010908,1.0005922703203805,1.141
P7,1.0,84,-0.01753188892749465,0.027151708621334817,3.7195704107414786,433.30425530080225,0.9997965753239064,1.0004421762763536,1.141
P7,1.0,85,-0.02285999876637657,0.0326208646145464,6.680421249045413,438.84937393537314,0.9997427454912491,1.0000814442247679,1.141
P7,1.0,86,-0.003954551786433171,0.03709290981089206,9.881949650944634,444.0788496170364,0.9995050731967124,0.9999877930826208,1.141
P7,1.0,87,0.026156849359400637,0.06597596832300963,13.363179205016051,448.99537430215224,0.9993739902977148,1.000299491273571,1.141
P7,1.0,88,0.05882780118653692,0.15221959029117488,17.242471795775828,453.80502138877785,0.9993239747216219,1.0002366130314548,1.141
P7,1.0,89,0.06548541416844304,0.2729269574691938,21.504790306781807,458.76047524654047,0.9993331707505865,1.000175767509708,1.141
P7,1.0,90,0.03163359243390876,0.3873969350536122,26.164695956599562,464.0480720200689,0.9995749832964335,1.0007434491277682,1.141
P7,1.0,91,-0.0341117290420503,0.4202359176724819,31.210733720452648,469.821139717973,0.9996564320294107,1.001214659802685,1.141
P7,1.0,92,-0.13514794418952564,0.17982297627813124,36.49203543918959,476.0285524477436,0.9995634882557956,1.0013678516609243,1.141
P7,1.0,93,0.0,0.0,41.902647245549645,482.385069612833,0.9996283532222617,1.0013849584461776,1.141
P7,1.0,94,0.0,0.0,47.336156985378175,488.4561753803266,0.9996342923187772,1.0013245645433406,1.141
P7,1.0,95,0.0,0.0,52.60218503080233,493.67323937707647,0.9992846074326459,1.0017576853286028,1.141
P7,1.0,96,0.0,0.0,57.675844952615925,497.46121269303273,0.9993462921074419,1.0023574884417326,1.141
P7,1.0,97,0.0,0.0,62.566346767309184,499.1765916924374,0.9994516748448505,1.0023017501508462,1.141
P7,1.0,98,0.0,0.0,67.27391250602663,498.0918047036084,0.9995921488788688,1.0019669118748278,1.141
P7,1.0,99,5.258751642118173,11.021775395407637,71.92577079980016,493.48529434448693,0.9998110507831363,1.0018401305868627,1.141
P7,1.2,0,8.645442738220073,11.121780739023544,82.32037696415388,533.9186099623778,1.1992245490389357,1.2006403748645824,1.096
P7,1.2,1,12.907507493195736,46.500636556823224,87.23771601452668,521.5018852416041,1.1992664500189751,1.2006723509489736,1.096
P7,1.2,2,14.040290575473389,104.40736008726175,92.05884524322485,501.49106775620766,1.1990735091464784,1.200795751084505,1.096
P7,1.2,3,6.694116825041614,179.93384194652253,95.92935222056941,472.5607841924964,1.1991292211609224,1.201015902771683,1.096
P7,1.2,4,-11.12079801789677,259.95674644037916,97.27214741068909,433.33658633062487,1.1989040136704656,1.2017805700756052,1.096
P7,1.2,5,-32.96846671935525,330.0485373271249,95.03790648898106,383.47257490108706,1.1995272926983214,1.2028188484883733,1.096
P7,1.2,6,-50.768076704422405,380.42615575162483,88.8199629002744,324.7543976287289,1.2012367720743757,1.2036853264813754,1.096
P7,1.2,7,-63.20473029454961,410.57072592164036,77.82446039432216,260.7605154025708,1.196876476984254,1.2048494659080855,1.096
P7,1.2,8,-71.47412801411865,428.4985343111967,62.646298501653526,196.66763933460996,1.1822483481995278,1.2059527921807804,1.096
P7,1.2,9,-76.61913462913871,443.13094863582813,46.234785517186424,138.1171405535459,1.1673453493372596,1.2065933804734679,1.096
P7,1.2,10,-80.41418580756282,458.6676108108081,30.1934819919512,89.10937680130604,1.165742369250572,1.2063450326779726,1.096
P7,1.2,11,-83.16184999802881,475.27492918994284,16.632021488712436,51.088758228766416,1.1794784837757657,1.2047750614643047,1.096
P7,1.2,12,-83.6718488252109,492.2668695703246,7.324762883298015,24.310172778999696,1.196729623012595,1.2024508597253944,1.096
P7,1.2,13,-82.42117394165851,508.6551454289916,1.878965645011412,8.243766044936999,1.2063886798595587,1.1993396707178556,1.096
P7,1.2,14,-79.47701295516684,522.5575057864706,-0.6435718790167962,0.6454607536525547,1.2051713497820926,1.1962751931186681,1.096
P7,1.2,15,-74.45729066703666,531.729718561111,0.0,0.0,1.1978639629074073,1.1945898617743502,1.096
P7,1.2,16,-68.53498129781318,534.317369092771,0.0,0.0,1.1919768171215428,1.1949184671464095,1.096
P7,1.2,17,-62.59113327417656,529.3604248721799,0.0,0.0,1.1910373880046232,1.1967199440295753,1.096
P7,1.2,18,-56.503895392474,517.0309508450825,-0.020982931961459502,0.34865523972343343,1.1948083159365812,1.198956279896791,1.096
P7,1.2,19,-50.99351174348587,498.4690266949809,0.23057830534832166,0.7816327421683015,1.2000715310477121,1.2007383674494434,1.096
P7,1.2,20,-46.14360615622529,475.7528741322636,0.22891255397676924,0.8088359579793112,1.2038461038274926,1.2013835729690479,1.096
P7,1.2,21,-41.42119080509136,452.19019977682876,0.24667452128977477,0.6530693907102519,1.2053926729576925,1.2008562671858332,1.096
P7,1.2,22,-37.15207267658618,430.78933264425837,0.18783545714489736,0.43290152746336763,1.2056426099761122,1.1994882148649608,1.096
P7,1.2,23,-33.26608554757792,412.5962773518339,0.06587807222544996,0.23377812441145543,1.205024392946169,1.198704817554088,1.096
P7,1.2,24,-29.362110191485403,397.5927468876516,-0.0604461456363516,0.11583364257658318,1.2042374026288247,1.198819114973976,1.096
P7,1.2,25,-25.84989454670317,386.0518534537791,-0.2409678159595072,0.06492678362493713,1.204085463771642,1.1989895433386595,1.096
P7,1.2,26,-22.764617121013096,378.2007735891527,-0.31506382644020503,0.033991760516994915,1.2043226897069177,1.1991479930262632,1.096
P7,1.2,27,-19.795077188313925,373.608101468383,-0.17656946566160447,0.01084196398154306,1.2046857627586611,1.1993309188377408,1.096
P7,1.2,28,-17.058576666609405,371.5071873957964,-0.059490488198989847,0.021428551159914294,1.204569847219391,1.1991855996442229,1.096
P7,1.2,29,-14.44070830452375,371.5057580010135,-0.0385774401458488,0.03900901952475601,1.203598670342878,1.1989614589760085,1.096
P7,1.2,30,-11.75070035113542,373.68075884640024,-0.052320702295762876,0.045796853578200895,1.2024910520635814,1.1993736148586593,1.096
P7,1.2,31,-9.190892557370729,377.8961060251605,-0.11946061810690733,0.07313204522945826,1.2017887548384336,1.1998815044139806,1.096
P7,1.2,32,-6.617110116825556,383.4968278141916,-0.18569064766359078,0.09707623433082742,1.201366413134023,1.199867472514392,1.096
P7,1.2,33,-3.8395032382617376,389.88833170345015,-0.1789351061065288,0.07854724166002433,1.201020305668828,1.1995131194083437,1.096
P7,1.2,34,-1.0020931679898633,396.94530461474375,-0.14323720725242334,0.04319782161168986,1.2005688830600423,1.1992335172369761,1.096
P7,1.2,35,1.9958350877435045,404.68712508124815,-0.0979905977924114,0.024818209515250895,1.2003671532371198,1.1990680554191206,1.096
P7,1.2,36,5.285839300424507,412.8898836078012,-0.047762421796567596,0.023262560186182252,1.2005267786044889,1.199116964459567,1.096
P7,1.2,37,8.820888250559381,421.1886245846313,-0.039415858534210146,0.035407741207435194,1.2006406608296227,1.1996082235002254,1.096
P7,1.2,38,12.76936087442344,429.50025990095565,-0.04463007106622326,0.0721923678705422,1.2007099102132355,1.200005309587601,1.096
P7,1.2,39,17.219545112324052,438.1548901356777,-0.032412340884970484,0.14786546745748838,1.2007452925541777,1.1995673319220643,1.096
P7,1.2,40,22.10565521893152,447.42158780463325,-0.018125868243535095,0.25267397599531766,1.20061455672779,1.1990478631046844,1.096
P7,1.2,41,27.532401088650854,457.1624543120861,-0.04060587593498999,0.3399392008236299,1.200341977908359,1.1992645976187177,1.096
P7,1.2,42,33.44206176423885,467.2961153736131,-0.13544244176433864,0.3084984399625135,1.2005209229440321,1.19956444276731,1.096
P7,1.2,43,39.63640075875311,477.9930170401461,0.0,0.0,1.2010060120731163,1.199226920677743,1.096
P7,1.2,44,46.039381370187094,489.07679435747195,0.0,0.0,1.2013788722753536,1.1988730556628648,1.096
P7,1.2,45,52.531189174316495,499.78107409796263,0.0,0.0,1.2014855476989565,1.1989508765247374,1.096
P7,1.2,46,58.98883829287556,509.2226508588082,0.0,0.0,1.2015531400252213,1.1988346710482622,1.096
P7,1.2,47,65.44937412771691,516.7037797888839,0.0,0.0,1.2016830108761658,1.1989262710100168,1.096
P7,1.2,48,71.9176384766281,521.5105215191342,0.0,0.0,1.2019314830841994,1.1996354701795302,1.096
P7,1.2,49,78.47336164125578,522.7238854456077,0.0,0.0,1.2021956802682534,1.2001923568063662,1.096
P7,1.2,50,85.20580447782199,519.2822824039263,8.728868872819959,10.90796324242917,1.2022431187766696,1.2002774915764345,1.096
P7,1.2,51,91.99456734771269,510.09484552255987,13.07649578796103,41.469219371302756,1.2021226670686944,1.1998513370839357,1.096
P7,1.2,52,98.40354079471521,493.95859212000204,14.361006332751165,91.32968216680327,1.2019595574324584,1.1992768013149795,1.096
P7,1.2,53,103.49597494981897,469.34571313048167,7.951775727675048,157.94130650200864,1.2023315537715549,1.1992722124014976,1.096
P7,1.2,54,105.79983428785881,434.4618053756162,-8.105497065680199,232.87113421951534,1.2030410716236488,1.1993724040375457,1.096
P7,1.2,55,104.09722772614974,388.2223117106028,-29.458866776438306,305.8383031187789,1.2038040285786396,1.199542020986912,1.096
P7,1.2,56,97.53834084676849,331.6658921358769,-49.244132891312056,368.0675970571697,1.2047000636364953,1.2003430273768472,1.096
P7,1.2,57,85.45585410674724,268.20388931972747,-64.34539589604914,415.11042083655616,1.205457681307966,1.2001264226356088,1.096
P7,1.2,58,68.66143394560653,203.0523299756807,-74.70471127623404,448.0129006380556,1.2058062660951778,1.1940712487663778,1.096
P7,1.2,59,49.77330992543066,142.33161467109684,-80.78833786251636,470.7072135017772,1.2058220530171893,1.1810037106280338,1.096
P7,1.2,60,31.655062075462745,91.36579028805424,-83.65965034617325,486.97757153956513,1.2049352809543037,1.1694360685524157,1.096
P7,1.2,61,16.941696302138002,52.68641463376167,-84.16090654023597,499.54040551588963,1.2030256627751508,1.1674824854852845,1.096
P7,1.2,62,7.123229978191835,26.128006639590197,-82.47668434491307,509.73198082448954,1.199757991698174,1.1771250837843403,1.096
P7,1.2,63,1.7714039362176732,10.179493744615948,-79.10897390585855,517.3163987123859,1.1954814312163542,1.1911473414469065,1.096
P7,1.2,64,-0.47426252722410506,2.375798519304095,-74.40519398860111,521.5228025400052,1.192268651184522,1.201077317283218,1.096
P7,1.2,65,0.0,0.0,-68.52017384081068,521.7889833024885,1.1924160571009799,1.2034849065097295,1.096
P7,1.2,66,0.0,0.0,-62.17296046684722,517.2347362339511,1.1950607255141836,1.2004788433742075,1.096
P7,1.2,67,-0.2292597761065657,0.332788585399227,-55.83603590946371,506.89328953292875,1.19878920398643,1.197657159661146,1.096
P7,1.2,68,0.1427939951875098,1.0469514033041876,-49.553996796447976,491.0541786673136,1.2014757411641128,1.1970007567710397,1.096
P7,1.2,69,0.3379722872294747,1.4697695954326437,-43.77297228724725,471.42776482844107,1.2018683831352308,1.1983263392822139,1.096
P7,1.2,70,0.4246561109089191,1.622691194638406,-38.68975221937904,449.96623638956606,1.2007703280689512,1.2011000567208099,1.096
P7,1.2,71,0.4706971500878734,1.5723049811088665,-34.130566739806085,428.478045767169,1.1993779391741053,1.2039202661258568,1.096
P7,1.2,72,0.38273267779996967,1.3404892314783379,-30.164454453641472,408.8748964080116,1.1988685868906266,1.205933642973382,1.096
P7,1.2,73,0.19296694909494166,1.0299703532890248,-26.734968651514375,392.5769273144911,1.1988742568065247,1.2061926776171392,1.096
P7,1.2,74,0.029247140066193538,0.7669354663571253,-23.608267565590143,379.985465419157,1.1990392761178235,1.2056761785257124,1.096
P7,1.2,75,-0.08522834317943549,0.5790877482419893,-20.812889533533948,371.1459792748197,1.1994849963184695,1.2051984597052485,1.096
P7,1.2,76,-0.15583611934523176,0.43937999026798336,-18.227637666749832,366.1462579458721,1.1998213142427763,1.2042857598049874,1.096
P7,1.2,77,-0.1788486630578211,0.3470586747115702,-15.621246121167339,364.6147020561679,1.199503334278681,1.2036380843411993,1.096
P7,1.2,78,-0.18287384176518545,0.31189178464532097,-13.069980646325547,365.86486075962347,1.1991202156781966,1.20366443437236,1.096
P7,1.2,79,-0.17870986580649983,0.29532030624137195,-10.530840593513599,369.4449195132342,1.1992743917047213,1.2033608022810778,1.096
P7,1.2,80,-0.14977279605230162,0.2555512991895761,-7.850462958788697,374.8885469118283,1.1992270164633294,1.2024633332306969,1.096
P7,1.2,81,-0.13068272465001307,0.204861711636104,-5.1078669412746995,381.56358700938915,1.1991456140835182,1.201586366728415,1.096
P7,1.2,82,-0.12878744960714186,0.16575719629250665,-2.2642529068358903,389.1229266661715,1.1990219554985266,1.201104351400798,1.096
P7,1.2,83,-0.11228576620387679,0.12796904076179033,0.8642981558666143,397.3656422422245,1.198979491573592,1.2008536890646888,1.096
P7,1.2,84,-0.08305874056736091,0.08406104045455894,4.301227054492184,405.83706808722394,1.1992396750174208,1.2004610965411855,1.096
P7,1.2,85,-0.056515885108029205,0.049506352816923976,8.15448267151541,414.2369340758432,1.1993799885385814,1.2001579021474742,1.096
P7,1.2,86,-0.03193802577661517,0.044938998985348255,12.550757935049205,422.77984764480897,1.1994650115775392,1.2001802490869813,1.096
P7,1.2,87,-0.015690545499300348,0.08419961086584986,17.494495206601748,431.70947181002225,1.1994007781078049,1.2000697960925228,1.096
P7,1.2,88,-0.013176915762284682,0.17168752309366905,23.02023107498531,441.0688425872695,1.199170714743187,1.2001584537345131,1.096
P7,1.2,89,-0.021857259655485926,0.29711873403937583,29.056321687053508,451.1296719272304,1.1992251435450665,1.200424236792921,1.096
P7,1.2,90,-0.05139031443394674,0.4094310710310858,35.369137694462005,462.3700739408841,1.1993570968070475,1.2006335735005789,1.096
P7,1.2,91,-0.12730217382614437,0.38900292774499984,41.779649496785254,474.8917161761709,1.199422603086221,1.2009030272095225,1.096
P7,1.2,92,-0.265397313030646,0.02577218877053259,48.03709301719998,488.3118971422079,1.1994233107910142,1.2009157447491434,1.096
P7,1.2,93,0.0,0.0,53.851967218782605,502.06526374114145,1.1992175956663376,1.2009833418117222,1.096
P7,1.2,94,0.0,0.0,59.14937672754593,515.3083429265868,1.199211834490017,1.2011484697534636,1.096
P7,1.2,95,0.0,0.0,64.01651512066307,526.8171021494667,1.199306056707659,1.201319506698346,1.096
P7,1.2,96,0.0,0.0,68.56545104126597,535.3555789616837,1.1994391288584545,1.2016866841017064,1.096
P7,1.2,97,0.0,0.0,73.00408655282159,539.9483920012997,1.1997045495266918,1.20164696206107,1.096
P7,1.2,98,0.0,0.0,77.53149151686847,539.7249338662047,1.1994293149527495,1.2010664830552344,1.096
P7,1.2,99,8.658873942396504,11.12362966266401,82.25673301734335,533.7978663338623,1.1991600946635839,1.200663747950926,1.096
P7,1.4,0,10.191199158873124,11.24685478734522,98.14152392418781,543.3573804771796,1.400106427413256,1.400686316941582,1.07
P7,1.4,1,14.40692996413792,50.689241293846656,102.97885998466819,525.6157979303641,1.4005719948609976,1.4012811062877855,1.07
P7,1.4,2,14.530558905770835,116.05123208902906,106.77835447928746,498.0939124276944,1.4000149803019752,1.4020628643869335,1.07
P7,1.4,3,4.531685194152216,202.96276150834905,108.70779563860025,460.19687615515573,1.3990455103983757,1.402861031239023,1.07
P7,1.4,4,-18.14006969586947,297.18380801367465,106.90103052731024,411.66950499534744,1.3997171172237386,1.404307820066529,1.07
P7,1.4,5,-45.959749758117646,381.71661339137216,100.32354511208646,353.42763584468565,1.4022735855908592,1.405178987894307,1.07
P7,1.4,6,-68.24004766237934,442.97414625117756,89.75904936076556,288.853806028922,1.4003295973299237,1.4053430326927203,1.07
P7,1.4,7,-82.527611969384,477.39282642735327,75.35702934438216,222.7527390902683,1.3854246542050392,1.4058379927700917,1.07
P7,1.4,8,-90.68089972723844,493.2991703361359,57.9139590919572,160.28520167505332,1.3633635036987017,1.406377835583507,1.07
P7,1.4,9,-94.55415204290142,502.4395985637547,41.128050868846685,106.20237845596972,1.354006813850638,1.4061603690720443,1.07
P7,1.4,10,-96.93090560442859,511.8897894811705,26.190846843779866,63.44241109586768,1.3660231122162017,1.4045269742524351,1.07
P7,1.4,11,-99.12004062455208,522.8885909995348,13.60170007272594,32.306441910196384,1.3905510703036421,1.4011633141881215,1.07
P7,1.4,12,-99.1655941114039,534.7211406110506,5.037145833570707,11.938779236409795,1.4094805357503293,1.3971200452632022,1.07
P7,1.4,13,-96.6668825659363,546.4992686323376,0.3035333866648325,0.9836960658286333,1.4140422527800285,1.394868266485854,1.07
P7,1.4,14,-92.34660005863904,556.0582157739132,0.0,0.0,1.4062491921096185,1.3947596619219518,1.07
P7,1.4,15,-85.43366156543804,560.8986232232846,0.0,0.0,1.3949651077720564,1.3957243911446033,1.07
P7,1.4,16,-76.6460583628764,559.2478659654194,0.0,0.0,1.3897609434699423,1.3968982884253,1.07
P7,1.4,17,-68.06916750349717,549.9684304371746,0.0,0.0,1.3919764735514695,1.3981731766270824,1.07
P7,1.4,18,-59.847564463252745,532.6957659684657,0.0,0.0,1.3981360826512352,1.3998167584929537,1.07
P7,1.4,19,-52.183868221242406,508.65356898708603,0.24750860467247437,0.05302305742278998,1.404523868334728,1.4008199860500008,1.07
P7,1.4,20,-45.97505822940546,480.17662373059295,0.22698661067088322,0.18522314582346847,1.408638802122787,1.4005375475745676,1.07
P7,1.4,21,-40.44913163104496,450.220169847122,0.32819734164944064,0.19250091410157705,1.409668437859971,1.3997117805012012,1.07
P7,1.4,22,-35.08379029590861,422.13128320895675,0.6295432164586215,0.24393145816132314,1.4084548020674819,1.3992720023408933,1.07
P7,1.4,23,-30.5256468443561,398.04931852631734,0.5570712340453494,0.2328770016284929,1.406810115051983,1.399175674978741,1.07
P7,1.4,24,-26.20189669629335,378.3196249562386,0.38410943989781926,0.19783388588501777,1.4056480354582055,1.3997605744653707,1.07
P7,1.4,25,-21.864538419168237,362.7707888514114,0.17004234360927015,0.18235752140513378,1.4055880552224538,1.4002593651238169,1.07
P7,1.4,26,-18.31671165488686,351.68721780338007,-0.2650582125501035,0.1447298489092382,1.4058116472056474,1.4000641673499554,1.07
P7,1.4,27,-15.286645080155605,345.01306195961484,-0.29887846451503886,0.06531649088249401,1.4056467775894421,1.400047215587053,1.07
P7,1.4,28,-12.373900338738276,341.79791345520164,0.07157110454728635,0.03489803072821628,1.4048456228670887,1.40005394206537,1.07
P7,1.4,29,-9.852222543573792,341.01529828451066,0.09348323608722228,0.09756335939128986,1.4037338711334837,1.3995939801818904,1.07
P7,1.4,30,-7.483483774511416,342.46304857255586,0.03766036177837246,0.12028752852069653,1.4030086390480003,1.399520397872477,1.07
P7,1.4,31,-4.9494122689294,346.4013925057813,0.07260663430342708,0.1090398073059239,1.402334220462561,1.399767461215655,1.07
P7,1.4,32,-2.627211032771007,352.4779911056205,-0.06692970706123473,0.15694958131366704,1.4014191224130967,1.399376169132258,1.07
P7,1.4,33,-0.14790679404938825,359.88238857303367,-0.12275089631935762,0.1699113533552556,1.4007671377314108,1.39923876656984,1.07
P7,1.4,34,2.7514711852300753,368.228851855386,0.08344837793295098,0.07692263775072469,1.4009989860523706,1.39968264420976,1.07
P7,1.4,35,5.773067974037106,377.5471595056151,0.0,0.0,1.401001602450925,1.3998932375476296,1.07
P7,1.4,36,9.151505349685738,387.6734067835476,0.0,0.0,1.4003570762732096,1.3998155304165976,1.07
P7,1.4,37,13.185537687636087,398.34334309964595,0.0,0.0,1.4003298113115057,1.3994435032245056,1.07
P7,1.4,38,17.642991783374228,409.4295111376425,-0.16289790656843306,0.0336939138464129,1.4006372801227458,1.3992812448249514,1.07
P7,1.4,39,22.758808447781757,420.9261943039498,-0.31942175932354183,0.12830523443099248,1.4006233299617754,1.3996633220982733,1.07
P7,1.4,40,28.74391059308643,433.21525861549185,-0.26419630306611525,0.29959714619912303,1.4006668466306416,1.3998263613295443,1.07
P7,1.4,41,35.31387228660669,446.7112092084161,-0.23104072052074448,0.4553887333102732,1.4010387132158446,1.3994680602581826,1.07
P7,1.4,42,42.50308509154132,461.11949897893334,-0.29264458299616325,0.4473555964861986,1.4016267143163168,1.3994522560579787,1.07
P7,1.4,43,50.35282760444752,475.90158784256306,-0.40914874012664937,0.0827051015678352,1.4019230449917512,1.3997710587633672,1.07
P7,1.4,44,58.36936975841832,491.007671049239,0.0,0.0,1.4018721665519918,1.3998986273472704,1.07
P7,1.4,45,66.48022549466896,506.05516176824045,0.0,0.0,1.40231419914256,1.3999876086597258,1.07
P7,1.4,46,74.71901706149173,519.6541930748624,0.0,0.0,1.4029197074200401,1.399739539697567,1.07
P7,1.4,47,82.85708332618793,530.3145109591632,0.0,0.0,1.403019459774835,1.3995142841732544,1.07
P7,1.4,48,90.96416214037481,537.0970697218912,0.0,0.0,1.4027905147463982,1.3999416384822956,1.07
P7,1.4,49,99.18011030655046,539.1097994803862,0.0,0.0,1.4025682958024221,1.4001221505892643,1.07
P7,1.4,50,107.19467014117578,535.0296468279137,8.728230649018744,6.405062586140891,1.402703411642189,1.399844870501557,1.07
P7,1.4,51,114.78655535499831,523.3031087266085,12.862089673859337,37.288893002015136,1.403371778167832,1.399876096565601,1.07
P7,1.4,52,121.43785619555516,502.48937771411914,13.986360606872076,90.45731910515242,1.4039302468494195,1.3998321008717642,1.07
P7,1.4,53,125.7338236849718,471.3380331210289,6.85765390823234,164.95422870245338,1.4039589714130143,1.3994703375563127,1.07
P7,1.4,54,125.84055574387372,428.7740295388799,-11.90268325341796,252.09482534226458,1.4045553658811325,1.3992965869958347,1.07
P7,1.4,55,120.36296181897555,374.574601748242,-38.39933947734844,339.15835069176876,1.4055957978067655,1.3999390193724839,1.07
P7,1.4,56,108.81345703554537,310.8885284026192,-64.00947994113463,414.15742122670457,1.4059794121360618,1.4010973168874485,1.07
P7,1.4,57,91.6282902345445,242.53455848695512,-83.41451882213903,469.82201939037225,1.4060635888081385,1.3978616662337748,1.07
P7,1.4,58,70.59009212501113,175.7194902755356,-96.20098338006693,506.1305282309028,1.4062139522677983,1.385183862874818,1.07
P7,1.4,59,49.20902019829626,116.41868415398817,-103.30754089089025,527.9756522474696,1.4052060453657644,1.3681549876593184,1.07
P7,1.4,60,30.5003371081434,68.97195693897552,-106.13333939875766,540.8699239762882,1.401870782534145,1.3584231517045136,1.07
P7,1.4,61,15.855869305762841,34.8584295957316,-106.23415981842992,548.9363223936042,1.396815396325051,1.3635989249643825,1.07
P7,1.4,62,5.986526580736243,13.014744146562837,-103.94518859713476,554.4739434401054,1.3924341668176927,1.3804381732541247,1.07
P7,1.4,63,0.7143230037684605,1.2150471423022304,-99.30887081532765,557.8222966921883,1.3910281499375987,1.398731911092539,1.07
P7,1.4,64,0.0,0.0,-92.9158982166593,557.9974896994638,1.3922853890218696,1.408341878671187,1.07
P7,1.4,65,0.0,0.0,-85.09786569082091,553.9883031868113,1.394941372991233,1.407462700554596,1.07
P7,1.4,66,0.0,0.0,-76.23455494521457,544.9909015043212,1.3985042146742923,1.4020204493340993,1.07
P7,1.4,67,0.0,0.0,-67.41307961199016,530.0391659536916,1.4009271310158957,1.3978744005286345,1.07
P7,1.4,68,0.0,0.0,-59.02587148855721,508.87759237004946,1.401294226861722,1.3978104687255815,1.07
P7,1.4,69,0.0,0.0,-51.10620112389336,483.05097192827725,1.4006502226931923,1.4008989314529088,1.07
P7,1.4,70,0.3928544974465617,0.30623898237550634,-44.22408120262997,455.04968895755604,1.3996446084968386,1.4043945598072771,1.07
P7,1.4,71,0.5225558774446183,0.46033161569090614,-38.402810904921026,426.97725467397845,1.3990466240316435,1.4075047221100272,1.07
P7,1.4,72,0.6334822366844866,0.4915399266097431,-33.27061328646636,400.7612716135737,1.3993206426551787,1.4088483582416516,1.07
P7,1.4,73,0.563419772168944,0.3744016467010736,-28.966566081986386,378.2040360527616,1.3993788875915882,1.4084713532779631,1.07
P7,1.4,74,0.3425582125438626,0.19042313164759544,-25.404070994038154,360.18245647520735,1.399462030081834,1.4075371267868402,1.07
P7,1.4,75,0.21358647640801046,0.06894185158685949,-22.17631901754661,346.7544406380314,1.400212106512234,1.4065367853586426,1.07
P7,1.4,76,0.17934696946671758,0.01563240872143185,-19.355215015782342,338.0116632217319,1.4003295192123382,1.405719262153099,1.07
P7,1.4,77,0.0,0.0,-16.8233744909581,333.89399247343715,1.3994456057971694,1.405108447258228,1.07
P7,1.4,78,0.0,0.0,-14.221047104618009,333.6588373873469,1.3991211924867724,1.4042911481937508,1.07
P7,1.4,79,0.0,0.0,-11.684590970111758,336.439922333519,1.3996911170334376,1.4036528401204542,1.07
P7,1.4,80,0.0,0.0,-9.21533968208271,341.7343064414105,1.3999999404919503,1.4033774725518442,1.07
P7,1.4,81,0.0,0.0,-6.490480757709931,348.9748828622673,1.399693759462461,1.4022031949097133,1.07
P7,1.4,82,0.0,0.0,-3.587201278370671,357.4811074672747,1.399392803450162,1.4010175944966896,1.07
P7,1.4,83,0.0,0.0,-0.4981753533939458,366.9466493184507,1.399764259648785,1.4011274743342708,1.07
P7,1.4,84,0.0467050017731751,0.02273815882760326,3.1245387162326432,377.1801415835766,1.3999273017095613,1.4013736631807872,1.07
P7,1.4,85,0.06899449424233028,0.06168598220994732,7.330741452285654,387.702746200012,1.3995435130521006,1.4008643426031195,1.07
P7,1.4,86,0.10282776182281905,0.09244899283049453,12.144920071921023,398.2468839350872,1.3996638306444158,1.4002113413221398,1.07
P7,1.4,87,0.12518746499924063,0.1553931365503289,17.868546310678173,409.1961257724844,1.3999923710012623,1.4000644378691744,1.07
P7,1.4,88,0.12305960050393934,0.2659424724942093,24.453566779761697,421.13189412066305,1.3996516404256916,1.4004647459953516,1.07
P7,1.4,89,0.06882889617056104,0.4035985260046674,31.723005738956868,434.46161059068265,1.3993900044028105,1.4010349889240217,1.07
P7,1.4,90,-0.025756541268491456,0.5079235500754241,39.56347383234247,449.59842275395147,1.3997263922654601,1.4009385457277626,1.07
P7,1.4,91,-0.14884292666483676,0.44005729079285766,47.52534711602769,466.7856647745769,1.3998691801140701,1.4010106822102197,1.07
P7,1.4,92,0.0,0.0,55.183872959680194,485.5089936955659,1.4000221287937937,1.4018974074049766,1.07
P7,1.4,93,0.0,0.0,62.504880392579615,504.4597704760415,1.3999159668153054,1.4026536198528685,1.07
P7,1.4,94,0.0,0.0,69.34017413817311,522.1662160700619,1.3994788056037477,1.402815321339504,1.07
P7,1.4,95,0.0,0.0,75.60554403993473,537.2402070908028,1.3996501775426913,1.4023927553493463,1.07
P7,1.4,96,0.0,0.0,81.56126761594452,548.1671713486724,1.3999774075239226,1.401793908924164,1.07
P7,1.4,97,0.0,0.0,87.3050974113083,553.5011847658897,1.3994829523943086,1.4015671632082685,1.07
P7,1.4,98,0.0,0.0,92.77957867700493,552.1527765520359,1.3992513561047486,1.4012754756458194,1.07
P7,1.4,99,10.17578694921019,11.237824033619056,98.05331167549815,543.1478064413485,1.399866234833852,1.4007188627943823,1.07
P7,1.6,0,10.789335427200665,11.42222853122225,116.05928602716253,563.8595549193689,1.599697411335904,1.6003894824599194,1.028
P7,1.6,1,14.275192485874264,52.93426357905198,120.66993642358071,539.1827604528379,1.599546645852769,1.6010272976887172,1.028
P7,1.6,2,13.472497556685967,121.72743914265496,123.15745414272035,502.9628290861308,1.5995890478494053,1.6024309613517638,1.028
P7,1.6,3,2.1318975041505106,214.84683260188245,122.32580405332426,455.19128135212316,1.5997847472803368,1.603775776939014,1.028
P7,1.6,4,-23.47444895368898,318.4316883253283,116.3725019321573,396.91498807734774,1.5998129324903905,1.6046275797308196,1.028
P7,1.6,5,-55.92279187493382,413.97880428327284,104.87453114140052,330.7732497183209,1.600490776210766,1.6055278140387859,1.028
P7,1.6,6,-82.78631937929302,485.4347808378938,89.55197831614635,261.41655709751825,1.6024110492789372,1.606289796070638,1.028
P7,1.6,7,-99.9719092378965,526.3684439600286,71.70099512059267,193.9329443280225,1.599478904807162,1.6062793399813422,1.028
P7,1.6,8,-109.49865684527722,543.6437291024438,52.4597420729276,133.08674282416064,1.5824787649085732,1.605897751570398,1.028
P7,1.6,9,-113.58472398168102,550.3075207965152,35.256280949785115,83.12422085376629,1.5572869816205335,1.6056827908608904,1.028
P7,1.6,10,-115.3043227695519,556.2209077645682,21.24463053818045,46.094719653283185,1.5457701204238363,1.6045613931353264,1.028
P7,1.6,11,-116.76012982356418,564.2577756348459,9.860838782839618,21.02458632312605,1.5583819421692837,1.6014381157128819,1.028
P7,1.6,12,-116.73271277416967,573.260443341274,2.680028287642762,5.700321523741485,1.5853257942400116,1.5973661085515722,1.028
P7,1.6,13,-113.52401550608107,582.1277651022349,0.0,0.0,1.609568074356285,1.5944909735888513,1.028
P7,1.6,14,-108.20685156314006,589.0772157604234,0.0,0.0,1.6189536140201204,1.5935832489558666,1.028
P7,1.6,15,-100.29573382181758,591.15618874516,0.0,0.0,1.611478898115463,1.5944438823297664,1.028
P7,1.6,16,-89.56768977392433,585.996693851399,0.0,0.0,1.597671474037974,1.596305453711424,1.028
P7,1.6,17,-78.04386191514895,572.7623113822856,0.0,0.0,1.5890602594013432,1.5980707588658607,1.028
P7,1.6,18,-67.30931790856391,551.5115129835066,0.0,0.0,1.5894054804537097,1.5993710590281593,1.028
P7,1.6,19,-57.09147895495392,522.8874460057531,-0.09926456417817853,0.2167395538272677,1.5962490059733727,1.6004081543681197,1.028
P7,1.6,20,-48.363797068586635,488.7460279560384,0.21865874764033458,0.4535660915720206,1.6049292592305184,1.6006633475898437,1.028
P7,1.6,21,-41.53109169959139,451.8783934329847,0.0581649291335027,0.41080418712320815,1.611254774188349,1.5999820991594043,1.028
P7,1.6,22,-35.384483752905545,415.87288488316915,0.419528119535309,0.31458167235249235,1.613311576350598,1.5994054764313774,1.028
P7,1.6,23,-29.795867852760015,383.95927684429273,0.6759248411921142,0.1845734654877491,1.6122360347752371,1.599228702357636,1.028
P7,1.6,24,-25.298980078074283,357.3312584388158,0.2830520063493002,0.021020361635759283,1.6101075959523599,1.5991323267861646,1.028
P7,1.6,25,-21.02937096751498,335.900071026614,0.0,0.0,1.6079106236716636,1.5992483122194163,1.028
P7,1.6,26,-16.90330060134282,319.8718495514185,0.0,0.0,1.606689792076438,1.5995014434729684,1.028
P7,1.6,27,-13.74565123641679,309.60588185917516,0.0,0.0,1.60630283802469,1.5994100011912034,1.028
P7,1.6,28,-11.067833701214308,304.4232038444733,-0.06270430531912326,0.0569204097282857,1.6060524940735308,1.5994652569076855,1.028
P7,1.6,29,-8.555209570675162,302.9699778220418,0.5019573131257439,0.18938839108925115,1.6057524356339372,1.5999309480182833,1.028
P7,1.6,30,-6.403243546827383,304.3338745699718,0.3085953985921678,0.26823004379726345,1.6053753542430902,1.599931165958934,1.028
P7,1.6,31,-4.318686589741173,308.31595525846626,-0.06914839902850715,0.2584736539932628,1.60432500017147,1.5993884487522905,1.028
P7,1.6,32,-1.8947607741237635,314.8924138243423,-0.04408385172496019,0.24902230892217425,1.6026382676761939,1.5994841919905705,1.028
P7,1.6,33,0.4282835525865369,323.52023473628464,-0.1678545660992453,0.2995799822943866,1.6015823491607168,1.5998963543444316,1.028
P7,1.6,34,3.0106692544160807,333.41579409854114,-0.3321018009218937,0.29511477778780054,1.6011002464134994,1.599861672248114,1.028
P7,1.6,35,6.3500776810072335,344.3165028148655,-0.04582859949010838,0.1400597824279031,1.6006365325626821,1.5996883114411877,1.028
P7,1.6,36,10.064371477685194,356.47449443474756,0.05199854711243854,0.04436077324626951,1.600600055251715,1.5997106520208602,1.028
P7,1.6,37,14.226932690740735,370.06663559609575,-0.1339960658997252,0.09206513762020715,1.6006183384890167,1.5995868362668466,1.028
P7,1.6,38,19.35921011728009,385.0445415597135,-0.05403213517445127,0.16045967982864684,1.6004879851675822,1.5994670949120589,1.028
P7,1.6,39,25.232576877955413,401.37008355060294,-0.04704720059529554,0.27237852851438027,1.6003947043158615,1.5997598212962374,1.028
P7,1.6,40,31.831270281282894,419.0087338974508,-0.32118315544097237,0.4393462813186046,1.6004412364853065,1.5998112426849531,1.028
P7,1.6,41,39.528462087498504,438.0670653396792,-0.3386548459143314,0.5520045185405047,1.6005303807930713,1.5996537935904478,1.028
P7,1.6,42,47.99879077886666,458.67951621680777,-0.23216267778044744,0.4905332288060678,1.6006124431839452,1.599739382372539,1.028
P7,1.6,43,56.98552629880022,480.25676290289374,-0.45839807273871386,0.07231853286554141,1.6011513940336735,1.5997441089308608,1.028
P7,1.6,44,66.73348963688777,501.44710276351583,0.0,0.0,1.6016171798629342,1.599617591015231,1.028
P7,1.6,45,76.8767469212439,521.169966055245,0.0,0.0,1.6016482372610963,1.5996424541734298,1.028
P7,1.6,46,86.88489387243615,538.7506678705608,0.0,0.0,1.6018414746739216,1.5996074586840558,1.028
P7,1.6,47,97.08528760436621,552.8278818070492,0.0,0.0,1.6023440223236185,1.5995183126559642,1.028
P7,1.6,48,107.42808914225604,561.3909468418439,0.0,0.0,1.6029319837862563,1.599601675280072,1.028
P7,1.6,49,117.37695464328992,562.845016579545,0.0,0.0,1.6033094999771815,1.5997446732822547,1.028
P7,1.6,50,126.79718864494298,556.0824449722608,9.028404429614383,2.2237279095691664,1.6036696021913204,1.599423794845309,1.028
P7,1.6,51,135.16930098290365,539.8055579622468,12.947426620810385,31.77897884863215,1.6039915042432642,1.5991880020466267,1.028
P7,1.6,52,141.14653922789668,512.535568650579,13.9237963892977,84.90713318562526,1.6042497682978536,1.5994719376947584,1.028
P7,1.6,53,143.50237999038944,473.2069146807535,7.149053627389033,162.6742907682144,1.6049816144317934,1.5994549864827754,1.028
P7,1.6,54,140.59855143048293,421.69673711610017,-11.754925291570524,257.6892586159797,1.605620453320069,1.5992378122626145,1.028
P7,1.6,55,130.5450013770203,359.4613855926086,-41.29448684831765,356.5497234804057,1.6060294938940558,1.5995391972520896,1.028
P7,1.6,56,113.8221824278175,290.2650862820083,-72.00088601438361,444.77309474321635,1.6064624633675775,1.6005926816657527,1.028
P7,1.6,57,92.75283199222677,219.65184956906228,-95.31038205788,511.0572831879378,1.6067643376846021,1.6018594319150259,1.028
P7,1.6,58,69.40487884759709,153.40374469399188,-110.31467912518748,552.3575663855759,1.6064952946159545,1.5998268719697568,1.028
P7,1.6,59,47.08700705814778,96.6599177459041,-118.6753933713976,574.0668472504325,1.6050422815247887,1.5881567237198095,1.028
P7,1.6,60,28.900155781551003,53.151490159852955,-121.49715664832546,584.2509843160097,1.6021560291855232,1.5671444597914912,1.028
P7,1.6,61,14.946931175196351,23.871119418117328,-121.05693778810712,588.9109620622402,1.597505238388777,1.5514169340059312,1.028
P7,1.6,62,5.32426465242348,6.607495486722367,-118.6392143297409,591.1117173065207,1.5923133155783935,1.5539391464414565,1.028
P7,1.6,63,0.0,0.0,-113.40077051135641,591.7314445182844,1.5893357592632849,1.572536288583717,1.028
P7,1.6,64,0.0,0.0,-105.90866886690856,589.8608786116824,1.5896451340985622,1.5961326209281441,1.028
P7,1.6,65,0.0,0.0,-97.1426581542287,583.8341128355565,1.5921155609228452,1.6114829388280412,1.028
P7,1.6,66,0.0,0.0,-86.72247423643111,572.5923854275086,1.5954744108451728,1.6135575918258707,1.028
P7,1.6,67,0.0,0.0,-75.59071738452445,555.447719948116,1.5987285567456557,1.606736296110419,1.028
P7,1.6,68,0.0,0.0,-65.43404360082008,531.6886336496054,1.6006508190364492,1.59912436236025,1.028
P7,1.6,69,1.081666438162191,0.07582011150937022,-55.86762216537783,501.75210249145874,1.600975336298459,1.5961589035992327,1.028
P7,1.6,70,1.26281686259715,0.2492570484991398,-46.993353411167334,468.0277445958025,1.6006427875200453,1.5983955100253147,1.028
P7,1.6,71,0.8895148575001506,0.4100100320351089,-39.887094992109134,433.32530393677234,1.6000787473903506,1.6034938933554972,1.028
P7,1.6,72,0.7047556785808856,0.6431002021074174,-33.95736244359531,399.61037239992277,1.5994447193403256,1.6085047211950951,1.028
P7,1.6,73,1.0460893402152012,0.7241753388686676,-28.621327712584907,368.77981653521937,1.5991682034693318,1.6112607760882773,1.028
P7,1.6,74,0.9407649191469748,0.5170725484867458,-24.43909901719681,342.83953177906835,1.5993352748454333,1.6114922674857146,1.028
P7,1.6,75,0.5558732666546469,0.32183400233486187,-21.06703212782701,322.7441786140233,1.5994894452527473,1.6102154830564837,1.028
P7,1.6,76,0.5198892868114295,0.30021435562968163,-17.776283217503973,308.28063657170486,1.5995927803540737,1.6085854003514766,1.028
P7,1.6,77,0.4467638014259081,0.07650038102263182,-15.20515590371367,299.23544950865835,1.5997148685179345,1.607239768538268,1.028
P7,1.6,78,0.0,0.0,-13.153962107465071,295.51432433712614,1.599667749732605,1.6064368377816112,1.028
P7,1.6,79,0.0,0.0,-10.766525152076419,296.2957557835283,1.5996328783347584,1.6057065832883415,1.028
P7,1.6,80,0.0,0.0,-8.542578250535382,300.36600768279146,1.5997688044590288,1.6048584778633166,1.028
P7,1.6,81,0.0,0.0,-6.5873794853891665,307.1110044953505,1.5997148394646534,1.604024156063869,1.028
P7,1.6,82,0.0,0.0,-3.9359291243871497,316.19934604897395,1.5996993791468446,1.603181532470471,1.028
P7,1.6,83,0.0,0.0,-0.7229753174403851,326.94755293476726,1.5999869237267244,1.6019507503856825,1.028
P7,1.6,84,0.2562828197823064,0.16197211865006325,2.8239521120501156,338.89179182667084,1.6000038758889814,1.6007949573459785,1.028
P7,1.6,85,0.25592797814716933,0.4672152022760909,7.560030902629085,352.09649693603956,1.599684362612153,1.6004774297001665,1.028
P7,1.6,86,0.4532810514741086,0.6069519136202232,13.606560839876206,366.49736232222153,1.599806950885774,1.6006230086450743,1.028
P7,1.6,87,0.4957561777080257,0.651989157142859,20.47538885826957,381.96431271100164,1.6000916061106958,1.6004140832881537,1.028
P7,1.6,88,0.42314677369744436,0.7449688439139943,28.490600867474466,399.2258512007975,1.599752376339444,1.600056050379326,1.028
P7,1.6,89,0.2610254510876269,0.8879647689250166,37.453815288303886,419.4883489407337,1.5995164251373968,1.600010042080992,1.028
P7,1.6,90,-0.10259525693689553,0.924466148744805,46.3531750389551,442.9135520347293,1.5997353897336826,1.6002447598293725,1.028
P7,1.6,91,-0.40722985911774595,0.644832993962479,55.147838761068066,468.52802972909393,1.5997715662876217,1.6007819743053504,1.028
P7,1.6,92,0.0,0.0,63.85921868481458,495.2037332020631,1.5996291593284262,1.6016625361620604,1.028
P7,1.6,93,0.0,0.0,71.95980041893868,521.5190800869603,1.5994393115131476,1.6023643851722524,1.028
P7,1.6,94,0.0,0.0,79.74271662542668,545.1893044327186,1.599255135311008,1.6028351293217484,1.028
P7,1.6,95,0.0,0.0,87.72042866292381,563.9023387587689,1.599186354233804,1.6033457796606203,1.028
P7,1.6,96,0.0,0.0,95.43170761453322,576.3259462376586,1.5992296150897534,1.602931254236481,1.028
P7,1.6,97,0.0,0.0,102.73270066328116,581.4643147578325,1.599596323259603,1.6015739896765295,1.028
P7,1.6,98,0.0,0.0,109.84866450320867,577.8884711005937,1.5998287897380665,1.6005365372644995,1.028
P7,1.6,99,10.846097963827633,11.421390069064678,116.11531254594632,564.1898689301966,1.5997590519402223,1.6003168708204285,1.028
P7,1.8,0,10.740754836770272,11.518951073785836,135.45539150231167,568.876595345354,1.7995181183127575,1.8018633092888345,0.969
P7,1.8,1,12.686778204219229,55.96809326052738,139.07883249421005,540.2484400581575,1.7991129784360473,1.8026196504136187,0.969
P7,1.8,2,10.073292701793989,129.63258097333318,139.05221661516586,498.94894322709115,1.7989471215316715,1.8033416845562336,0.969
P7,1.8,3,-2.0377940231319362,230.68055929475548,134.37424592228288,445.81243989750516,1.7987952313150284,1.8048890501861672,0.969
P7,1.8,4,-27.87315444700056,345.6409844080374,124.081887695175,383.1028042500697,1.7987732745553453,1.8061541212285859,0.969
P7,1.8,5,-62.97103718450024,454.6241698188911,107.9828795274484,314.11616880833975,1.7991058674873326,1.8057943998303385,0.969
P7,1.8,6,-94.96003053313048,540.0425337216626,88.31930285696572,243.43283872872507,1.8004612981569317,1.8052182571798023,0.969
P7,1.8,7,-116.80077952917699,592.7314808909902,68.12956413101102,176.339360346576,1.8020207742341956,1.8051027304441103,0.969
P7,1.8,8,-130.1412093492629,616.6980476514143,48.20302007684284,117.54553321657649,1.795692397078854,1.8042953404901039,0.969
P7,1.8,9,-137.26327499989466,624.5231538194694,30.267402061164677,70.4010543512786,1.7744896429591095,1.8027256546898855,0.969
P7,1.8,10,-139.85846983334963,627.4258031609164,16.95194956952855,36.174894389020594,1.7482744582453777,1.8002425532798934,0.969
P7,1.8,11,-139.74733183535318,630.2895813900055,7.3650456920941325,14.023190064546979,1.737152610621827,1.7969060760441509,0.969
P7,1.8,12,-137.99336158578868,633.4624922977154,1.101935672465531,1.497217595842691,1.7517490072372146,1.794447314132116,0.969
P7,1.8,13,-133.1900392020133,636.0823569091723,0.0,0.0,1.7827756866756799,1.793369269874126,0.969
P7,1.8,14,-124.78127314437809,636.5274281351147,0.0,0.0,1.8102604585223045,1.7930919929078337,0.969
P7,1.8,15,-114.23750450889104,631.8457244564959,0.0,0.0,1.8213301996314586,1.7945065374273805,0.969
P7,1.8,16,-101.67512316868142,619.4856372241592,0.0,0.0,1.8158864388931897,1.7971350707722968,0.969
P7,1.8,17,-87.10059629076797,598.7751995383697,0.0,0.0,1.803406271597156,1.7992390070772082,0.969
P7,1.8,18,-72.5247576863523,570.4455686993045,0.0,0.0,1.7939885621862324,1.8005243740251238,0.969
P7,1.8,19,-59.62706787736612,535.2379920724345,-0.146094777783813,0.2523944764652747,1.7922516949317362,1.801153589041736,0.969
P7,1.8,20,-48.0563524328844,494.1417567216477,0.21886178814839666,0.556113192217455,1.7975323585904168,1.8008688679506728,0.969
P7,1.8,21,-38.31060263165947,449.73303069673625,0.600471280582897,0.4689666625172056,1.806102454746863,1.799960013707696,0.969
P7,1.8,22,-31.055979627781163,405.3995533787601,0.23090985329637545,0.188955071541512,1.8134322464025807,1.7991299777986673,0.969
P7,1.8,23,-25.337544257684772,364.36405927883226,0.0,0.0,1.8172626663618527,1.7987019664262436,0.969
P7,1.8,24,-20.328651122940347,329.2779327815178,0.0,0.0,1.817507775395516,1.7988864785054073,0.969
P7,1.8,25,-16.526642594844795,301.23251810843266,0.645643736895241,0.017157659705661507,1.8154239503173122,1.79946718478912,0.969
P7,1.8,26,-13.67108556132928,280.0370670639283,0.36473572187447595,0.002957475767307582,1.8121865713338885,1.799589981217061,0.969
P7,1.8,27,-10.732778516898483,265.4933388244187,0.0,0.0,1.8084727328924308,1.7993806025456773,0.969
P7,1.8,28,-8.254416005958577,257.5657033349839,0.3916478902269333,0.07754415089352108,1.806022779497138,1.7995251960665293,0.969
P7,1.8,29,-6.6011550491207975,255.2937956149075,-0.02377836512663073,0.1792490732149341,1.8054508725512146,1.7996521075382903,0.969
P7,1.8,30,-5.042110690196719,256.85113376191566,0.14552053757104422,0.15959072640143787,1.8055973214239371,1.7995623232794182,0.969
P7,1.8,31,-3.283270144961445,261.0810235414663,0.5033244967475324,0.05687881999745574,1.8053027143580627,1.7995926388303805,0.969
P7,1.8,32,-1.6364298136888986,267.82821509343535,0.0,0.0,1.8043817047955746,1.7993800150581611,0.969
P7,1.8,33,0.1590650312007061,277.07593453519905,0.0,0.0,1.8030959602762584,1.7989407638867205,0.969
P7,1.8,34,2.526012638038369,288.5184280318877,-0.020789073351592885,0.05654896641525826,1.8015888532914424,1.7990610258154864,0.969
P7,1.8,35,5.201356008979971,301.7022286396727,-0.00909270603147803,0.1773693845797693,1.8002369883657923,1.7994258972110488,0.969
P7,1.8,36,8.442908523790074,316.3957321866796,-0.2450776354691324,0.2936748943198912,1.799283453268992,1.7992492625363745,0.969
P7,1.8,37,12.820396272674603,332.7945124339611,-0.06228632431959369,0.3150865946235162,1.798884411605404,1.7991460090302824,0.969
P7,1.8,38,18.16232537406711,351.36230340279155,0.1768257355056865,0.32476874436019554,1.799177219760136,1.7995379044298614,0.969
P7,1.8,39,24.36929185801801,372.4149405099365,-0.03002216113511515,0.45189550986228155,1.7998625689803855,1.7994482027387209,0.969
P7,1.8,40,32.012312962518905,395.8399537313774,-0.23828198403177564,0.6017213022067004,1.8002106324051141,1.799067600891544,0.969
P7,1.8,41,41.15427866500085,421.281601276039,-0.2901141501140436,0.6120768722941518,1.8002225443742403,1.799068407253227,0.969
P7,1.8,42,51.32946438300532,448.2742353650572,-0.5463166750117198,0.3593119515905088,1.8003517103508375,1.799287866444791,0.969
P7,1.8,43,62.556889354093386,476.13113284635074,0.0,0.0,1.8005710897770677,1.7995117977475097,0.969
P7,1.8,44,74.79107634090165,503.8140528842913,0.0,0.0,1.8009702202029663,1.7994979834895564,0.969
P7,1.8,45,87.53562327596626,529.7503161934363,0.0,0.0,1.8014688264726217,1.7991645990752803,0.969
P7,1.8,46,100.53214922826086,551.9126797108922,0.0,0.0,1.801792135192133,1.799336309278588,0.969
P7,1.8,47,113.73185762728518,568.3838891730968,0.0,0.0,1.8023698633315381,1.8000147635901431,0.969
P7,1.8,48,126.50064863286373,577.7800421329441,0.0,0.0,1.8030963636637123,1.8000275527251393,0.969
P7,1.8,49,138.11102998327226,578.8212515314552,0.0,0.0,1.8034603206104909,1.79964981799637,0.969
P7,1.8,50,148.22154602914685,569.6980873867593,8.260630708015059,3.2401631473086563,1.804011881180088,1.7997548071011533,0.969
P7,1.8,51,155.93014174926765,548.5772225972187,10.54651338129434,37.080068850592596,1.8049034794649097,1.7995555183384826,0.969
P7,1.8,52,159.75306678417755,514.6563186826272,9.452248859810732,96.3267770288546,1.8057512374606806,1.7988682517632018,0.969
P7,1.8,53,158.5125281228473,468.3640810514606,1.027992130532912,182.424765973504,1.8062239102335562,1.798495345180193,0.969
P7,1.8,54,151.0881938475629,410.9096384893025,-18.549252586055054,287.895225904087,1.8061358004890982,1.7988119463202268,0.969
P7,1.8,55,136.33805760737323,344.3244611679637,-48.81737664985798,397.6259255346466,1.8062140668585738,1.7996158787663357,0.969
P7,1.8,56,115.2288958651276,272.35389158421384,-81.78575770774414,494.7727366725651,1.8064806896844463,1.8006511726680707,0.969
P7,1.8,57,91.1319937895305,200.73543180564258,-107.93992672981769,566.5756686118721,1.8063305048342906,1.8006634635024412,0.969
P7,1.8,58,66.72741054709991,135.6789126572197,-124.64048986836556,609.5006540632891,1.8058063739223484,1.7954912094604958,0.969
P7,1.8,59,43.950834253975835,81.96870730163113,-134.02546246350911,629.4080559367958,1.8048480790264687,1.7797117994789364,0.969
P7,1.8,60,25.422956135752646,41.96251597787098,-137.36411481911807,635.5386398763335,1.8027369944887512,1.7571797685267163,0.969
P7,1.8,61,12.267421868668663,15.733953358350846,-135.9370731309349,635.2228969909431,1.7987710257393563,1.7430395959975744,0.969
P7,1.8,62,3.6939523771947873,1.2943616751209517,-131.90893901152018,632.6614529987306,1.7935076103539724,1.7481861138165862,0.969
P7,1.8,63,0.0,0.0,-125.63280787980995,629.1759419331531,1.7895164106985595,1.7706204812661854,0.969
P7,1.8,64,0.0,0.0,-116.38080077187593,623.7240575928275,1.7882886065849153,1.7976681783992807,0.969
P7,1.8,65,0.0,0.0,-105.07578605775815,614.1851601158995,1.7893164699042232,1.8154762863156944,0.969
P7,1.8,66,0.0,0.0,-92.88393219989825,599.1021463485216,1.792165417613885,1.818884386310691,0.969
P7,1.8,67,0.0,0.0,-79.83295591751464,578.0875728395059,1.7961095598950605,1.8119158776421238,0.969
P7,1.8,68,-0.24211168310535408,0.21585954793383486,-66.77511176270694,550.9604215900968,1.7996167781148436,1.8030753158865043,0.969
P7,1.8,69,0.3616037873414304,0.6586933069254615,-55.34711070548414,517.7773172402474,1.8017484438662628,1.7981316795320519,0.969
P7,1.8,70,0.6869534255245718,0.7943222280554343,-45.42780484794116,479.8472041906571,1.8020445986079376,1.7986951874032637,0.969
P7,1.8,71,1.0228755859754861,0.6525832915869528,-36.623000756667665,439.8428897112084,1.800852487255838,1.8036241563130961,0.969
P7,1.8,72,0.9422399841170583,0.40850603781312145,-29.74363185564541,400.4815862141468,1.7995368111932875,1.8099436450250717,0.969
P7,1.8,73,0.5870864936706209,0.3295832600315167,-24.665206134846944,363.6661086234419,1.7986040430960215,1.814215226185523,0.969
P7,1.8,74,0.6349165572897442,0.38392498389155394,-20.315528524106583,330.98089812243137,1.798406594238438,1.8153874788132351,0.969
P7,1.8,75,0.6839449909282422,0.3269909542014561,-16.65207223052572,303.9179476686603,1.7989404535339633,1.813858317623808,0.969
P7,1.8,76,0.3930114746296294,0.21191309373148412,-14.017694552039398,283.2743106241891,1.7995411878169139,1.810937567585979,0.969
P7,1.8,77,0.3374339508070042,0.31946869733958155,-11.68365512401505,268.93413899398104,1.800028387235002,1.808528186923614,0.969
P7,1.8,78,0.5342816024125332,0.5097786781918148,-9.299346476759078,260.40162024507373,1.8002004729272025,1.8068880071552267,0.969
P7,1.8,79,0.37263325684911963,0.37775786686633206,-7.360289984850878,257.2523534488569,1.7999361991645002,1.8055276089167307,0.969
P7,1.8,80,0.0,0.0,-5.574596003348693,258.88751126338633,1.7994127977601218,1.804949454457742,0.969
P7,1.8,81,0.0,0.0,-3.386848425526711,264.3380599646554,1.7989930357898638,1.8047102566981663,0.969
P7,1.8,82,0.2355697577445259,0.03560938824646289,-1.0747011667754878,272.72764742735654,1.7990800639070916,1.8033777533880135,0.969
P7,1.8,83,0.14240939201437905,0.17002057195212716,1.4478699179431718,283.65488963500934,1.7991119008837704,1.8015748890990018,0.969
P7,1.8,84,0.18532269151372932,0.03233975174240081,4.9481906810468015,296.90409000517747,1.7989041503695062,1.801029969125236,0.969
P7,1.8,85,0.23279931147971328,0.030652000924682128,9.51388913060147,312.20181275418327,1.7991106521779419,1.8009753249220735,0.969
P7,1.8,86,-0.024729223113736463,0.43203501491603324,14.980192555725841,329.51994762246795,1.7995052755222873,1.8005243400907476,0.969
P7,1.8,87,-0.177667434918053,0.8814568764367724,21.79384701980091,349.18562822946217,1.7996500165682479,1.8000333279285068,0.969
P7,1.8,88,0.027597341140889336,1.000422073088156,30.079331700283802,371.49879024062216,1.7996277958895557,1.7994234037512287,0.969
P7,1.8,89,0.22720054914946347,0.9069503396125388,39.19847450186277,396.5873202098749,1.7993986259085053,1.7989539015138187,0.969
P7,1.8,90,0.2879334078536036,0.8464398499646294,48.84316317598814,424.5471429505404,1.799185437689189,1.7993298803652977,0.969
P7,1.8,91,0.28787012612332374,0.6202726255201868,59.00608922878006,455.12350397020356,1.79916916708724,1.8002218655994253,0.969
P7,1.8,92,0.0,0.0,69.2451606081625,487.05020895923315,1.799078617776291,1.8014165148094232,0.969
P7,1.8,93,0.0,0.0,79.40094737937785,518.112092683174,1.7992257675307455,1.802865139753359,0.969
P7,1.8,94,0.0,0.0,89.81454210745389,545.9409310947326,1.7997125517753851,1.8035026386581707,0.969
P7,1.8,95,0.0,0.0,100.34930922361924,568.4609851653004,1.7999556569471122,1.8032360310224635,0.969
P7,1.8,96,0.0,0.0,110.53110169694968,583.7142488007734,1.7996574924519775,1.8028095739455874,0.969
P7,1.8,97,0.0,0.0,120.19673379341974,589.7878516845162,1.7993263396091554,1.8023153716957716,0.969
P7,1.8,98,0.0,0.0,128.87584376953558,585.1567102157162,1.7995253420921518,1.8016017856399298,0.969
P7,1.8,99,10.742798410539873,11.531430680919975,135.46661407709087,568.8415361928414,1.799599135366972,1.8015710995295309,0.969
P8,1.0,0,3.33293782405309,10.823616286590102,97.54271263195231,640.6023876901717,0.9998609767621268,1.0024103233469024,1.23
P8,1.0,1,3.9353852603534616,42.13137227328509,105.63781189337735,630.235019976217,0.9998738637931831,1.0032596948360553,1.23
P8,1.0,2,1.1235059426440073,93.20547781579455,113.27844868118181,613.6328737508085,0.9999323147052869,1.0042285768938215,1.23
P8,1.0,3,-8.64896493994594,160.04093104970633,119.5278848768108,589.1280848685848,0.9991037489963974,1.0047306438302066,1.23
P8,1.0,4,-24.01554731059157,234.85774707381285,123.46825826631924,554.8917224993961,0.9979629967819874,1.004656774399887,1.23
P8,1.0,5,-41.00730534845296,309.60298406452875,124.45412434258233,509.7395814726511,0.9978681697095853,1.0047396367732466,1.23
P8,1.0,6,-57.012960183805475,377.501396542075,120.57506550999271,453.35534674121186,0.9950625467983405,1.0052795043702358,1.23
P8,1.0,7,-70.21667152584797,434.48255047091084,111.05193118636356,386.75534614226365,0.9867688899827413,1.0055782854649642,1.23
P8,1.0,8,-80.22278204548304,481.1212324045213,95.00303361014245,313.47019203546307,0.9784758270893877,1.0056945675920022,1.23
P8,1.0,9,-87.58636565127462,520.2816160683559,73.45535612964885,239.21042487215973,0.9759772737047745,1.005539070106042,1.23
P8,1.0,10,-91.91205032330377,554.6130661400348,49.99041246636475,170.58935207599455,0.9806689302240532,1.0046424388575286,1.23
P8,1.0,11,-93.51358846722074,585.6333995636874,28.572659690048173,113.15060702210515,0.988063766475933,1.0027573772805998,1.23
P8,1.0,12,-92.79784809402251,613.2505861148325,12.79464723794931,69.24031243390189,0.9934932125692835,1.000153654085937,1.23
P8,1.0,13,-89.99297719233661,636.3100087630454,3.5833739730363274,38.03843608536277,0.9952530124946211,0.9967054150182963,1.23
P8,1.0,14,-86.04151568576302,654.4810840349038,-0.9335208300440379,17.585105578260578,0.994861661016984,0.9940105579002599,1.23
P8,1.0,15,-81.39477950547133,668.4245064816776,-2.311860716204615,5.7107239655538615,0.99469995636092,0.9939607308870235,1.23
P8,1.0,16,-76.2228157497083,678.6626375244423,-2.0570815265516096,0.011609187994631363,0.9961329274116142,0.9967533494015465,1.23
P8,1.0,17,-70.65785748261656,685.0960576390249,0.0,0.0,0.9981690684138101,1.0001457157983873,1.23
P8,1.0,18,-64.64634801937483,687.3863732547522,0.0,0.0,0.9999257551664823,1.001595822293048,1.23
P8,1.0,19,-58.512916755605616,684.8823391539804,0.0,0.0,1.001104835735235,1.001555391044504,1.23
P8,1.0,20,-52.51217050274597,676.9380787629351,0.0,0.0,1.0014209887289642,1.0009633105876852,1.23
P8,1.0,21,-46.81373277580913,664.024406931145,0.0,0.0,1.0016051265939532,1.0003161919200234,1.23
P8,1.0,22,-41.57362168128651,647.8421099504176,0.0,0.0,1.0018332468311555,0.999443904317667,1.23
P8,1.0,23,-36.68861363013057,630.6500869080758,-0.04560927527297912,0.03584764289369136,1.002306927203408,0.9992232521700989,1.23
P8,1.0,24,-32.12155502363275,614.6857075813919,-0.056731263549164274,0.026642531080562047,1.0033624658619351,0.999246279319283,1.23
P8,1.0,25,-27.743372763943448,601.1184863936084,-0.05042605664267909,0.008801126851418775,1.0043373351280573,0.9995948495231342,1.23
P8,1.0,26,-23.46447537196625,590.2923084942338,0.0,0.0,1.0047601794604821,0.9995957090759208,1.23
P8,1.0,27,-19.365240180986508,582.4470076573342,0.0,0.0,1.0043841308531996,0.9993329258571462,1.23
P8,1.0,28,-15.26980914612109,577.2321109895312,0.0,0.0,1.0035731185169672,0.9995737150718219,1.23
P8,1.0,29,-11.157635507917671,573.9372939451966,0.0,0.0,1.0028429296459573,0.9996487777174439,1.23
P8,1.0,30,-7.035418184745914,572.2650718977743,0.0,0.0,1.0023064168393794,0.9993754132466992,1.23
P8,1.0,31,-2.827155478717287,572.0010346363056,0.0,0.0,1.0018967771321146,0.9989797234015121,1.23
P8,1.0,32,1.381839293162508,572.7458894440128,0.0,0.0,1.0021773510217293,0.9992190209203522,1.23
P8,1.0,33,5.580583767836906,574.1939531797605,0.0,0.0,1.0022691562827026,0.9998338239052482,1.23
P8,1.0,34,9.743211747332843,576.2937406891301,0.0,0.0,1.0018424045063048,0.9999362189632484,1.23
P8,1.0,35,13.765404338555953,579.1067507417888,0.0,0.0,1.0013409027281597,0.9994972822747697,1.23
P8,1.0,36,17.71773175676235,582.533017607665,0.0,0.0,1.0012875371435404,0.9993724433786195,1.23
P8,1.0,37,21.62798202009722,586.3430732888402,0.0,0.0,1.001691295807946,0.99929475390145,1.23
P8,1.0,38,25.55175400024711,590.5190599092215,-0.006668915056947277,0.0037771236549270963,1.0018824676365379,0.998968753990392,1.23
P8,1.0,39,29.656326289957047,595.1397683797223,-0.007541148608354082,0.057895525605760285,1.00147859153505,0.9991665936983746,1.23
P8,1.0,40,34.050802475558655,600.0906702861333,-0.010584197012905578,0.14440836588848538,1.0012359140118352,0.9998254604962084,1.23
P8,1.0,41,38.88718837767077,605.2870917295787,-0.01870463339649344,0.23254970905063985,1.0008910858716897,0.9999231673990653,1.23
P8,1.0,42,44.31911022152318,610.7422905197412,-0.032232593876390374,0.233484865897774,1.0008304985170826,0.9992055286643517,1.23
P8,1.0,43,50.35631486529907,616.3117197363479,0.0,0.0,1.0011293410424709,0.9986878047024311,1.23
P8,1.0,44,57.08733326880749,621.6418687498827,0.0,0.0,1.001550309348931,0.9990025376809298,1.23
P8,1.0,45,64.5585676615524,626.2662476264111,0.0,0.0,1.0021926404556234,0.9998907914392217,1.23
P8,1.0,46,72.68171892273577,629.7153478232833,0.0,0.0,1.0021007376767144,0.999881236030647,1.23
P8,1.0,47,81.38080928078361,631.3930387775767,0.0,0.0,1.001925565811599,0.9997345469096501,1.23
P8,1.0,48,90.52015407700179,630.459210886094,0.0,0.0,1.0024510388360286,0.999443870791514,1.23
P8,1.0,49,99.84373423039519,625.977192255665,0.9063609064896573,4.579926243939566,1.0031965810626857,0.9994065476309919,1.23
P8,1.0,50,109.15300864998721,616.95691713945,0.34582026389794834,27.37285340493069,1.003583231855432,0.9993533760763452,1.23
P8,1.0,51,118.03511445967946,602.1622994366221,-2.3041473587653063,69.07291930939566,1.0041383310051395,0.9991554122512643,1.23
P8,1.0,52,125.79738016693847,579.9608117555465,-9.220644950859882,130.6042675244219,1.0045609740207997,0.9991785427488425,1.23
P8,1.0,53,131.33338468478863,548.4923225174476,-22.02004634388355,206.8078676314493,1.0049709609857238,0.9982567275774471,1.23
P8,1.0,54,133.15002614159334,506.1466513184467,-39.72823868643601,288.308908865125,1.005085160040042,0.9961314898359098,1.23
P8,1.0,55,129.7165628004777,452.2299007427679,-59.151695165738126,365.5587413690005,1.0052658338375107,0.9936528478099954,1.23
P8,1.0,56,119.87883745536094,387.8121600429222,-77.15581035447568,432.2187296623492,1.0055781802361763,0.9890196655515602,1.23
P8,1.0,57,103.49544699014382,316.4663386667707,-91.87981072944048,486.79559088063536,1.0058387017100174,0.9817518914886938,1.23
P8,1.0,58,82.22725130886023,244.04022391982437,-102.61145709749151,531.88947151844,1.0057327044699615,0.9763002451356398,1.23
P8,1.0,59,59.280475901507494,176.94522826288377,-109.32540517736815,571.0806074836206,1.004780363517688,0.975720365902854,1.23
P8,1.0,60,38.38553165768274,120.0259671013979,-112.21730158214287,606.2358137691801,1.0024333134354386,0.9812524387834375,1.23
P8,1.0,61,22.118198185173622,75.63613896038989,-111.6533244996219,637.0189540989487,0.9993261208675152,0.9884334980837424,1.23
P8,1.0,62,11.047717547049801,43.76882213195546,-108.32613786625261,662.2224858351003,0.9961527623117962,0.9936537788517269,1.23
P8,1.0,63,4.417199170705755,22.85412828570227,-102.98887022986565,681.1593683607703,0.9936831372452991,0.9956006663796764,1.23
P8,1.0,64,1.0177179641743759,10.617452329491606,-96.39252809422806,693.8372112969226,0.9938184729939653,0.9957201105972975,1.23
P8,1.0,65,-0.4264716141597131,4.519643760347906,-89.13969101954933,700.5377169501605,0.996254032814601,0.9957545922887563,1.23
P8,1.0,66,-0.8430514814556376,2.0933493208489784,-81.47187767029881,701.5484259509673,0.9991202981941931,0.9976077745542478,1.23
P8,1.0,67,-0.8401439277907442,1.4258629327099934,-73.65126696117832,697.0387864176788,1.0004292557497891,1.0002488036721329,1.23
P8,1.0,68,-0.7597327930187799,1.355710578746364,-65.91149439205374,687.1242676604281,1.0000665778137052,1.0024355954108204,1.23
P8,1.0,69,-0.7012439176649977,1.3495837520163267,-58.413169903644174,672.2977863278796,0.9994431034282284,1.0036234737488183,1.23
P8,1.0,70,-0.6659844965567954,1.2600762318204837,-51.4375703033425,653.9077024522347,0.9993015973365625,1.003439588801262,1.23
P8,1.0,71,-0.6498618262443129,1.1068900050169408,-45.047884225998835,633.9149130257615,0.9990765677555684,1.0036274817947544,1.23
P8,1.0,72,-0.6395028191603458,0.9485713865198222,-39.177798822762924,614.4214297821127,0.9990678298393249,1.0042862048536763,1.23
P8,1.0,73,-0.6209768062116119,0.8193005437649445,-33.77040204562527,597.2053063109247,0.999521912737446,1.0049057393373595,1.23
P8,1.0,74,-0.600617351404767,0.7245876271789826,-28.665781524901366,583.2707791331876,1.000022268470692,1.0053633831181377,1.23
P8,1.0,75,-0.5731298703240589,0.6644955571563484,-23.82624431515627,572.9325572906932,1.0000827347556631,1.0053788328560183,1.23
P8,1.0,76,-0.529755784239115,0.6196823486062346,-19.25237591177155,566.0081540101768,0.9997004034281839,1.0050521765916838,1.23
P8,1.0,77,-0.4811055091770955,0.5730720278640112,-14.816348399685408,562.0589291011124,0.9997867966006031,1.0044978057717362,1.23
P8,1.0,78,-0.4353328315011584,0.5261818161247753,-10.55012368542923,560.5893354076001,0.9998371759341282,1.0032520608894924,1.23
P8,1.0,79,-0.3896112581521555,0.4772894085813398,-6.37602432706474,561.05793227721,0.9996245391697969,1.002473499273828,1.23
P8,1.0,80,-0.3492741262015755,0.42783310485555476,-2.261210976733072,562.9600980681086,0.9995341893447076,1.0020588966470674,1.23
P8,1.0,81,-0.31434466935105715,0.3779003565828287,1.7320195147910327,565.8379536924592,0.9995483283720272,1.0017952449530647,1.23
P8,1.0,82,-0.2749970563371591,0.3224613489991749,5.638044727882548,569.4233729861905,0.999449067449416,1.0019386281883362,1.23
P8,1.0,83,-0.2409115293458965,0.2737851752671117,9.445824662976372,573.6251583121464,0.9994627586206345,1.0017624473556543,1.23
P8,1.0,84,-0.20689713939556875,0.2325570914000738,13.175904023015944,578.38922310673,0.9993059377708805,1.0013954008971206,1.23
P8,1.0,85,-0.170541091870649,0.19693933218660564,16.91474094263554,583.7166941615508,0.999157688185465,1.0010757702727817,1.23
P8,1.0,86,-0.13794771042903392,0.17037345606151738,20.678400963668388,589.5313604350771,0.9994610818458121,1.0006328167532819,1.23
P8,1.0,87,-0.10279243336445416,0.14676443484258606,24.513950125247977,595.6742481216792,0.9997911313987289,1.0005431569977496,1.23
P8,1.0,88,-0.07495766167267229,0.14854849407436155,28.482918242928196,601.9846134887749,0.9999032861366111,1.001007989360146,1.23
P8,1.0,89,-0.063910768571355,0.19941466566047664,32.59066454154354,608.3166568733628,0.99965367534285,1.0013019582697156,1.23
P8,1.0,90,-0.06539984710476365,0.2872595156476401,36.94196688371337,614.5652927525571,0.999507465211164,1.0013263196013746,1.23
P8,1.0,91,-0.08485296862548021,0.3654176195563882,41.63467234877172,620.631045585371,0.9997273791462287,1.0009080957483214,1.23
P8,1.0,92,-0.1292334701668296,0.31155307267032195,46.73777585556784,626.4920394787731,0.999604697635099,1.000862644824651,1.23
P8,1.0,93,0.0,0.0,52.37009902787285,632.0926147385135,0.9994065731597194,1.0012149137933983,1.23
P8,1.0,94,0.0,0.0,58.55341589547674,637.2844498401192,0.9993872509490416,1.0014097403604827,1.23
P8,1.0,95,0.0,0.0,65.31732509906409,641.7910777164376,0.9992365438215298,1.0018909877933257,1.23
P8,1.0,96,0.0,0.0,72.66737238136334,645.04822507219,0.9990728015691986,1.0023704583870647,1.23
P8,1.0,97,0.0,0.0,80.48528252626762,646.3222428986992,0.9989023505823853,1.0024706543415554,1.23
P8,1.0,98,0.0,0.0,88.62920070520491,644.7232293193014,0.9994204170883756,1.0024566893957412,1.23
P8,1.0,99,3.259076580165436,10.813286067438765,96.86664461292251,639.2751447473598,0.9998984828652913,1.0023953022014485,1.23
P8,1.2,0,3.930153207494248,11.133964509612785,121.97224108001323,647.1077796005825,1.199299064261666,1.2042596675529107,1.118
P8,1.2,1,3.8552872781907697,46.82493938144639,130.63988201163144,631.8087620319814,1.1996000901717678,1.204347391412331,1.118
P8,1.2,2,0.23900458519927836,105.50280284386997,138.01305149433932,608.5538478818969,1.1995794523736936,1.204709697579775,1.118
P8,1.2,3,-10.752143535709576,183.7179545857466,143.16681571852217,575.5662801702504,1.199417232687153,1.2049328223089293,1.118
P8,1.2,4,-29.390249157369247,272.18390043290344,144.13505915054947,531.041351615205,1.1986031150573127,1.205192495479599,1.118
P8,1.2,5,-50.85469691671933,360.5141906173703,139.87961229492547,474.0409382431907,1.1976283572782225,1.2054962293522524,1.118
P8,1.2,6,-71.31299049865798,440.80185839705035,128.85456986614003,405.6504025064572,1.1962313017602832,1.2059596386662759,1.118
P8,1.2,7,-88.98114644675252,508.5434368525147,110.03999287118725,329.52002718020515,1.1892128957551975,1.2062384596791724,1.118
P8,1.2,8,-102.74839539226825,564.0261926584519,85.53291599330007,251.734954707523,1.1771669819573518,1.206230814372626,1.118
P8,1.2,9,-112.4844781229502,610.1381972630257,58.69738750869375,179.78088030409407,1.168852348805355,1.2060221261544235,1.118
P8,1.2,10,-118.76024107175104,648.9935327292832,34.423417106547724,119.29541639923795,1.16895753738269,1.2043373164879865,1.118
P8,1.2,11,-120.94994518449553,681.0771438595568,16.469648668863396,72.47928300880395,1.177386733073984,1.200898863348077,1.118
P8,1.2,12,-119.50309743525993,706.0875894318633,5.200608699610355,39.12625740877131,1.1870885195441905,1.1957170128318264,1.118
P8,1.2,13,-115.39697859001674,723.8538490888627,-0.8499332993907117,17.598884641143265,1.1933203919181157,1.1908688933302178,1.118
P8,1.2,14,-108.88667368779186,734.319375024079,-2.9005050660360387,5.143567757652653,1.1954053915545042,1.189409148308839,1.118
P8,1.2,15,-100.92971969080966,738.1311439255776,0.0,0.0,1.1950182653918175,1.1929061753108485,1.118
P8,1.2,16,-92.60149082100402,736.7718602126945,0.0,0.0,1.1951914322348043,1.1983724074878395,1.118
P8,1.2,17,-83.92654795474422,731.192169292645,0.0,0.0,1.1969890334132107,1.2024838590724807,1.118
P8,1.2,18,-75.29376541728192,721.1495812207637,0.0,0.0,1.1998595449623564,1.2035783289877127,1.118
P8,1.2,19,-66.93048525226452,706.2728507934486,0.0,0.0,1.2028948734539306,1.2020977221363067,1.118
P8,1.2,20,-58.80451891511977,687.1807867280016,0.0,0.0,1.20509281286587,1.2001130866655885,1.118
P8,1.2,21,-51.13985619330567,665.0623338345306,0.0,0.0,1.2056903392865812,1.1984994623811978,1.118
P8,1.2,22,-44.15001178317692,641.009474663227,-0.03853627199890777,0.10504058751594461,1.205533223067485,1.1979949893011024,1.118
P8,1.2,23,-37.638584431037046,616.3682278595601,-0.08569700331442415,0.13176014660347585,1.2053215359126825,1.198602865847864,1.118
P8,1.2,24,-31.76105833129921,593.032332677582,-0.17927519135687303,0.10706803843593779,1.2055643621378371,1.1994225966775942,1.118
P8,1.2,25,-26.418673682593937,572.5499255275425,-0.26154284111884823,0.06220226264319532,1.2063114312225633,1.1998121452816248,1.118
P8,1.2,26,-21.498040228009135,555.6494816531397,-0.2439374987719367,0.027756515778282496,1.2066149449678385,1.1998575533179516,1.118
P8,1.2,27,-17.053494867102202,542.346722651244,-0.1714408039125803,0.009352150690896356,1.206372291636688,1.199849866976817,1.118
P8,1.2,28,-12.900328856944203,532.4137921741658,0.0,0.0,1.205676597645758,1.199893291189097,1.118
P8,1.2,29,-8.954415699990113,525.936283342309,0.0,0.0,1.204872399850819,1.1996248673209422,1.118
P8,1.2,30,-5.2193872919220095,522.8473597592942,-0.012731464877905514,0.0034553727375481818,1.2043774035064363,1.1992176240891568,1.118
P8,1.2,31,-1.392748059525863,522.3750192151813,-0.006307801136129302,0.008732290040832449,1.204000585142081,1.1990536801280616,1.118
P8,1.2,32,2.6699560981256174,523.8652026464697,-0.0022812193330187277,0.00553494647218291,1.2034990628838946,1.1988890321934824,1.118
P8,1.2,33,6.870617923696662,527.1943411387854,0.0,0.0,1.2028118716845058,1.198993574950518,1.118
P8,1.2,34,11.285941268645363,532.0303642176667,0.0,0.0,1.2018564753562544,1.199203052874867,1.118
P8,1.2,35,15.834852116810527,537.8470439612739,0.0,0.0,1.2012391171381855,1.1994850862349333,1.118
P8,1.2,36,20.388298252657954,544.3408345204037,-0.03597914542148518,0.00522224699474141,1.2011919804920013,1.1997857925433977,1.118
P8,1.2,37,25.117951557429496,551.5040767242529,-0.05304567007206362,0.042548416331784536,1.2009251825714184,1.1997565551346172,1.118
P8,1.2,38,29.943718637313424,559.5552863013727,-0.052490631193332124,0.10862415517048185,1.2010381307109688,1.199565373885743,1.118
P8,1.2,39,34.979522455613356,568.6198762128167,-0.04582796058693352,0.2138741990318643,1.2013031308997115,1.1994187110170063,1.118
P8,1.2,40,40.540126566192214,578.4709903257374,-0.045396854975984974,0.3448453316378694,1.2015902263247193,1.1992752757582008,1.118
P8,1.2,41,46.73400485072551,588.9035802568189,-0.052766304130278496,0.4338103917201598,1.201889778695985,1.1990074787398979,1.118
P8,1.2,42,53.608547408187235,599.9487035164946,-0.06152001576089191,0.33063821244883457,1.2018397949400397,1.1986674006990232,1.118
P8,1.2,43,61.35269575543511,611.335459721542,0.0,0.0,1.2016850606189364,1.1989038576969313,1.118
P8,1.2,44,69.92407753239132,622.2680857370215,0.0,0.0,1.2016360266864485,1.1992077850036091,1.118
P8,1.2,45,79.24692025814683,631.8896667083266,0.0,0.0,1.201744368308374,1.1992925321845191,1.118
P8,1.2,46,89.27793311773783,639.5023777626648,0.0,0.0,1.2019109107344996,1.199782753000371,1.118
P8,1.2,47,99.69893742470843,644.2353516972933,0.0,0.0,1.2021904460570254,1.1999268957700273,1.118
P8,1.2,48,110.3576469392651,644.9371996297887,0.0,0.0,1.2026929286484387,1.1996846570679507,1.118
P8,1.2,49,121.0914548972535,640.3981377102484,1.3042700965149367,0.14988802436413126,1.203448737759343,1.1996064196053529,1.118
P8,1.2,50,131.4659571261788,629.4107498581388,0.43829851390647934,24.91037751658965,1.2044635302697948,1.1994756963048543,1.118
P8,1.2,51,140.92720346209748,610.6637563336728,-2.5277791930137363,72.00088306450755,1.2053809790258014,1.1993389392739515,1.118
P8,1.2,52,148.56890327063985,582.5233926682638,-9.807711472241367,143.29753789283242,1.2058983974400395,1.1987531124119788,1.118
P8,1.2,53,152.57102951944202,543.0347728814384,-24.081653239813527,232.7372174601407,1.2060545053367835,1.1977338843282013,1.118
P8,1.2,54,150.8373897011542,490.6725195381181,-44.826456130259444,328.40783428809567,1.2060147056185457,1.1966595467555516,1.118
P8,1.2,55,141.98026341824783,425.8572203789586,-67.94897916545918,418.5113656933423,1.2062504247700052,1.1951926232181764,1.118
P8,1.2,56,125.12341698586701,351.79458111198585,-89.65735064999464,495.57419845164503,1.206698585137905,1.1917333150548894,1.118
P8,1.2,57,101.53979091788906,273.96014168871454,-107.85322035438519,557.5395820257951,1.2071052861305493,1.1831288604285919,1.118
P8,1.2,58,75.11458916365812,199.24673856520602,-121.33159254218256,606.8920143552889,1.20684506161258,1.172133779778867,1.118
P8,1.2,59,50.19694282870157,134.20181817110867,-129.78335238931308,647.7171600257868,1.2053813305561787,1.1664704826524217,1.118
P8,1.2,60,29.952535975629388,82.54876760141966,-133.37336138759036,682.4299443026304,1.2023638193004447,1.1698381237409468,1.118
P8,1.2,61,15.688897828368738,44.66261425729359,-132.39546779788856,710.884453473566,1.1979481187810679,1.1797136914733113,1.118
P8,1.2,62,6.7632610756759535,19.366503361521417,-127.78081676497183,732.1465703041885,1.1928462791688241,1.1893983126868983,1.118
P8,1.2,63,1.7295203982649336,4.761712095088543,-120.50474147715428,745.9118160048452,1.1895813964881663,1.1951678918998063,1.118
P8,1.2,64,0.0,0.0,-111.38411076325579,752.3574626967268,1.1906009968088982,1.196465073100755,1.118
P8,1.2,65,0.0,0.0,-101.50699581149202,751.8468331251067,1.194760596182755,1.1958656390491436,1.118
P8,1.2,66,0.0,0.0,-91.54073641716467,744.9017009161964,1.1990209430075247,1.1970524574246295,1.118
P8,1.2,67,0.0,0.0,-81.61928906536684,732.0557701019939,1.2009029685152026,1.2003252845683252,1.118
P8,1.2,68,0.0,0.0,-72.03751538501128,713.9422996074205,1.2007951989801031,1.2034407082516339,1.118
P8,1.2,69,0.0,0.0,-62.93776657463822,691.4906989284016,1.1998215832238017,1.2057578001754996,1.118
P8,1.2,70,0.04696940602367325,0.025871255702045896,-54.27797321256959,665.8337836350598,1.1990483537832426,1.2069895053623527,1.118
P8,1.2,71,0.05206663347432292,0.14112595103861003,-46.37338803584521,638.3769810353914,1.1991488170469127,1.206923206070242,1.118
P8,1.2,72,0.02834226334843601,0.14108927707317348,-39.310873761402966,610.9449449721675,1.199662903821828,1.2064389257288064,1.118
P8,1.2,73,0.018906396719584807,0.10803844756600375,-32.91232662296124,585.4121372933865,1.2000151062345252,1.206389927169948,1.118
P8,1.2,74,0.01858949608998849,0.07259319390647959,-27.198148340761314,563.1232645779926,1.1997096114478527,1.2066665225835218,1.118
P8,1.2,75,0.018340126024177637,0.04043090236331144,-22.040080765453347,544.8377699323152,1.1989834693181365,1.2069133416418338,1.118
P8,1.2,76,0.018412726407838732,0.01569661862017798,-17.16940896622023,530.8493522911556,1.1988965788576946,1.2070234525692907,1.118
P8,1.2,77,0.0,0.0,-12.640299224042163,520.9904811624089,1.1991822817036408,1.2071813404344272,1.118
P8,1.2,78,0.0,0.0,-8.380534068544097,514.8684279492497,1.1994178979742887,1.2064426650821727,1.118
P8,1.2,79,0.0,0.0,-4.221744385020728,512.1349445588639,1.1995393645611012,1.2049554683706856,1.118
P8,1.2,80,0.0,0.0,-0.1910123274048646,512.3961693682829,1.1995178485660865,1.20375798905675,1.118
P8,1.2,81,0.0,0.0,3.7755039627767646,515.1148557005098,1.1996365995220724,1.2027459552621163,1.118
P8,1.2,82,0.0,0.0,7.769794510957638,519.7821945334445,1.1999900030737893,1.2023191046994226,1.118
P8,1.2,83,0.0,0.0,11.729762587494742,525.9847022115617,1.1999657016706557,1.2020124297461676,1.118
P8,1.2,84,0.0,0.0,15.730473449869644,533.4430209352413,1.1994828201829117,1.201493589209442,1.118
P8,1.2,85,0.0,0.0,19.844525413323865,542.1439825389807,1.19895301326598,1.2009207603663137,1.118
P8,1.2,86,0.006952702083689572,0.002855661426661324,24.06454242979048,552.173585253781,1.1985769319750985,1.2004734179007925,1.118
P8,1.2,87,0.008644130218807802,0.05098860962128896,28.53811061065037,563.370008917397,1.1987573253865023,1.200855981354794,1.118
P8,1.2,88,0.005056399840145261,0.1403315381338323,33.341806904242866,575.4335466781404,1.1992137057669268,1.2015370188752528,1.118
P8,1.2,89,-0.0077950041711665075,0.2671944449459329,38.49146879645194,588.1213920673863,1.1996574875785937,1.2012599972362412,1.118
P8,1.2,90,-0.03458230382442938,0.3909055904049673,44.192103212925176,601.0380995923624,1.1996957726294486,1.2008649063080572,1.118
P8,1.2,91,-0.07846718649682245,0.4036787591582339,50.540030440943504,613.6414910678274,1.1996295107553474,1.2007601860171866,1.118
P8,1.2,92,-0.13441454229027747,0.10379077352595303,57.564804390092945,625.5628651075601,1.1998597620212696,1.200435928626116,1.118
P8,1.2,93,0.0,0.0,65.37892837374173,636.5149036704402,1.1998434569316376,1.2003002635847477,1.118
P8,1.2,94,0.0,0.0,73.96022794398404,645.9913393731856,1.199448299930085,1.2006610139488907,1.118
P8,1.2,95,0.0,0.0,83.15392920042949,653.3682312440136,1.199085904037252,1.2016671314021528,1.118
P8,1.2,96,0.0,0.0,92.8412364215803,658.0266965608663,1.1987103034557978,1.2024542035725834,1.118
P8,1.2,97,0.0,0.0,102.74905419967072,659.1717326674788,1.198793231960168,1.2029536773271094,1.118
P8,1.2,98,0.0,0.0,112.56089398773497,655.8460435240734,1.1990693597263502,1.2037681330698917,1.118
P8,1.2,99,3.925248372354494,11.140731322454618,122.01675375421743,647.1033035014474,1.1992362529370877,1.2041936770778887,1.118
P8,1.4,0,4.72309249475497,11.261877117608464,149.3714296133932,664.4997158777221,1.3997629138028855,1.4046349932928235,1.061
P8,1.4,1,4.673477569312872,49.119958036603954,159.30733652680672,646.7341153721112,1.3997481000032022,1.404854752716246,1.061
P8,1.4,2,1.0452124106645033,111.49442970241711,166.65309547294206,618.2426717590824,1.3996266175895968,1.40561518163795,1.061
P8,1.4,3,-10.0618328591556,195.57105432989306,170.07238532222465,577.6675275151481,1.3999302343661555,1.4068793776114046,1.061
P8,1.4,4,-30.246666514810215,291.64549618204285,166.90762173330538,523.7157138870564,1.3997796234626738,1.4074761579366994,1.061
P8,1.4,5,-54.677509717946215,387.71176468341474,155.67663160170292,456.4526385712103,1.3985867085123136,1.4076081025228562,1.061
P8,1.4,6,-78.4488660966438,474.8781747851734,136.39959883076182,378.8605306199015,1.3978611935345668,1.4077625214749376,1.061
P8,1.4,7,-99.4402827902486,548.8498062183488,109.12904882616023,297.09524481965576,1.395226724676911,1.4075207972659247,1.061
P8,1.4,8,-116.82664864385848,610.2720504770083,78.28799564036427,218.72951473078336,1.3857723397142132,1.407051166866722,1.061
P8,1.4,9,-129.83372682219604,662.668994835129,49.61304665386719,150.78719198162528,1.3717351636890676,1.406219204842615,1.061
P8,1.4,10,-138.95530634559617,708.1876287058145,27.031573236174005,97.2075876537342,1.3623496457529656,1.4033958073715436,1.061
P8,1.4,11,-144.0109414781429,746.3277716984549,11.896969926188003,57.91130008692834,1.3643037292671274,1.398305253892821,1.061
P8,1.4,12,-144.16175145990854,775.5005499148142,3.3306753736896035,30.888760953861905,1.3751115812505093,1.3924505901916129,1.061
P8,1.4,13,-140.349024627057,795.1542057247005,-1.0026031136451108,13.792278781093994,1.3867490029018843,1.3874785551349633,1.061
P8,1.4,14,-133.6257730390348,805.7934719300492,-2.7233244158325016,4.26757792208448,1.393255762908387,1.3866027206224776,1.061
P8,1.4,15,-124.160868271759,807.7562404908854,0.0,0.0,1.3943066802312307,1.3913767004668471,1.061
P8,1.4,16,-113.07720458920828,801.7067210694743,0.0,0.0,1.393295565546817,1.3982753215308612,1.061
P8,1.4,17,-101.45774143482993,788.6366768047282,0.0,0.0,1.3940733904813951,1.4031501223683662,1.061
P8,1.4,18,-89.3655562122266,769.4605240023767,0.0,0.0,1.3973782228210474,1.4045471019416214,1.061
P8,1.4,19,-77.53706127284433,744.9409438951228,0.0,0.0,1.401663183155383,1.4031031201914275,1.061
P8,1.4,20,-66.4797834692575,715.8800008165013,0.0,0.0,1.4059758222622998,1.4009234184035764,1.061
P8,1.4,21,-56.13312366420476,683.5418287768797,-0.0055751041973740156,0.0789728405040036,1.4089143607777976,1.3990970493742672,1.061
P8,1.4,22,-46.65519598046049,649.5133889680886,-0.04038232720106917,0.09493345998318865,1.4094978775077986,1.3980912791960878,1.061
P8,1.4,23,-38.518552473478984,615.4873972479571,-0.028898779077261433,0.07944996211287925,1.4090782030221622,1.3985486389802662,1.061
P8,1.4,24,-31.226706121438877,583.1035436354572,0.05989045482760005,0.08820170162283035,1.409122801789884,1.3997049671389044,1.061
P8,1.4,25,-24.754325872164266,553.6622485238493,0.09305647054482116,0.11872857220470462,1.4096161718912705,1.400232300328005,1.061
P8,1.4,26,-19.181118017197672,527.7634563571874,-0.06502658250434167,0.1195152983660853,1.4094795122978823,1.4000568882511653,1.061
P8,1.4,27,-14.202933393316892,505.9500035486132,-0.1872840623895544,0.08268188726258259,1.4088428584745387,1.3995670446693402,1.061
P8,1.4,28,-9.640419868731007,488.8676156080867,-0.20151162323359054,0.03510769758345368,1.4086822590903099,1.3993100032272119,1.061
P8,1.4,29,-5.545912832667235,476.3616719093571,0.0,0.0,1.4084698549159693,1.3997705315059001,1.061
P8,1.4,30,-1.5385779859754662,467.84908686112857,0.0,0.0,1.407579183834748,1.3998817990254602,1.061
P8,1.4,31,2.4034417051956884,463.2796983981656,0.0,0.0,1.406154665506143,1.3992639918970529,1.061
P8,1.4,32,6.258703857314091,462.66382244557553,0.0,0.0,1.4048923035275052,1.3992415630766746,1.061
P8,1.4,33,10.293244656636704,465.40413304267514,0.0,0.0,1.4041954944157853,1.3997584166342563,1.061
P8,1.4,34,14.66402716763654,470.8857937086035,0.0,0.0,1.4038028630313364,1.3998534092767296,1.061
P8,1.4,35,19.179601989306992,478.89154678562903,0.0,0.0,1.4032510652473535,1.399921459944408,1.061
P8,1.4,36,24.083855269252727,489.28678178859667,0.0,0.0,1.4022339491665792,1.4000269624061574,1.061
P8,1.4,37,29.452808482390846,501.8972246799328,-0.023333297723490475,0.05789105149175912,1.4017593465860194,1.3996378625289183,1.061
P8,1.4,38,35.221862420443045,516.4394693755542,-0.0548835751544128,0.17459521670546063,1.4019680551288218,1.3993312848229889,1.061
P8,1.4,39,41.6781457301828,532.4661537160911,-0.10198786086683868,0.3404726681013015,1.4018561803541494,1.3993111543466117,1.061
P8,1.4,40,49.0186458517614,549.5816327800768,-0.13094088472973994,0.5037797966507797,1.4015922760370687,1.3997229692623117,1.061
P8,1.4,41,57.2164071102563,567.5331810182126,-0.15073449483519424,0.5469771408272746,1.401460487047585,1.400178183104777,1.061
P8,1.4,42,66.38298908023818,585.7959380455927,-0.15464853949073512,0.2616556941954149,1.4013013016860432,1.399900119979144,1.061
P8,1.4,43,76.54325325930003,603.4824216861024,0.0,0.0,1.4013785506315908,1.3994352530608474,1.061
P8,1.4,44,87.49062413918948,619.8323796117166,0.0,0.0,1.4017831722364598,1.3996629333890278,1.061
P8,1.4,45,99.277215961901,634.2381887219636,0.0,0.0,1.4022652138471232,1.3998938504788356,1.061
P8,1.4,46,111.82538573869665,645.761354668989,0.0,0.0,1.4028970479764005,1.3998235716745087,1.061
P8,1.4,47,124.76549863811074,653.0462222636438,0.0,0.0,1.4032949055018071,1.3996997802308673,1.061
P8,1.4,48,137.95208070736047,654.6637287626706,0.0,0.0,1.4036466257627787,1.3993231394098626,1.061
P8,1.4,49,150.97670400404755,649.1819140917835,0.0,0.0,1.4044383214321177,1.3994597705483636,1.061
P8,1.4,50,162.84641756333482,635.0185837933818,0.5713074401618411,29.276771114923765,1.405397388891825,1.3999782436911026,1.061
P8,1.4,51,172.39590285919675,610.3220411034533,-3.843815911624023,84.23111482844449,1.4059475128452301,1.399710303503951,1.061
P8,1.4,52,177.91025871491814,573.1889595242482,-13.578635659778854,166.63418538039977,1.4063347947153761,1.3994914952840531,1.061
P8,1.4,53,176.77965394239754,522.2615453118403,-31.9713524133527,268.87314930040554,1.4069603239007842,1.3995152289995325,1.061
P8,1.4,54,166.52015540577952,457.5084267009402,-58.21327037982513,376.07800171758845,1.407870446321008,1.3983977630923035,1.061
P8,1.4,55,146.9843796582032,381.559002433021,-86.57037184677425,474.4788371309405,1.408859351127449,1.3967165256219567,1.061
P8,1.4,56,119.78320987258556,300.5325212018554,-112.39749152140928,556.7485887791985,1.4088627096309951,1.394413305841504,1.061
P8,1.4,57,88.75972691024256,222.17298484736756,-133.64632148235256,622.1540671710043,1.4080904038470312,1.3870523961045134,1.061
P8,1.4,58,59.84729015513501,153.22662295083654,-149.07280198649764,674.4417433002479,1.4072330353987355,1.3734834080815737,1.061
P8,1.4,59,36.5165269440492,98.03527162763953,-158.16614452290406,717.9189587169285,1.4048939466525399,1.360774092915783,1.061
P8,1.4,60,19.404762626294694,57.73771573712233,-161.7188087749056,754.6521462111497,1.3998241842931582,1.3581000065234246,1.061
P8,1.4,61,8.201477831636948,30.540585254732875,-160.0015879514506,783.9740342594192,1.3929478869370613,1.3671216978171143,1.061
P8,1.4,62,2.049118903946317,13.660264273469872,-153.73969282994702,804.5608913628033,1.3868780096831441,1.3811898516211403,1.061
P8,1.4,63,-0.8987014992319852,4.66994161857806,-144.56234799972844,816.0868503018154,1.3853829011469985,1.3920519900536212,1.061
P8,1.4,64,-2.0298293444318176,1.0148995870102013,-133.20994589430782,818.6021315497442,1.3890852568736127,1.3972317692987444,1.061
P8,1.4,65,-2.0899492950826715,0.2642273064841101,-120.39097160501355,812.3851234164341,1.395116604353479,1.398208487504186,1.061
P8,1.4,66,-1.7155863622583745,0.6984729118678501,-107.41757446372787,798.2737814309003,1.4003138338603558,1.3978002247243457,1.061
P8,1.4,67,-1.2403452777547883,1.376813134982033,-94.48659745577098,777.3453402116529,1.40259887675086,1.399273224544687,1.061
P8,1.4,68,-0.7991131971174756,1.872667775622204,-81.57327798385828,750.4918142899029,1.4019528395583907,1.4022052676393324,1.061
P8,1.4,69,-0.5811632004772976,2.0595933046026182,-69.48207636100835,718.8815503541899,1.400090601850366,1.4056106995301445,1.061
P8,1.4,70,-0.5731737418551446,1.990531188113232,-58.39023503647079,684.1093755869902,1.3988743505808652,1.4090150909053243,1.061
P8,1.4,71,-0.5878279616148457,1.7767828472766285,-48.13994573067072,647.6393454324942,1.3985118094952622,1.4107295271180822,1.061
P8,1.4,72,-0.5458502873548837,1.5218606259733882,-39.28116236513021,611.0607573127137,1.3987809252148051,1.4107836606688278,1.061
P8,1.4,73,-0.40509989778686417,1.3080878212722589,-31.74980727590115,576.3644405315697,1.3994845333168002,1.4107023341047806,1.061
P8,1.4,74,-0.16080208586729736,1.169288433893164,-24.938276565727733,545.2361055255672,1.3999098035795086,1.4104894512072217,1.061
P8,1.4,75,0.002771488092356248,1.038795385070977,-19.015314697226305,518.5135921229331,1.4003832069719324,1.4101962720240226,1.061
P8,1.4,76,-0.027576461824813065,0.8513659772097305,-13.890750597307592,496.6923386078703,1.4004731358636848,1.4102029193752523,1.061
P8,1.4,77,-0.09111087647539531,0.6338801412590286,-9.01535524712381,480.1381670647794,1.3996611217671173,1.4098555311972596,1.061
P8,1.4,78,-0.10299822158111116,0.4290247557360642,-4.4893937767210765,468.6219354758757,1.3994005668599987,1.4087917390813631,1.061
P8,1.4,79,-0.045292877713242474,0.2517233799814544,-0.4314866630381045,461.5440467871773,1.399640488205309,1.407424935678683,1.061
P8,1.4,80,0.057919174370263594,0.1024344732515652,3.638750258892526,458.55924409563164,1.3995736152226,1.4059490625047109,1.061
P8,1.4,81,0.12839482919203532,0.00210002685737644,7.663446041293494,459.40688953241784,1.3996257243643724,1.4051965548082015,1.061
P8,1.4,82,0.0,0.0,11.583483562603508,463.4845380874357,1.3999401988851818,1.4048477354794793,1.061
P8,1.4,83,0.0,0.0,15.694847529751648,470.1756890626156,1.3997416069952768,1.4037665577282614,1.061
P8,1.4,84,0.0,0.0,19.9575158941252,479.20540130459926,1.399688556039868,1.4025718640303797,1.061
P8,1.4,85,0.0,0.0,24.24486852728743,490.362982935903,1.4000226435874414,1.4020802684257292,1.061
P8,1.4,86,0.04437441261023034,0.0228690157155353,28.89280497722602,503.4806442905731,1.3998340463512555,1.4016138896581507,1.061
P8,1.4,87,0.062422100225624715,0.09756077828432794,34.01456028534772,518.6569162165524,1.3996414522116774,1.4015434718247655,1.061
P8,1.4,88,0.04813857499779827,0.2243303902408124,39.60021876717102,535.861668830261,1.3996938137116033,1.4016367293694185,1.061
P8,1.4,89,0.004474613055171548,0.3819179197938465,45.98062105623548,554.5039399542247,1.3996908358027758,1.4009006168015208,1.061
P8,1.4,90,-0.05409139620551616,0.4966690939853719,53.22775739162786,573.9054311973804,1.399652527629062,1.400621835140557,1.061
P8,1.4,91,-0.12195450972438929,0.4222449726268525,61.20914976586076,593.5887548092775,1.399621800400338,1.4011609009943244,1.061
P8,1.4,92,0.0,0.0,70.16267614282168,612.8549950561982,1.3998804948258092,1.401127620853614,1.061
P8,1.4,93,0.0,0.0,80.04985844811999,630.7349619197278,1.399927206180369,1.401180728624797,1.061
P8,1.4,94,0.0,0.0,90.58352371502257,646.5241598140162,1.3994881445278518,1.4015106009646208,1.061
P8,1.4,95,0.0,0.0,101.85599702072754,659.6990650172006,1.399361192528259,1.4017377805257865,1.061
P8,1.4,96,0.0,0.0,113.78024255098448,669.3223810566126,1.400013267986032,1.4023515605952168,1.061
P8,1.4,97,0.0,0.0,125.88399276091079,674.1388412472118,1.4002568323910878,1.4032689757648908,1.061
P8,1.4,98,0.0,0.0,137.8941009834228,672.9060946685107,1.3998448980528673,1.403989380596551,1.061
P8,1.4,99,4.729641261404913,11.257745422626638,149.3586925077816,664.2079704205046,1.3997202875273485,1.4045298774981023,1.061
P8,1.6,0,3.1538480952561194,11.517098101154913,164.66678722316587,635.6192085230311,1.5999118474358356,1.6060329428456936,0.995
P8,1.6,1,1.1114230384551975,54.487707173362324,173.35272460764705,615.189168931764,1.599867285236512,1.6068339894267547,0.995
P8,1.6,2,-4.6622488275397,126.13361133812451,177.69113415867145,582.7947375860714,1.5994871501478682,1.60684256933804,0.995
P8,1.6,3,-16.81060104037442,225.19562396081054,176.16933790693113,537.7103345004311,1.5995755871495847,1.6071819984348465,0.995
P8,1.6,4,-37.88681658481349,340.3095829280424,166.98698761177764,480.0142690164305,1.599362834454608,1.6080211247587417,0.995
P8,1.6,5,-65.13748297237495,454.4906675709644,148.76472264130194,411.1932772231124,1.5981923482452087,1.6084311459517113,0.995
P8,1.6,6,-92.30848429413615,554.2686155014713,123.5815399104166,335.4955869326612,1.596734337809486,1.6082297112994173,0.995
P8,1.6,7,-115.28686952627575,632.9277816923595,94.75226598181526,259.7046364818692,1.592768038017097,1.6074946309528038,0.995
P8,1.6,8,-133.21273135340624,691.5541360519297,66.01223203463046,190.1688095137797,1.5818114583229987,1.60555474448896,0.995
P8,1.6,9,-145.9866788195024,736.8420146964875,41.568510198305646,131.2201605813713,1.565884282599449,1.6018277057775063,0.995
P8,1.6,10,-152.8026705904729,773.7835172492842,23.23320034687349,85.0940085768688,1.5544323793870625,1.5963645325582954,0.995
P8,1.6,11,-154.53171037207363,803.1647378133777,10.686647219565168,51.754857293753886,1.555635042862942,1.590395826303027,0.995
P8,1.6,12,-151.7538853502057,824.2533390454628,2.614016997597389,29.257608521585176,1.5686788049002798,1.5863748495899652,0.995
P8,1.6,13,-145.10901683866493,837.10393013103,-1.0633609078736954,15.310176514661633,1.5851966933605168,1.5865752740618952,0.995
P8,1.6,14,-135.92322964388882,842.4139344145542,-1.8027126388391834,8.090295288112632,1.5965805753456506,1.5907817185258109,0.995
P8,1.6,15,-125.51764825955955,840.1373588531267,-1.4255934634664813,5.422677769224028,1.600200607101991,1.5964127503172076,0.995
P8,1.6,16,-113.74709254890148,829.9368276604129,-0.5457463743660801,5.050118097896546,1.5993773186862466,1.600332848508389,0.995
P8,1.6,17,-100.91357080101601,812.7814288318809,0.39809779687448743,5.418931044069799,1.5986545935080396,1.6019984785721053,0.995
P8,1.6,18,-88.3270630708755,790.4200765854785,1.0360400524622162,5.874234877010292,1.599797649863146,1.6024207429684318,0.995
P8,1.6,19,-76.04075561696133,763.9461564897817,1.3839712182501038,6.309741162458939,1.6025387562185156,1.6016568063839398,0.995
P8,1.6,20,-64.11602216183185,733.6555772876225,1.760373926522689,6.337926149651065,1.605892328092312,1.600046646802464,0.995
P8,1.6,21,-53.01942865961593,699.8755545483158,1.5993396707123215,5.555273511182356,1.6086965005866596,1.5988020363001625,0.995
P8,1.6,22,-43.19877268870179,663.612269205124,1.0000943959203503,4.307339974060858,1.6104716070236433,1.5985410205812465,0.995
P8,1.6,23,-34.108213666904575,626.7969321971285,0.4883667226883806,3.168123244114789,1.6113412464012904,1.5989873569154003,0.995
P8,1.6,24,-26.018960765093073,591.6384119645943,0.1413596462769844,2.3416359174758026,1.6113959697273803,1.5997649290877434,0.995
P8,1.6,25,-19.242883605885677,559.1152858232467,-0.12457122370864013,1.7698173093248815,1.6112732965314112,1.6002424822379517,0.995
P8,1.6,26,-13.155935238631791,529.2370487133101,-0.11890375006140626,1.4320721062077204,1.6111223245102038,1.6001122459655122,0.995
P8,1.6,27,-7.690112033228246,502.55022027146794,0.062312050685555474,1.2616053994962484,1.610835063861106,1.599696543029428,0.995
P8,1.6,28,-3.1444264659058945,480.28831220806495,-0.0037821536058105926,1.159491456454236,1.610394233983675,1.5996004628984013,0.995
P8,1.6,29,0.7436146957598992,463.1504163180943,-0.14644725249606821,1.1540521435187474,1.6093456416084286,1.5994813849445872,0.995
P8,1.6,30,4.461048481957939,450.54320522463036,-0.2219562331534942,1.2031488630353944,1.6082303122799444,1.5993741152949474,0.995
P8,1.6,31,7.97171643069702,441.55943932015305,-0.3707993721300028,1.2080846197948178,1.607283909532642,1.5996197357271666,0.995
P8,1.6,32,11.452977171849502,436.2695508507682,-0.4944746629039386,1.167664244542675,1.606160484425931,1.5999552387933962,0.995
P8,1.6,33,15.210226519261852,435.361944964762,-0.29181620048278056,1.1803888065510697,1.6049635076192026,1.5996955418082193,0.995
P8,1.6,34,19.21956735196394,438.5636137723912,-0.022827333394677178,1.317542439708517,1.6041308032783972,1.5991045367312267,0.995
P8,1.6,35,23.411354637674332,444.6449259352485,0.02862323413916197,1.5140729110320295,1.6035459093951252,1.5992812543163761,0.995
P8,1.6,36,28.21915175468158,453.00735971816994,-0.026825658612509004,1.6815180155490284,1.6029856547409373,1.5998811826967898,0.995
P8,1.6,37,33.65859561654256,463.93774618903194,-0.12604045378511786,1.8724038533239054,1.6026866519707834,1.6001426028443677,0.995
P8,1.6,38,39.5449826965453,477.5592994639271,-0.2779337710190207,2.179708587957551,1.6025164321347836,1.600094600463152,0.995
P8,1.6,39,46.23811858818236,493.3495805911315,-0.30835177657381246,2.5485022274774414,1.6020091545405455,1.5998234129450457,0.995
P8,1.6,40,53.90981229220405,510.4949912977597,-0.15999038043175645,2.799280309041641,1.6014304239493546,1.5990419184652316,0.995
P8,1.6,41,62.52156941672456,528.3129630595232,-0.1319667248179131,2.733666088357234,1.6013458439980097,1.598711390972169,0.995
P8,1.6,42,72.12619152847441,546.4265172497821,-0.16832098156189323,2.1072490490823457,1.601559278067597,1.599424296805793,0.995
P8,1.6,43,82.87370146702798,564.6231448709746,-0.0018857238995012996,0.6268798694090824,1.6016697824032113,1.59984549565115,0.995
P8,1.6,44,94.59188596731923,582.2770164753842,0.0,0.0,1.6019270001199082,1.5995232686304488,0.995
P8,1.6,45,107.2326442785566,597.9732366783318,0.0,0.0,1.6025664744382264,1.5993453022382225,0.995
P8,1.6,46,120.88152308454976,610.1094888169397,0.0,0.0,1.6031108511492376,1.5994121083313995,0.995
P8,1.6,47,135.08202717100673,617.6378876748718,0.0,0.0,1.6034485223709956,1.5992977287757164,0.995
P8,1.6,48,149.09273814789262,619.6450924360695,0.0,0.0,1.6041144053785126,1.599275668757213,0.995
P8,1.6,49,162.12930570091999,614.2402432266547,0.8352975662860114,3.976518011357147,1.6050482308379004,1.5995786066986073,0.995
P8,1.6,50,172.94092955246975,598.7744226619005,-3.003987019289787,38.86653783695388,1.6059740699717766,1.5997793133648377,0.995
P8,1.6,51,179.73105811246285,571.2420425841908,-10.533287320719324,101.61189834521645,1.6068351503277962,1.599607441690365,0.995
P8,1.6,52,180.56711771485084,530.8970549765374,-23.093845521592762,194.54604698165826,1.6075936534009465,1.5994691166869517,0.995
P8,1.6,53,173.62738836249116,478.0028414706707,-42.57206251521481,309.72077387268456,1.608109494648242,1.5991264696317078,0.995
P8,1.6,54,157.69743780303736,413.79646745416204,-69.47632561725719,429.7953189164964,1.608542055848828,1.597745072835098,0.995
P8,1.6,55,133.90387942124687,341.3368399750302,-99.60872722900763,537.8423207919202,1.6088503495809638,1.5954401046255946,0.995
P8,1.6,56,106.167670838523,266.49285227627166,-127.01484279592789,624.9314308943271,1.6084263066951487,1.5911608483349975,0.995
P8,1.6,57,78.29058473185,196.39869639537423,-148.72723562475304,690.6226358849776,1.6067167910833486,1.581186057648375,0.995
P8,1.6,58,53.297937792135826,136.51772547091392,-164.3016624393698,740.5809318207973,1.6036699686366995,1.5662142295063757,0.995
P8,1.6,59,33.45940226557622,89.26165655776427,-173.05883002022918,781.0418321151382,1.5989394978144977,1.5542108772549943,0.995
P8,1.6,60,19.184323413053438,54.80711978981178,-174.75335758857958,814.6402771931112,1.5927221754569811,1.55252233534049,0.995
P8,1.6,61,9.857263556600413,31.994460841653584,-170.98885051262613,841.0325717681144,1.5875300225816136,1.5634116427911209,0.995
P8,1.6,62,4.651590318273151,18.41886687002541,-163.04770064666687,859.0148331860911,1.585860352659747,1.580857738934598,0.995
P8,1.6,63,2.5967059703973727,11.399260433975142,-151.9822993569678,867.6086781595832,1.588160287783903,1.594876011680387,0.995
P8,1.6,64,1.9072950656997536,8.62465423403857,-139.27873015847644,866.255160621793,1.5929896963465249,1.6009838889032422,0.995
P8,1.6,65,1.5450425559377738,8.027112247805995,-126.00186327389518,855.179076067128,1.597775054977398,1.601853322891339,0.995
P8,1.6,66,1.4354463539784417,7.99651088621771,-112.30073234434639,835.7035495821727,1.6004957803736788,1.6011982892694583,0.995
P8,1.6,67,1.311694906449704,7.853736396039664,-98.72203082930163,809.4790729310874,1.6011045924103853,1.6015097976238417,0.995
P8,1.6,68,1.0054861432049946,7.70903931245208,-85.90371945297925,777.9408218695589,1.6006226869258287,1.6034401814721473,0.995
P8,1.6,69,0.7361147036370232,7.4848153902588646,-73.56937108908184,742.3513295545894,1.5999265796328008,1.606962086801261,0.995
P8,1.6,70,0.5709704052925321,6.86688242006085,-61.82379244659,704.173840492941,1.5993139344467406,1.6101899001579107,0.995
P8,1.6,71,0.28359235768093033,5.889029721270141,-51.26232702193403,665.0035543774326,1.5987744637411383,1.6117233955176378,0.995
P8,1.6,72,-0.06521188059020393,4.917719900901664,-41.760572233543925,626.0846105102131,1.5986552847860558,1.6119727745593597,0.995
P8,1.6,73,-0.33892099420321253,4.205410289717292,-32.93994328385202,588.6071307437877,1.5988581748963104,1.6116598740881272,0.995
P8,1.6,74,-0.6807824517560329,3.6512379318375934,-25.11743870501471,553.9078337482158,1.5988654614258218,1.611258419853925,0.995
P8,1.6,75,-0.9500706167411928,3.1423182949917843,-18.366931099619464,523.0723907695019,1.5991891547850323,1.6110490703323923,0.995
P8,1.6,76,-0.7946392347172618,2.736808046264909,-12.310404270252977,496.6286701094728,1.5995471946824442,1.610985139144311,0.995
P8,1.6,77,-0.558207050975166,2.4717133932738973,-7.001093174038706,474.7970978780767,1.5993670615212914,1.6103431151604244,0.995
P8,1.6,78,-0.5652665870517286,2.3456455805604377,-2.5725163455321503,457.8941544055044,1.599299066930867,1.6093457675243965,0.995
P8,1.6,79,-0.6266638141207892,2.285900880283234,1.508721685442099,446.00370658059063,1.5996907000875842,1.6088014708158167,0.995
P8,1.6,80,-0.6401117499439736,2.2015546100832815,5.483665514390044,438.6948388992346,1.5999831666932844,1.6082572670412105,0.995
P8,1.6,81,-0.6335548577500186,1.9975502417398352,9.201581639375734,435.50089947316735,1.5998843339315638,1.6070369962406443,0.995
P8,1.6,82,-0.5229004556163873,1.665372123605954,13.093257878557878,436.2893314041086,1.599835442167021,1.6056848585133403,0.995
P8,1.6,83,-0.2823059919752516,1.375932947215557,17.410380697313492,440.83519363371926,1.599814260369125,1.6045165015491158,0.995
P8,1.6,84,-0.23492238567819804,1.2568293018214944,21.944315802074197,448.48995057754286,1.599783195833784,1.603197297177475,0.995
P8,1.6,85,-0.3838474330635965,1.194627907547307,26.74592337859357,458.67517864399787,1.5999075756889418,1.6023093920071712,0.995
P8,1.6,86,-0.45499793735040434,1.1083436814985774,32.136924306926836,471.19459570721466,1.600003626244534,1.6020655442651461,0.995
P8,1.6,87,-0.46289896570542943,1.1232905687724317,38.06792060482781,485.8433693081894,1.5998173356445917,1.6019535774306932,0.995
P8,1.6,88,-0.45102765889600055,1.3231095913196274,44.455998064146534,502.21209188831017,1.5995853370115747,1.6015916638917473,0.995
P8,1.6,89,-0.36160005159104,1.5639826044074412,51.624566068374364,519.9332798889689,1.599664566344845,1.6012993539490876,0.995
P8,1.6,90,-0.24471373564955,1.6217842057323073,59.671341475814984,538.7656903632925,1.5995814930853824,1.601118047346197,0.995
P8,1.6,91,-0.21099876816652197,1.2918241100746999,68.50432288094581,558.249223920756,1.599320470607107,1.6008942176937544,0.995
P8,1.6,92,-0.19663186601602187,0.3516174928960558,78.33600550584944,577.6526606970809,1.599611430205241,1.6010640419905158,0.995
P8,1.6,93,0.0,0.0,89.24218971873428,596.2737863223181,1.5999943382680946,1.6019411741213005,0.995
P8,1.6,94,0.0,0.0,100.9364816697184,613.407898958155,1.5998475848949059,1.6026532028516445,0.995
P8,1.6,95,0.0,0.0,113.35113792317863,628.0338084602084,1.5996167973617892,1.6025922801425094,0.995
P8,1.6,96,0.0,0.0,126.41557453398146,638.7753278338017,1.5993979931584321,1.6026769616930139,0.995
P8,1.6,97,0.0,0.0,139.58554985317855,644.2350856646204,1.5991380240141768,1.6033194758830942,0.995
P8,1.6,98,0.0,0.0,152.1845849778174,642.951631646179,1.5992503460346252,1.6042176258904413,0.995
P8,1.6,99,3.176838407654534,11.520171482726122,163.47928269103033,633.0561825097919,1.5996908391130107,1.605467354192864,0.995
P8,1.8,0,5.333644258000349,11.76973202203782,169.16347976537773,602.0856932959188,1.7997370595500857,1.8057488373277844,0.933
P8,1.8,1,4.012507056347868,58.33513902481197,174.6830632900105,576.6220077585606,1.7998362502984673,1.8066501740418246,0.933
P8,1.8,2,-1.0124905440691716,135.53311961145184,174.70258567896866,538.5291228005615,1.7995944112604394,1.8071290961101487,0.933
P8,1.8,3,-12.295348480096209,243.53918831777872,168.02174754884848,487.8949005709041,1.7993963038601337,1.807754541918549,0.933
P8,1.8,4,-33.002372896311684,372.05543061793395,153.74238067833232,426.3779769351454,1.799184426474359,1.8084852018897009,0.933
P8,1.8,5,-61.99589797052224,502.8578007706824,131.64051946565237,357.25119401404936,1.7983966058508092,1.8088394046124239,0.933
P8,1.8,6,-92.83135125236538,619.2253512780222,104.56942744609333,285.2151513237382,1.7973291083654885,1.8082402588096367,0.933
P8,1.8,7,-119.83541997606437,711.5266225645225,77.12519319467211,216.1401604907443,1.7951073144887233,1.8064397238316285,0.933
P8,1.8,8,-140.61489669146465,778.0715848623076,52.11681383420639,155.09424961478555,1.7875512724791645,1.803341273196628,0.933
P8,1.8,9,-155.53280350725413,825.0531667704869,31.858326813109123,104.91219011600752,1.7713471108797527,1.7987975901799407,0.933
P8,1.8,10,-163.96863676732437,860.0473542271071,17.135666126384187,66.59945155157435,1.7533555569537393,1.7929276130593765,0.933
P8,1.8,11,-165.6818340259244,886.2486886865266,7.618097474462938,39.74532434679729,1.744602203456413,1.7876229800619703,0.933
P8,1.8,12,-162.05696673799972,903.849590746233,2.214776821820369,22.65152347591099,1.7507273440390205,1.7851086527829594,0.933
P8,1.8,13,-154.14926146639175,913.0771993672088,-0.23207510494081493,12.886467534289958,1.7686561784668189,1.7867641175402416,0.933
P8,1.8,14,-143.25112397757545,914.3919176025997,-0.18996750155075517,8.219871684238404,1.7878122448202654,1.791908279113404,0.933
P8,1.8,15,-130.60391628531966,907.8346408178237,0.5316376062352193,6.725959211736404,1.7999461425443692,1.7973292031431907,0.933
P8,1.8,16,-117.50870919904453,893.2063212228599,1.1762816762957586,6.671480184958678,1.8043457398340432,1.801284415392988,0.933
P8,1.8,17,-103.68978079506479,870.8202948720086,1.7762541288554192,6.949828448010426,1.8040827555827879,1.8028370775287048,0.933
P8,1.8,18,-89.41860722501441,842.0946519161641,2.134378309451052,7.074076270215219,1.8032313943796643,1.8023042377329572,0.933
P8,1.8,19,-75.82709057242828,808.7547843079334,2.0280955163703576,6.953486077808772,1.803669152306943,1.8008843026266113,0.933
P8,1.8,20,-62.77232766315262,771.8130939441918,1.6167246346857098,6.715564315463772,1.8053571875658072,1.7996667229952767,0.933
P8,1.8,21,-50.306568675067254,731.8401138207288,1.5475637890170617,6.2515087615540015,1.8077156806542616,1.7993091194079134,0.933
P8,1.8,22,-38.71889116611423,689.8277341138084,1.2689490538344181,5.369679827233459,1.8100797553993353,1.7990650314168644,0.933
P8,1.8,23,-28.611127758124947,647.1960133088718,0.6792571970547485,4.333736092678167,1.812378977237356,1.7986353262310302,0.933
P8,1.8,24,-19.750129399811904,605.5427471730707,0.3698638583577753,3.5233247573237882,1.8140794885293903,1.7989488888081302,0.933
P8,1.8,25,-11.867602466136399,566.516545097312,0.37782033252316244,2.943133507217164,1.8144053615971496,1.7995792974409097,0.933
P8,1.8,26,-5.447580495865505,530.9857901809614,0.4143426591156167,2.4206604484634955,1.8142163930457182,1.799701555289521,0.933
P8,1.8,27,-0.09366617305059459,498.9458482617329,0.42374597074283177,1.9498957755908821,1.8139003286864797,1.7996972408248169,0.933
P8,1.8,28,4.617891764606843,470.6150242310787,0.6861858634373151,1.594705766365724,1.8130454557517577,1.7998482089224948,0.933
P8,1.8,29,8.598564294002013,446.70790991660914,0.8086204882953487,1.2438991842321787,1.811556688669938,1.7996392424325727,0.933
P8,1.8,30,11.820954938679895,427.71624711963824,0.5194464693113487,0.8735815932808318,1.8098340732295353,1.7992175747307562,0.933
P8,1.8,31,14.821821646831475,413.514585269842,0.22315641100237546,0.5599695073126496,1.8082988899231012,1.7992991511991778,0.933
P8,1.8,32,17.93170604343661,403.7940121798295,0.023902475913715356,0.29368646561041134,1.8071272220007581,1.7995073962092045,0.933
P8,1.8,33,21.039451503890604,398.47920574483794,-0.23002828631513733,0.05288941184144384,1.8063582117297954,1.7996040369326887,0.933
P8,1.8,34,24.420637501223556,397.7620558883131,0.0,0.0,1.8056793053512228,1.7996627566738441,0.933
P8,1.8,35,28.301844378483228,401.75044010266515,0.0,0.0,1.8049446554490922,1.799677474513945,0.933
P8,1.8,36,32.65823193331079,409.89262935312644,0.0,0.0,1.8042846772426253,1.7996633357361853,0.933
P8,1.8,37,37.52949450652995,421.2022874566615,0.38601555296227413,0.263112005310372,1.8037668034284935,1.7996695345168248,0.933
P8,1.8,38,43.359086976871524,435.15024511664495,0.24363775148703543,0.6000819026147161,1.8027506877009287,1.799356270637256,0.933
P8,1.8,39,50.2661883895957,451.6384008760173,0.054332920031562475,0.865086709055209,1.8018397229887797,1.79878031403786,0.933
P8,1.8,40,58.04064662767791,470.32061157040977,-0.13369078875013934,0.9541261918457645,1.8013986179574972,1.7988379772302985,0.933
P8,1.8,41,66.94144493884595,490.3874455179004,-0.24762043295214628,0.6217808755399988,1.801288881749182,1.7993561746722375,0.933
P8,1.8,42,77.07295796877486,510.81997358670986,0.0,0.0,1.801539775639526,1.7995688732505253,0.933
P8,1.8,43,88.24556493967523,530.6262114349582,0.0,0.0,1.8019179722847187,1.7995799802464147,0.933
P8,1.8,44,100.24104469486231,548.853033403229,0.0,0.0,1.8022040994628703,1.799607544887506,0.933
P8,1.8,45,112.92101590852546,564.5024249631182,0.0,0.0,1.8026119962181295,1.799562272609496,0.933
P8,1.8,46,125.97407123137901,576.3246747290686,0.0,0.0,1.8030759960555511,1.799359341647558,0.933
P8,1.8,47,138.67943484994373,582.6853193518432,0.0,0.0,1.8035282706441431,1.799325305271737,0.933
P8,1.8,48,150.32921728157893,581.7922164633144,0.0,0.0,1.8041483805111629,1.7993589603417914,0.933
P8,1.8,49,159.98982735603093,572.0235706629572,1.6861883999971907,4.017535862857114,1.8048927217302966,1.7994619913841354,0.933
P8,1.8,50,166.17476075494886,552.049320168563,-0.8972531967426098,43.63036867887523,1.805495799668773,1.799647125942009,0.933
P8,1.8,51,167.3539644869028,520.8437923099402,-6.743550293696963,112.08143621675363,1.8061599806361124,1.7995798447144573,0.933
P8,1.8,52,162.39870562615314,477.9337463695133,-17.49411969680281,211.41999556947619,1.8069723944626332,1.7993666576119438,0.933
P8,1.8,53,150.582680651843,424.2401936906018,-35.73981121372261,333.7751362246596,1.8077303930471864,1.7994073690755341,0.933
P8,1.8,54,131.85229039409901,362.58591800979934,-62.605663759689484,461.7199337704222,1.8080517405459622,1.7984462576123152,0.933
P8,1.8,55,108.21061033780613,297.08770426391527,-94.02854765717606,577.4835256569551,1.8077476333315137,1.7959011634736364,0.933
P8,1.8,56,83.71568631752037,232.6595592366873,-123.47760807227485,671.4859063707108,1.8066524406390259,1.792500542946389,0.933
P8,1.8,57,61.37049363608344,174.14797774817777,-147.22659453584097,742.774390319789,1.8042323447690563,1.785836388880249,0.933
P8,1.8,58,42.37573135568788,124.97461455342544,-164.7181665827627,796.3799378980955,1.800453688915694,1.7715462339004817,0.933
P8,1.8,59,27.7139585593655,86.6882116046603,-175.49347542486225,838.6980483325077,1.7961142756545374,1.7539523175015226,0.933
P8,1.8,60,17.56420255070789,59.2379173483173,-178.40572906787494,872.8623235991425,1.7913648266581892,1.7453122956562,0.933
P8,1.8,61,11.207366258142951,41.43075386034244,-174.47546041954934,898.8348134104768,1.787780207183942,1.7512474118799322,0.933
P8,1.8,62,7.625086508273494,31.016237551377547,-166.04173288631733,915.7762727225855,1.7878010477997122,1.767454535752107,0.933
P8,1.8,63,6.060470216009622,25.22182695498299,-154.46875503695156,922.8376968973402,1.7906107683921233,1.7854149168696591,0.933
P8,1.8,64,5.5970197847270216,21.95813885293804,-140.87241091628195,919.8145822379228,1.794536503796541,1.797048889099516,0.933
P8,1.8,65,5.013468696132007,20.131781506839275,-126.62637763828148,907.2285074568982,1.7981300289294375,1.8021277562157483,0.933
P8,1.8,66,4.104276003932142,19.034373137858342,-112.38570414492654,885.8597880648367,1.8002473362450795,1.804279347250553,0.933
P8,1.8,67,3.2894864413673486,18.011569860878165,-98.00595875275005,856.913240101916,1.8011842533543423,1.804904953887789,0.933
P8,1.8,68,2.5362219743813834,16.6614455899627,-83.94219580530476,821.9425880747085,1.8009297701287912,1.8056028456071278,0.933
P8,1.8,69,1.8096419670631372,15.161971604470521,-70.82187779187032,782.7153754458553,1.799997545358303,1.8073777569239184,0.933
P8,1.8,70,1.3680927146319437,13.858818872186824,-58.372983074841386,740.7981054651979,1.7991124828331864,1.8093342714188856,0.933
P8,1.8,71,1.294453879202443,12.84179237812945,-46.67576451637955,697.5448776864941,1.7986277153657608,1.8110155944501527,0.933
P8,1.8,72,1.243658568680642,11.964575638985298,-36.33763035035072,654.271542677311,1.798809769730777,1.8127631630868986,0.933
P8,1.8,73,1.1711122846118327,11.102667468507398,-27.315368584118236,612.0357589385164,1.798941713371136,1.813749640938506,0.933
P8,1.8,74,1.241862282495929,10.286987183319683,-19.102115948858124,571.759881045911,1.7987421319273438,1.813595137301459,0.933
P8,1.8,75,1.2691220010232338,9.618542672981247,-11.802908683416081,534.4694536770169,1.7988659701799865,1.813255518667431,0.933
P8,1.8,76,1.1619885426260788,9.134184350283903,-5.651234058842684,501.1173732978968,1.7991653231056552,1.812984011349354,0.933
P8,1.8,77,1.291933386429514,8.687110054893319,-0.31383939763589475,472.27948862373887,1.7993290022211343,1.8122422718713973,0.933
P8,1.8,78,1.6658026713963023,8.025926477254014,4.432093411559067,448.13433588592426,1.7996831480277304,1.8114114355778395,0.933
P8,1.8,79,1.8128758611001792,7.122058422873714,8.422253271033261,428.834056957017,1.7998820548571526,1.8106061580854083,0.933
P8,1.8,80,1.6472598514491437,6.197771852143672,11.879666123818001,414.65015091531563,1.7997685179964018,1.8094229353823483,0.933
P8,1.8,81,1.3614716835273353,5.3782116014855905,15.388508828476144,405.5901258929283,1.7997174322212606,1.8083927388297738,0.933
P8,1.8,82,1.0471955820868637,4.563999910136976,19.002404434537066,401.16547987422604,1.7995198983763376,1.8074974027930917,0.933
P8,1.8,83,0.7517149689813754,3.635022417231612,22.638903871862734,400.83083911383693,1.79933102591893,1.806142145484866,0.933
P8,1.8,84,0.6266026838904285,2.684509184809928,26.63933369081979,404.40948944663455,1.7995251126245488,1.8048355572652615,0.933
P8,1.8,85,0.6677055251330619,1.9804915578779811,31.164257380935716,411.858497750009,1.799484976291438,1.803965634216407,0.933
P8,1.8,86,0.5052962377728607,1.6741964974450698,36.06527706012312,422.8449428962749,1.7991828412829454,1.8030191376835012,0.933
P8,1.8,87,0.12413230740715911,1.6426310126449641,41.437899314556816,436.849649558501,1.7992137441517235,1.8020957806863276,0.933
P8,1.8,88,-0.1698653366852644,1.660814936068535,47.617611009245,453.4874647495376,1.7995107666163765,1.8015730451658913,0.933
P8,1.8,89,-0.3000666383214031,1.5866990642454177,54.60757444750449,472.47626429582715,1.7996459273371221,1.8012307999790929,0.933
P8,1.8,90,-0.33331465524458614,1.3245824811203621,62.36007304841841,493.40368228352565,1.7995150034662892,1.8008676417056004,0.933
P8,1.8,91,-0.2732859174968844,0.6765083015903177,71.2175710838509,515.6748607771019,1.7994808911758378,1.8007990803268512,0.933
P8,1.8,92,0.0,0.0,81.32492075875957,538.5124502005618,1.799493959862492,1.801258538732348,0.933
P8,1.8,93,0.0,0.0,92.43886345321745,560.8171307315469,1.7993222698712636,1.8017519373677167,0.933
P8,1.8,94,0.0,0.0,104.46042560125272,581.1824085883821,1.7991396193727365,1.8018448928764659,0.933
P8,1.8,95,0.0,0.0,117.33933320081488,598.0893457119228,1.7992296960176843,1.8021028591112995,0.933
P8,1.8,96,0.0,0.0,130.5816003867996,609.9988091133778,1.7993993315883916,1.8026787549472554,0.933
P8,1.8,97,0.0,0.0,143.46881574775912,615.2618570814096,1.7996023329089583,1.8030826376198597,0.933
P8,1.8,98,0.0,0.0,155.25618142707773,612.0164050426927,1.7997440296199885,1.803829271269672,0.933
P8,1.8,99,4.96321229672137,11.78331618211532,164.72151076786227,598.41851172593,1.7997756821132354,1.8052340249406296,0.933
P9,1.0,0,14.133081255985136,10.764201468641712,73.85804031627639,725.1006808949194,0.9997243220003865,1.0005004587747908,1.175
P9,1.0,1,24.597962026092056,36.93183241125061,79.93649500999193,715.5092995846977,0.9996878031636671,1.0003261108748862,1.175
P9,1.0,2,31.495943013987063,79.08581204208208,86.79423258826479,699.9275619236513,0.9995179934495525,1.0010361318416983,1.175
P9,1.0,3,27.804776745241497,138.38507550062553,93.33539259657867,676.7090028518963,0.9987865839923002,1.001969713213581,1.175
P9,1.0,4,13.383172435486923,215.8848980259019,99.06686994993716,644.5064203640653,0.9992901040386746,1.0027134511806033,1.175
P9,1.0,5,-8.019751769690407,309.73680465951793,103.57878439235196,602.3973300010351,1.0032263429344532,1.0033759736335905,1.175
P9,1.0,6,-33.685287092278394,410.39466493223046,105.51548654843657,549.7667206671387,1.005626370077881,1.0049341364302469,1.175
P9,1.0,7,-58.69647024251005,503.45836486106464,103.9875006120985,486.5392942952181,0.9983889625091612,1.0070128580751763,1.175
P9,1.0,8,-77.934445705833,577.8560698121084,98.30534658559407,414.4690282119424,0.9844080085019202,1.0082261570988718,1.175
P9,1.0,9,-90.50113973170957,630.1107248167109,87.62075208483179,337.18555407496956,0.9716077779857566,1.0081773254943138,1.175
P9,1.0,10,-96.8985968042163,663.226844587437,72.13436646649814,259.57543159651055,0.9642624704893116,1.0074966960798897,1.175
P9,1.0,11,-98.17621500020941,682.9907118292344,53.60791824252501,187.40033331550038,0.9652326570396095,1.007277257828749,1.175
P9,1.0,12,-96.8785824007917,695.4892030700673,34.79668505869709,125.57384915831258,0.9748937502125914,1.0069219252623671,1.175
P9,1.0,13,-93.9012934408076,705.3036933970465,19.088069924052355,76.34736259761256,0.9884947102399392,1.0055774009740652,1.175
P9,1.0,14,-89.48503444171504,714.5699435565546,8.120510509709593,39.98210431593611,0.9985524875767521,1.002891920542075,1.175
P9,1.0,15,-84.54489151123691,723.074977939419,1.6926778279111265,15.849953327260433,1.0029011588850347,0.999285847767768,1.175
P9,1.0,16,-78.83910153109252,728.911040711953,-1.0511837625450238,2.4639735736927446,1.0024480606954582,0.9962927068962117,1.175
P9,1.0,17,-72.10744176823549,729.4465633746261,0.0,0.0,1.0002316377337699,0.9955300769766553,1.175
P9,1.0,18,-65.18377550209247,723.2156733311813,0.0,0.0,0.998427755214378,0.997408966835364,1.175
P9,1.0,19,-58.17111683446237,711.1053637899413,0.0,0.0,0.9985574057296375,1.000749331964152,1.175
P9,1.0,20,-51.25098907300109,695.4931907821136,0.0,0.0,1.000009315020855,1.0027614957001152,1.175
P9,1.0,21,-44.87954281570097,678.6955790873881,0.0,0.0,1.0022965094346423,1.0021974260139273,1.175
P9,1.0,22,-38.76858580829736,662.9570037736827,0.0,0.0,1.004472538114579,1.0006890151801595,1.175
P9,1.0,23,-32.9883632751401,650.2990479618037,0.0,0.0,1.005700399392309,0.9993372574845288,1.175
P9,1.0,24,-27.789905617897574,641.4209522770433,0.13841695570305929,0.028846318564715652,1.0058035722205525,0.9984646508641498,1.175
P9,1.0,25,-22.84273801333762,635.8528706995264,0.11450774464844338,0.0007946144875996764,1.0051355465792238,0.9984813650343801,1.175
P9,1.0,26,-18.164377149226112,632.843570102565,0.0,0.0,1.0045355531235736,0.9994154089185271,1.175
P9,1.0,27,-13.88545383385675,631.8779482796599,0.0,0.0,1.0038702840859912,1.0002398192900572,1.175
P9,1.0,28,-9.717812194880315,632.6532529754501,0.0,0.0,1.0032250878119846,1.000468047026234,1.175
P9,1.0,29,-5.632290307807181,634.5092026447511,0.0,0.0,1.0026223203848894,0.9999820647925658,1.175
P9,1.0,30,-1.6826553296851927,636.9852137600594,0.0,0.0,1.0019664352633426,0.9992866159533755,1.175
P9,1.0,31,2.208858630934005,640.3614439879192,0.0,0.0,1.001700031078505,0.9993468494579282,1.175
P9,1.0,32,5.978948983490951,644.57415961648,0.0,0.0,1.0016373916034973,0.999574455643533,1.175
P9,1.0,33,9.5454987824222,649.1329870230993,0.0,0.0,1.0014527389806727,0.999788627919113,1.175
P9,1.0,34,13.02259745193556,654.0706386420901,0.0,0.0,1.00136895517359,0.9998875363501295,1.175
P9,1.0,35,16.461533047868027,659.6664209351917,0.0,0.0,1.001358266529198,0.999888835419281,1.175
P9,1.0,36,19.9598832867052,666.0508943588746,0.0,0.0,1.0010868123103578,0.999762046064491,1.175
P9,1.0,37,23.740224516841813,673.2689783390068,0.0,0.0,1.0008589485754742,0.9995034557063837,1.175
P9,1.0,38,27.937087890861772,681.1685914281085,0.055499642944465376,0.0259993643017372,1.0007255800995816,0.9994279262116003,1.175
P9,1.0,39,32.47001376780753,689.5422982058101,0.044913223420484705,0.08278890193270842,1.0007744207163114,0.9996479234652837,1.175
P9,1.0,40,37.23114282583237,698.0600366481762,-0.009877842613424797,0.1174581108400488,1.0007178430212593,0.9999828476067534,1.175
P9,1.0,41,42.0868133561298,706.0734574366223,-0.1512104326069676,0.053679220309906295,1.000502752453254,0.9998140877415672,1.175
P9,1.0,42,46.821143496989784,713.1337929594223,0.0,0.0,1.0005760393269443,0.9995077395258425,1.175
P9,1.0,43,51.323757915546096,719.2991353791297,0.0,0.0,1.0007834497995372,0.9993841055278029,1.175
P9,1.0,44,55.51950023994355,724.6240774610031,0.0,0.0,1.0008686060848668,0.9995880190458934,1.175
P9,1.0,45,59.46777181064012,729.0302937382163,0.0,0.0,1.0009708039661651,0.9996406896326988,1.175
P9,1.0,46,63.44282276775294,732.5971993965981,0.0,0.0,1.0014007992898983,0.9995234780874709,1.175
P9,1.0,47,67.66723604939135,735.2589039004242,0.0,0.0,1.0016484564019101,0.9997335149597354,1.175
P9,1.0,48,72.2229311784735,736.2335792312741,9.94530858734598,4.998393324809693,1.0014888565944537,0.9997408402671499,1.175
P9,1.0,49,77.35981607917397,734.1149160734855,18.516342191200547,20.397470968914913,1.0010064838068344,0.9997302106466562,1.175
P9,1.0,50,83.18542619267153,727.362911662573,26.15413129961855,47.02552004801523,1.0010664949880224,0.9993162692646415,1.175
P9,1.0,51,89.31126224623536,714.4973770411026,27.695173563353336,87.00397855229993,1.0017159270921037,0.9987581250579582,1.175
P9,1.0,52,95.36673703502767,694.0400132488616,20.340803549584876,142.2184742995406,1.002257417574155,0.999260906683412,1.175
P9,1.0,53,100.94016683264157,664.6275327628188,5.480263980579479,213.12529685183875,1.0028748635728384,1.0019773159072118,1.175
P9,1.0,54,105.08573839489095,625.316625965875,-13.89324873354382,295.7994015974139,1.0039807310076296,1.0046552950965175,1.175
P9,1.0,55,106.78608806574647,575.8442935942787,-34.682888381480986,380.5362028124308,1.0050715985156622,1.0025521806920301,1.175
P9,1.0,56,105.08994803272378,516.9143157998351,-53.49298580555452,455.43046399783105,1.0058686585591226,0.9936361955909434,1.175
P9,1.0,57,99.43654571364475,450.4337964737747,-67.71178623712144,512.2550377575168,1.0066124223168444,0.9812190929005814,1.175
P9,1.0,58,90.05064478292859,379.4162158944414,-76.67217037759673,549.8329762411936,1.0072340631564292,0.972369437930508,1.175
P9,1.0,59,77.64815116481246,307.72836941160585,-81.18544333837747,573.1305472629638,1.0075536089358812,0.9697138527091718,1.175
P9,1.0,60,63.376641962546444,239.34737488782838,-82.64053221092274,589.3249530093171,1.0074096071255443,0.9735117878908697,1.175
P9,1.0,61,48.579172115039555,177.27549999344427,-82.48674428343797,604.1033267701772,1.0063761395428328,0.9825311737848877,1.175
P9,1.0,62,34.56797638500276,123.44456483098425,-81.66587172317676,620.6256721198029,1.004816624755973,0.9932519960669767,1.175
P9,1.0,63,22.458272425188664,79.29892905778215,-80.26674942959306,639.9726606698086,1.0031243840182182,1.0006932494602143,1.175
P9,1.0,64,12.966321071539012,45.53158434485905,-78.26089020063269,661.0950366850311,1.0016150506664319,1.0025148671901043,1.175
P9,1.0,65,6.2232744856189655,21.795874140773737,-75.55542579992766,681.2828645658155,1.000362879751209,1.0007802681087217,1.175
P9,1.0,66,2.05065509583381,7.134041033914385,-71.94081854094874,697.8085581468376,0.9997086479667532,0.9981375187285382,1.175
P9,1.0,67,0.0,0.0,-67.5338771920284,709.0163229514964,0.9993848529521658,0.9966570013240716,1.175
P9,1.0,68,0.0,0.0,-62.59607510785225,714.462584503715,0.9992473849777371,0.995933170332872,1.175
P9,1.0,69,0.0,0.0,-57.26580975397752,714.8752256093384,0.9994569737877709,0.9969592801018688,1.175
P9,1.0,70,0.0,0.0,-51.75914546907017,711.423921790042,0.9995369756862255,0.9989830407555913,1.175
P9,1.0,71,0.0,0.0,-46.26044143596463,704.8986288255206,0.9997308067597916,1.000835809006534,1.175
P9,1.0,72,0.0,0.0,-40.853873131251156,696.0210554302392,1.0000101294550328,1.002265683085487,1.175
P9,1.0,73,0.005370313663784074,0.010066118738431879,-35.60675854815377,685.7060482378463,0.999984498390431,1.003365818482036,1.175
P9,1.0,74,0.03059573002205657,0.11181884097074242,-30.51190326760359,674.7241586287033,0.9997204143763948,1.0037388958860622,1.175
P9,1.0,75,0.027692309441942623,0.10925373487320644,-25.56974371149209,663.7477578621358,0.9995374525202382,1.0034564055505484,1.175
P9,1.0,76,0.016267992278531696,0.07147671703493713,-20.782511334175044,653.4015874914737,0.9992345773738814,1.0031272015260855,1.175
P9,1.0,77,0.0059307838213171135,0.033427598833599956,-16.111322946198126,644.0546298832176,0.9994007039843883,1.0029848747973042,1.175
P9,1.0,78,3.144610248553437e-05,0.006815930289214757,-11.591367662813271,636.0434745383934,0.9997628967898612,1.0035839942198344,1.175
P9,1.0,79,0.0,0.0,-7.278334572340605,629.9110964942286,0.9997829710689204,1.0040108717541636,1.175
P9,1.0,80,0.0,0.0,-3.090388738860592,626.11482893996,0.9998439390026115,1.0038128385680283,1.175
P9,1.0,81,0.0,0.0,1.0394890004686483,624.8390072560132,0.9996770890101082,1.0035159785449828,1.175
P9,1.0,82,0.0,0.0,5.16674231610255,626.176898699106,0.9994259356021481,1.0031838989519084,1.175
P9,1.0,83,0.0,0.0,9.356715044427107,629.9854226814269,0.9994360194415024,1.002679136338236,1.175
P9,1.0,84,0.0,0.0,13.57648250088225,635.7682483966661,0.9995789202139737,1.0021296982893322,1.175
P9,1.0,85,0.0,0.0,17.772373664925244,642.99801247383,0.9997626663105444,1.001759117970776,1.175
P9,1.0,86,0.0,0.0,21.950771612298766,651.2625878561568,1.0000166429175987,1.00170976058129,1.175
P9,1.0,87,0.025132046581104784,0.01794442778679132,26.120476703622238,660.1718063301939,1.0000574273786116,1.0017307527415666,1.175
P9,1.0,88,0.04461266904037852,0.06438858981630352,30.349919079350315,669.4343291864367,0.9996958594896027,1.001147363248828,1.175
P9,1.0,89,0.058683858951519896,0.137605768609989,34.69528706594841,678.9606168682465,0.9994154838219137,1.0005058269185105,1.175
P9,1.0,90,0.04396476094202471,0.21868646746422993,39.10828237822487,688.7168425992616,0.9993948573331464,1.0004603445093867,1.175
P9,1.0,91,-0.039563924650763437,0.24592796885633608,43.49523969625722,698.5330361801608,0.9997674397492425,1.0005096691536828,1.175
P9,1.0,92,-0.24201285789954535,0.09286891415464424,47.69845567962921,708.0307438572166,0.9998681233254977,1.000420805389503,1.175
P9,1.0,93,0.0,0.0,51.54021123932174,716.6014979930696,0.9996423361135269,1.000311147280753,1.175
P9,1.0,94,0.0,0.0,54.94248900096782,723.5731555258916,0.9995930118778926,1.0006171636008352,1.175
P9,1.0,95,0.0,0.0,58.026109669924715,728.520482789795,0.9996890064456524,1.0008069532969806,1.175
P9,1.0,96,0.0,0.0,61.11286443189544,731.3478117310243,0.9995784423321076,1.0004263509631683,1.175
P9,1.0,97,0.0,0.0,64.58140176909764,732.0430045400677,0.999391491940618,0.9998569483542936,1.175
P9,1.0,98,0.0,0.0,68.75884927142648,730.2823998975915,0.999620925621005,1.0000737714499188,1.175
P9,1.0,99,14.15054589768083,10.763099695923609,73.88265368960708,725.2540889553588,0.9997872186225315,1.000537481942788,1.175
P9,1.2,0,13.428760603991435,10.913711519286098,94.95796971708481,740.9482754226767,1.1996299843756915,1.1999626910380319,1.11
P9,1.2,1,23.85439292422907,42.582473530858486,102.65218145779275,730.5313993077008,1.199649370270918,1.200091285912332,1.11
P9,1.2,2,32.230382668846794,94.56341614012919,111.49829278158224,712.9550166537015,1.1997268222524777,1.200888623389922,1.11
P9,1.2,3,29.84295948589347,166.81233675686087,120.30818681220296,686.1500910973698,1.1995436795048082,1.20151709031853,1.11
P9,1.2,4,13.007366515802914,256.83629498414854,127.0919441396233,648.0927529637466,1.198815487688094,1.202501732803991,1.11
P9,1.2,5,-13.367311892279448,360.02735829894846,131.2616893650412,597.8994173357091,1.200046447572128,1.204245487246681,1.11
P9,1.2,6,-43.4077180175037,466.1888559752783,131.49703036836664,536.1132992321833,1.2044010517215744,1.2060663615979652,1.11
P9,1.2,7,-73.26019012901934,562.0742887932211,126.32791953942528,463.8943410124993,1.2049842449976702,1.207831838047951,1.11
P9,1.2,8,-97.34509166859704,638.8894045309873,115.22099511864573,384.34897178556963,1.1930671204809746,1.2096215504087613,1.11
P9,1.2,9,-113.13471020189,693.9648624161002,98.88418277121224,302.7624674447241,1.1734234782412778,1.2104532153071301,1.11
P9,1.2,10,-121.65058133976402,729.0954641889996,77.75860886502737,224.5436994387951,1.1583948369924024,1.2097267166857597,1.11
P9,1.2,11,-123.98925669227127,749.0272613944724,54.99356959632669,154.64599150230538,1.1539397585893716,1.2082274245579951,1.11
P9,1.2,12,-121.54409114926223,759.944507178213,34.295002391061466,97.34523685310033,1.1616562618672959,1.2068705455254418,1.11
P9,1.2,13,-116.96201268684503,766.4732256321386,18.13038795087919,54.3442206825415,1.176720734536891,1.2048521104134666,1.11
P9,1.2,14,-110.3512164965609,769.9008790559366,7.60539597136712,24.70558097795988,1.1920122075379092,1.2011160051987055,1.11
P9,1.2,15,-101.78401313127172,770.007040595179,2.094829682656729,6.7083006428613166,1.2018633737219862,1.196678931117514,1.11
P9,1.2,16,-92.60446348763212,766.1012782481037,0.0,0.0,1.205308825935917,1.1932995435984615,1.11
P9,1.2,17,-82.84955651198071,756.8140797817059,0.0,0.0,1.2042814763559848,1.1928806742027789,1.11
P9,1.2,18,-72.42420862435114,740.913199925678,0.0,0.0,1.201847309753852,1.1961311773496062,1.11
P9,1.2,19,-62.6467119898254,718.7600812146354,0.0,0.0,1.200326276724825,1.2002929900980335,1.11
P9,1.2,20,-53.577654612727734,692.5125034878944,0.0,0.0,1.2011269603090335,1.202516675019996,1.11
P9,1.2,21,-45.20074709260589,665.3351410639553,0.0,0.0,1.2038673289876287,1.2022561777713818,1.11
P9,1.2,22,-38.013485423342914,639.7878068255272,0.0,0.0,1.2068927051651896,1.200864101716017,1.11
P9,1.2,23,-31.640342329325673,617.5548433306445,0.0,0.0,1.2090253137543634,1.1996143120385947,1.11
P9,1.2,24,-25.63341875483384,600.0985080637533,0.0,0.0,1.2097018256459533,1.1987358095917071,1.11
P9,1.2,25,-20.47866138448217,588.2057388929422,0.0,0.0,1.208804023578035,1.1985395065467945,1.11
P9,1.2,26,-15.85595196327928,581.4532211414607,0.0,0.0,1.207314887391744,1.1990859552882136,1.11
P9,1.2,27,-11.463555675097162,578.7239239219924,0.0,0.0,1.206132415188536,1.1995650117230945,1.11
P9,1.2,28,-7.435431379782965,579.0329577988765,0.0,0.0,1.2054065624818033,1.1997479624970107,1.11
P9,1.2,29,-3.563076769773181,581.9214360092218,0.0,0.0,1.2045657163567032,1.1999618944634949,1.11
P9,1.2,30,0.44390155746597154,586.8270435183189,0.0,0.0,1.203568093601463,1.1998754300016032,1.11
P9,1.2,31,4.540638705883076,592.683399484105,0.0,0.0,1.2026784080245616,1.1996412666000433,1.11
P9,1.2,32,8.972595036525838,599.2837148492624,0.0,0.0,1.2018955688130235,1.1992487833247616,1.11
P9,1.2,33,13.668780245522047,607.2953330343785,0.0,0.0,1.2012876839763071,1.1991430117981234,1.11
P9,1.2,34,18.4025589599798,616.6031079113816,0.0,0.0,1.200909784413712,1.1995241286109206,1.11
P9,1.2,35,23.165199951176383,626.6054709368435,0.0,0.0,1.2007324330372615,1.1996302482887216,1.11
P9,1.2,36,27.93106947511845,637.4016786714164,0.0,0.0,1.2007921924490994,1.1995693377017707,1.11
P9,1.2,37,32.561498536257524,649.1585705830144,0.0,0.0,1.2008188563553952,1.1995659438699795,1.11
P9,1.2,38,37.14405084924113,661.5032184219149,0.0,0.0,1.2010854193382068,1.1995410794349923,1.11
P9,1.2,39,41.81808728157074,673.9219603845755,0.9399201654438257,0.11933183104401547,1.2016291489897926,1.1995724962002658,1.11
P9,1.2,40,46.78754202772191,685.9501774008462,0.7604664453328015,0.24359085756085416,1.2014638011898935,1.199354675084738,1.11
P9,1.2,41,52.08490224597524,697.3637010513897,0.4531452770091636,0.17502000861425346,1.2008673391496445,1.1991595655516707,1.11
P9,1.2,42,57.511585755467436,708.2417656741306,0.0,0.0,1.200565989227336,1.1995125561828501,1.11
P9,1.2,43,63.00532525364294,718.3309424841766,0.0,0.0,1.2004932014402327,1.1997331612466273,1.11
P9,1.2,44,68.57167521416665,727.0243713268201,0.0,0.0,1.2005556728731057,1.1996571666300786,1.11
P9,1.2,45,74.16309430351141,734.3571432791286,0.0,0.0,1.2007145417230893,1.1997377793399482,1.11
P9,1.2,46,80.01753798254659,740.8038934090449,0.0,0.0,1.201166069558451,1.199865458348074,1.11
P9,1.2,47,86.42638743734527,746.0497527719799,0.0,0.0,1.201461898046758,1.199839052448039,1.11
P9,1.2,48,93.54841254736672,748.7686256977064,10.909582635839461,6.312258049282789,1.2016133032879805,1.1993056110298543,1.11
P9,1.2,49,101.45132166748158,747.2302047044702,20.363694682707724,27.22244730557886,1.2021023826602015,1.1992971509057075,1.11
P9,1.2,50,109.8195215687446,739.4557028912117,29.227562990166962,63.23802766956833,1.202699438072346,1.1996718719955055,1.11
P9,1.2,51,117.76698947905108,723.1705472663857,30.733966780921907,116.06287654381549,1.203014423520409,1.1992131911143458,1.11
P9,1.2,52,124.39225887200105,696.1245156136426,20.18142589930783,185.82834331117957,1.20345162365233,1.1984238230065674,1.11
P9,1.2,53,129.09043433176663,656.98116790794,-0.5479078109257709,270.9935316160398,1.2041843508644618,1.199515173068547,1.11
P9,1.2,54,131.00852021129558,605.9993589436386,-26.3631693052529,365.5479757226968,1.205145460664405,1.2033450504795353,1.11
P9,1.2,55,129.04382672884452,544.451247715726,-53.3028216251668,457.832788957007,1.2062253831643128,1.2052948241652661,1.11
P9,1.2,56,122.38545748933852,474.16334704150046,-77.70932291339112,535.4414158054307,1.207085836822733,1.1987496835752205,1.11
P9,1.2,57,111.1860317837843,398.094632544967,-96.33912361277586,591.5900094631222,1.207512345639583,1.1840820964912546,1.11
P9,1.2,58,96.13334763547994,320.45453369159844,-108.4916671012908,627.578488533324,1.207534803803081,1.1682307791330464,1.11
P9,1.2,59,78.33521785189592,245.85315979534124,-115.06863930230139,650.3909721397968,1.2075452482600657,1.1591498457599023,1.11
P9,1.2,60,59.590561946520275,178.4400633735223,-117.21688687337564,667.7350803367402,1.207152458733971,1.1610056533470492,1.11
P9,1.2,61,41.83455756851267,120.86693173647429,-116.48232769321176,684.3204798217231,1.205911519975153,1.1717446247552525,1.11
P9,1.2,62,26.591344791667154,74.05153050188187,-113.93298311962994,701.5696170516404,1.203804246300176,1.186560367649067,1.11
P9,1.2,63,14.845808612800617,38.54612548664823,-109.82314394426284,719.0789254624741,1.2010916281586068,1.1990608298548444,1.11
P9,1.2,64,6.862203123654818,14.801912259350273,-104.50383284564275,734.942284565463,1.1987915987933178,1.2043868026753146,1.11
P9,1.2,65,2.275944362531388,1.6221747989500404,-98.30094917029018,746.1706605361811,1.1977769698920486,1.2035837326383805,1.11
P9,1.2,66,0.0,0.0,-91.19689910475498,750.6867107492587,1.1973997442787043,1.2001962486438102,1.11
P9,1.2,67,0.0,0.0,-83.53508762919265,748.2981159210881,1.197409042248034,1.1972906317618635,1.11
P9,1.2,68,0.0,0.0,-75.67282277510174,739.6998915989317,1.1980901803031812,1.1965528732785773,1.11
P9,1.2,69,0.0,0.0,-67.68223757469029,725.8585349861487,1.1991864517121762,1.1986014555131665,1.11
P9,1.2,70,0.0,0.0,-59.84242242647277,708.1357545143335,1.1998926485586479,1.2019772134225353,1.11
P9,1.2,71,0.0,0.0,-52.37761015956934,687.918978036632,1.1996727082796028,1.2045889301999169,1.11
P9,1.2,72,0.5120596627081854,0.06009789265346839,-45.229058065046345,666.475901368043,1.1993017008842255,1.2061030621308126,1.11
P9,1.2,73,0.4286141742082178,0.1599753599486209,-38.50242649704355,645.4132512001588,1.1991913505201275,1.2066905084856252,1.11
P9,1.2,74,0.32858822421892636,0.12033729403842063,-32.120886825685844,626.3141317333227,1.1991157289144017,1.206615680538018,1.11
P9,1.2,75,0.25498096344002974,0.026157174264608177,-25.9189595539366,609.9937802331382,1.199587906419838,1.2062856783868867,1.11
P9,1.2,76,0.0,0.0,-20.115027799833,596.7573596806279,1.2001545850525137,1.2059705368175513,1.11
P9,1.2,77,0.0,0.0,-14.737617176320551,586.6929167018446,1.200251464441089,1.2059492768481541,1.11
P9,1.2,78,0.0,0.0,-9.546013785017893,579.4428375125345,1.2000921515011627,1.2059241252399446,1.11
P9,1.2,79,0.0,0.0,-4.57593582226647,574.6868962380188,1.1997126821102009,1.2054869566063249,1.11
P9,1.2,80,0.0,0.0,0.25396699844701814,572.7429471473151,1.1996204266389006,1.2049443368476125,1.11
P9,1.2,81,0.0,0.0,5.181039632889854,573.932409975745,1.1996242858806152,1.2043438611674349,1.11
P9,1.2,82,0.0,0.0,10.195418290137336,578.0111362585901,1.199456309212446,1.2034213538795384,1.11
P9,1.2,83,0.0,0.0,15.26536962233632,584.6537107701158,1.199510980630939,1.2026901221224022,1.11
P9,1.2,84,0.0,0.0,20.42477043050382,593.6747639029453,1.199431722581955,1.2026275951652585,1.11
P9,1.2,85,0.0,0.0,25.529171862935947,604.5501208365852,1.1994235438630365,1.2024178865763266,1.11
P9,1.2,86,0.0,0.0,30.491784145940983,616.5349213852497,1.1995395640803965,1.2018145230215767,1.11
P9,1.2,87,0.0,0.0,35.341870002464226,629.260260961952,1.199544178943763,1.2015237027550485,1.11
P9,1.2,88,0.19126892952354402,0.07823675542946125,40.08596357815759,642.6066442478248,1.1997911062685036,1.2013712974474116,1.11
P9,1.2,89,0.18464230693157013,0.17525378242221212,44.85525483329546,656.3382398548939,1.1998633538777737,1.200861636469908,1.11
P9,1.2,90,0.1676028614364948,0.2505288666920515,49.78585461475349,670.350306644921,1.1996181032068014,1.2006764428984251,1.11
P9,1.2,91,0.09793365241841069,0.20591103278689646,54.85861803425964,684.737746468016,1.199657310450801,1.2009050309643814,1.11
P9,1.2,92,0.0,0.0,60.0023499446548,699.3077779754097,1.1996537869738024,1.200641544953774,1.11
P9,1.2,93,0.0,0.0,65.07811777501942,713.4267892104413,1.1997112060774069,1.2000920291965842,1.11
P9,1.2,94,0.0,0.0,69.91737549498177,726.1946002167047,1.1997643309288086,1.2002613537020281,1.11
P9,1.2,95,0.0,0.0,74.43926002507376,736.510178756522,1.1995037662169237,1.2007272780606986,1.11
P9,1.2,96,0.0,0.0,78.7623905930042,743.4473168369457,1.1994324769631066,1.2004528830696917,1.11
P9,1.2,97,0.0,0.0,83.30713409848998,746.6818738673012,1.1993763570773492,1.200130062557898,1.11
P9,1.2,98,0.0,0.0,88.63795503118833,746.1493309338454,1.1993218505857912,1.20013729369574,1.11
P9,1.2,99,13.445418843998084,10.902501670408366,95.10371010706719,741.2914125729363,1.1995501935377677,1.2000254384118816,1.11
P9,1.4,0,11.73395310049635,11.252965342973514,123.27605052126167,761.054179909075,1.3990281002051437,1.4010584356367064,1.051
P9,1.4,1,19.659124355621643,48.55128183146991,133.29697164611488,746.149646477696,1.3993983660640785,1.401441172189141,1.051
P9,1.4,2,26.015618835186284,110.18696683237256,143.78365637668267,722.019908548601,1.3996458273608106,1.4016968316190133,1.051
P9,1.4,3,22.907327601068605,196.0967721186163,153.23529441575405,686.6061222339229,1.3993495091667074,1.4028617681160565,1.051
P9,1.4,4,4.5796160967016695,301.04931456821805,158.8657465351996,638.3784223275187,1.3986600945768366,1.4052357363834551,1.051
P9,1.4,5,-25.33437348413112,416.552958167057,159.35802823203818,577.0788559441756,1.39833059518576,1.4070934600962695,1.051
P9,1.4,6,-58.70741558600684,530.4310818338444,153.9230431626929,504.42408768930756,1.4009044474328511,1.4080847152125604,1.051
P9,1.4,7,-90.75060978963096,629.6886822048599,141.49091991500234,423.34860913338946,1.403530246038847,1.4095928700274456,1.051
P9,1.4,8,-117.40163216580437,707.2832405916818,121.90985160342922,338.2306554126748,1.394936397543108,1.4114403837558434,1.051
P9,1.4,9,-135.30876284287675,762.4071060407509,97.85825701116079,255.29670068010205,1.3726165183657912,1.4116804165207921,1.051
P9,1.4,10,-144.61132256949227,797.47678559461,72.10765075814251,180.59404945372333,1.3523836248970547,1.410159792822553,1.051
P9,1.4,11,-146.91362073718835,816.5118825388305,47.54456183900557,117.82432053967345,1.3456289495934897,1.4072876737731075,1.051
P9,1.4,12,-143.388302679822,824.5109373889097,28.174364812455856,68.73392474725513,1.354641632393116,1.4034363779373484,1.051
P9,1.4,13,-135.9191770310647,826.1006449653062,14.986801780814412,34.08403914402959,1.3724560494172622,1.3991404829797738,1.051
P9,1.4,14,-126.75447161500297,823.1129489458787,7.006950804994017,12.733713243913337,1.3895320861541196,1.3954225352783127,1.051
P9,1.4,15,-115.4032217409342,814.8682351101215,3.1779057315867663,1.8086923702071394,1.4019729776242817,1.3926995469941206,1.051
P9,1.4,16,-102.52437800480003,800.6346681277583,0.0,0.0,1.4072139206889218,1.3916755864138708,1.051
P9,1.4,17,-89.8648210705082,780.4452755112947,0.0,0.0,1.406914080609738,1.3937688563623294,1.051
P9,1.4,18,-77.75796737168096,754.4854482766499,0.0,0.0,1.404824701081656,1.3980861637124704,1.051
P9,1.4,19,-65.86245178042343,723.3904573707304,3.584275337594688,0.14089853112621595,1.4038401035581975,1.4020393411221308,1.051
P9,1.4,20,-55.50627384538436,688.8647228317924,3.8480306861339737,0.9184537613036559,1.4045005240311828,1.402902262163378,1.051
P9,1.4,21,-46.63630131932166,653.2759041235224,3.9420969998141886,1.2066841742988967,1.406398014807684,1.4014423685997959,1.051
P9,1.4,22,-38.72613768290299,619.4898489780794,4.04345656220369,1.1520408165266698,1.4093489489934674,1.3995867594987654,1.051
P9,1.4,23,-32.08341424656383,589.744594821949,3.6416795795180787,0.8294859020054217,1.4119686503378683,1.3982477878979431,1.051
P9,1.4,24,-26.53511280559398,564.9673736475063,3.0329828768277585,0.3969673479278104,1.4124033398097418,1.398695980790859,1.051
P9,1.4,25,-21.188001385609468,545.621928339554,0.0,0.0,1.4112050423211622,1.4001150103125057,1.051
P9,1.4,26,-16.522930300357533,532.3513973521684,0.0,0.0,1.409262531038826,1.4003183874943055,1.051
P9,1.4,27,-12.534706943868741,525.2360182714788,0.0,0.0,1.4075842333179127,1.3992685685978612,1.051
P9,1.4,28,-8.477809793643099,523.120698494063,0.0,0.0,1.4064567637990941,1.3987834579869607,1.051
P9,1.4,29,-4.341492575806716,524.4751299948828,0.0,0.0,1.4057883921692569,1.3993880379919426,1.051
P9,1.4,30,-0.33426592731867216,528.6107542248462,0.0,0.0,1.4049750771290717,1.3999080642031885,1.051
P9,1.4,31,4.123841007385375,535.642586170727,0.0,0.0,1.4034377988541853,1.3996610356174979,1.051
P9,1.4,32,9.04041002836292,545.1048117974301,0.0,0.0,1.4021496459752987,1.3993834431394243,1.051
P9,1.4,33,14.15643058255981,556.106748440321,0.0,0.0,1.4017893715109815,1.3995483498087842,1.051
P9,1.4,34,19.814154048284433,568.945953585395,0.0,0.0,1.401442136776222,1.3995393389187585,1.051
P9,1.4,35,25.7434556521418,584.4670060558462,0.0,0.0,1.4007286746941616,1.399828713722395,1.051
P9,1.4,36,31.57639900213303,602.2962146285901,0.0,0.0,1.4005988834363887,1.4004940623073645,1.051
P9,1.4,37,37.420245835273356,621.2763174273655,2.574555093552847,0.462429984311757,1.4010071349361852,1.4000189092744428,1.051
P9,1.4,38,43.43097631798296,640.844699867515,2.3328310440694624,1.0181343746455755,1.401147435256415,1.3986300968845988,1.051
P9,1.4,39,49.4682670148254,660.7132969079556,2.1645661543931647,1.5519155714938684,1.4015664936539851,1.3987621319262429,1.051
P9,1.4,40,55.84629108916949,680.2687329795361,2.095651029553811,1.9328594030370827,1.4016383173018785,1.399948082424429,1.051
P9,1.4,41,62.66726513369014,698.867002829157,1.9787843740551845,1.9918384980233095,1.4007906875222995,1.4002886652543256,1.051
P9,1.4,42,69.80742910785507,715.9152283065328,1.5692642549403735,1.5282585356445186,1.399839672426272,1.3997810782811366,1.051
P9,1.4,43,77.34995720531646,730.9267335925198,1.075986740467195,0.2854091416381336,1.3997894796011905,1.3991192670136596,1.051
P9,1.4,44,85.2488877275484,743.7788711550712,0.0,0.0,1.4004496677274956,1.398850144160001,1.051
P9,1.4,45,93.2376196866291,754.3458799974603,0.0,0.0,1.400855900955318,1.3993151969511126,1.051
P9,1.4,46,101.5078251679793,761.778400110975,0.0,0.0,1.4010692326473624,1.3997723056954063,1.051
P9,1.4,47,110.2203192726625,765.0721659663756,0.0,0.0,1.401638738933968,1.3997398332452629,1.051
P9,1.4,48,119.2472487868258,763.6285822610706,13.159769801835155,8.3851553457668,1.4026037970216454,1.3991956418548177,1.051
P9,1.4,49,128.37273792660892,756.325135718147,21.79496645382479,34.08117912560173,1.4036655625518266,1.398891317075424,1.051
P9,1.4,50,137.28786399912516,740.8938862931288,29.966427472238003,79.02227028485314,1.4045681782363888,1.399667766118456,1.051
P9,1.4,51,145.1794746962466,715.003808524266,30.43208979757428,145.25704505293834,1.4049437809619583,1.4005050663658483,1.051
P9,1.4,52,150.54509737622442,677.3630946992129,16.815909489618303,231.42307936498642,1.4048035468014333,1.399521021435845,1.051
P9,1.4,53,152.34568974953862,627.7337247049621,-9.576434507153321,333.0831907094027,1.40529016662036,1.3983618986724669,1.051
P9,1.4,54,150.12245952172051,566.9639583393085,-41.81233984869913,441.22529404605274,1.4067015030447574,1.4009037377177156,1.051
P9,1.4,55,143.21393248766637,496.80555923793696,-74.29705920048082,541.7281459243627,1.4078937531381512,1.4048262605252493,1.051
P9,1.4,56,130.92511734979388,419.9240125890013,-103.6627773466591,621.8676106494192,1.4080685882211454,1.4009392031763248,1.051
P9,1.4,57,114.11766001420092,340.40156668083335,-126.05135170840128,676.9222457654629,1.40802682357367,1.3843870421793574,1.051
P9,1.4,58,94.61737739229501,263.07042737955396,-140.17750919204218,710.7475425624901,1.4079642347521155,1.3624208714989463,1.051
P9,1.4,59,73.42908625125571,192.18312866001077,-147.75799049977937,731.9807271813114,1.4073769455042604,1.3473190739734884,1.051
P9,1.4,60,52.88901236897521,130.86107071814345,-149.9779082719532,748.7854867821941,1.406318682220751,1.3477947251776807,1.051
P9,1.4,61,35.54883417101161,81.44391615744713,-147.66670102946284,765.2611220119771,1.4040618177048765,1.3627987167538569,1.051
P9,1.4,62,22.128400200468807,44.779743449004556,-142.62744893793857,781.1226030664208,1.4006607790639942,1.3829900376928674,1.051
P9,1.4,63,12.349959894236603,20.100625357944928,-135.58228392684046,794.2341608814467,1.3973085315166398,1.400128316907468,1.051
P9,1.4,64,6.150019527429953,5.773872082031297,-126.5622521017124,802.4298330615327,1.3952206370656928,1.4076537404337521,1.051
P9,1.4,65,0.0,0.0,-116.59845624096074,803.5533668279031,1.3948111901639946,1.4070611610244022,1.051
P9,1.4,66,0.0,0.0,-106.44180757208095,796.0436668484052,1.395448653403811,1.4028955949463495,1.051
P9,1.4,67,0.0,0.0,-95.64722020031773,780.0804090809288,1.3968020803615209,1.3989261031412374,1.051
P9,1.4,68,0.0,0.0,-84.68547252534977,757.213246822051,1.3983745053142058,1.3985716214763193,1.051
P9,1.4,69,0.0,0.0,-74.28924976140974,728.7340403886947,1.3993596215124655,1.4004533741777165,1.051
P9,1.4,70,3.2177016655042663,0.719349085185171,-64.2748080826686,695.9526041718767,1.3997434819121684,1.4038748044009304,1.051
P9,1.4,71,3.343066893175068,1.010939257073586,-54.74144003522758,661.1739848509551,1.400199510373856,1.4082507674945934,1.051
P9,1.4,72,2.926223324263604,0.9433411778562527,-46.075996640077534,626.8551563732516,1.400116495507299,1.4112228766535213,1.051
P9,1.4,73,2.367948523938868,0.6885739991157893,-38.019701449247314,594.7981452002862,1.3990725324067268,1.4112611386369305,1.051
P9,1.4,74,1.9483523898444222,0.3414313081130931,-30.544340726525945,566.7363857159426,1.3987755373538313,1.4094082527058867,1.051
P9,1.4,75,0.0,0.0,-23.95801970701291,544.2116667301075,1.3995352203044116,1.408544283242676,1.051
P9,1.4,76,0.0,0.0,-17.84970705829165,527.5618417543678,1.400072107661489,1.408857996681056,1.051
P9,1.4,77,0.0,0.0,-12.143675086883071,516.324231968427,1.3995152816945988,1.4091447177542822,1.051
P9,1.4,78,0.0,0.0,-7.134252489372144,510.11028755053604,1.3990039668376588,1.4087240041186366,1.051
P9,1.4,79,0.0,0.0,-2.3061510620256374,508.23524719356493,1.3994082659153144,1.407551648991864,1.051
P9,1.4,80,0.0,0.0,2.737991800730353,509.72580790626085,1.3999243581908107,1.405999810473894,1.051
P9,1.4,81,0.0,0.0,7.678987535814429,514.3497961387103,1.4000074661909339,1.4045694491395482,1.051
P9,1.4,82,0.0,0.0,12.785107720609489,522.5418444839873,1.3998472558323254,1.4039242595791575,1.051
P9,1.4,83,0.0,0.0,18.465285120603106,534.2670577815135,1.3996673246103166,1.4031828691698343,1.051
P9,1.4,84,0.0,0.0,24.4091881492124,549.0240458064671,1.399185106474617,1.401753482012128,1.051
P9,1.4,85,0.0,0.0,30.41569377946581,566.534753236716,1.3993756872282759,1.400964418631548,1.051
P9,1.4,86,0.0,0.0,36.589310677461604,586.4700457784844,1.4002711037865663,1.4013248538888172,1.051
P9,1.4,87,0.0,0.0,42.63022966039353,607.8971134551457,1.4002887276419076,1.4017329123036497,1.051
P9,1.4,88,0.7726369568631054,0.10292368318698236,48.51487710759225,629.7797298051748,1.3993546516204927,1.4021292625868418,1.051
P9,1.4,89,0.6310411446389494,0.2512764347330574,54.55840926141089,651.6313186822279,1.398998081335387,1.4018402238022134,1.051
P9,1.4,90,0.4549760509585792,0.35098925119480756,60.66130445774625,673.1920413624163,1.3994599704544353,1.4002415988189918,1.051
P9,1.4,91,0.21441442283680742,0.2593500551743245,66.75088259193859,693.9739337582664,1.3996928472402896,1.3993322295491757,1.051
P9,1.4,92,0.0,0.0,73.15720776215845,713.4588690711329,1.399841547439589,1.3996318487694606,1.051
P9,1.4,93,0.0,0.0,79.76006985551312,731.2499956951146,1.39969275708553,1.4001344922286698,1.051
P9,1.4,94,0.0,0.0,86.24388217928093,746.7006830187718,1.3992398786455937,1.3998251453556005,1.051
P9,1.4,95,0.0,0.0,92.76442532485673,758.8499209114385,1.3993531761421838,1.399146128136809,1.051
P9,1.4,96,0.0,0.0,99.50935466868353,766.9493966005124,1.3998305469777477,1.3993096407570975,1.051
P9,1.4,97,0.0,0.0,106.58625314851123,770.5303356090656,1.399968526679031,1.4002076409535342,1.051
P9,1.4,98,0.0,0.0,114.45023937864714,768.9923658555562,1.3993389186673082,1.4007940581083047,1.051
P9,1.4,99,11.703199405150746,11.246380893478243,123.4726199273171,761.3804032004753,1.3988618430790694,1.4008972744088595,1.051
P9,1.6,0,10.462729108691398,11.494630632139913,153.37434060786777,795.6984780306556,1.5997638180213845,1.602300751110437,0.988
P9,1.6,1,15.838917133082049,54.9214416561964,164.10416652690685,770.0396266598522,1.599483341414285,1.6032046232313202,0.988
P9,1.6,2,19.231526645195853,126.58099299154233,173.2229003350524,732.0692198571811,1.599325251920359,1.6038731384846534,0.988
P9,1.6,3,14.0836921290744,226.7123073924125,179.31168293640005,680.8003435474099,1.599455421159756,1.60497046753533,0.988
P9,1.6,4,-6.306872551924099,348.34260794588744,179.6668219482311,616.0844791432872,1.5992627794852192,1.606560793281175,0.988
P9,1.6,5,-40.19178422061841,479.96208320180676,172.33311974987632,539.3897989291146,1.5982106873811979,1.608463585673553,0.988
P9,1.6,6,-78.4238123369981,607.8499504252028,157.73189940564782,454.3412173643215,1.5980339928895881,1.610269131706953,0.988
P9,1.6,7,-113.76653707228883,717.8022313640314,136.66765411314225,365.6962637470416,1.600292003072205,1.6114592980482103,0.988
P9,1.6,8,-142.7167494558855,801.0673736211903,110.20712676319415,278.4615711931678,1.5991379318278112,1.6118538331651893,0.988
P9,1.6,9,-161.80253467120943,856.6364833542536,81.65902687048774,198.38041765080146,1.5855741442550029,1.6118820560263385,0.988
P9,1.6,10,-170.08403691240977,888.3993619258333,55.58483800266303,130.60297679188875,1.560922268004009,1.6106983446804952,0.988
P9,1.6,11,-169.271523920628,901.6428787885274,33.599400567857444,77.36946811229583,1.5402254106425206,1.6067196600653686,0.988
P9,1.6,12,-162.27506594600464,901.5039777987679,17.250571030911754,38.21938679754816,1.536672806297627,1.6006870641212934,0.988
P9,1.6,13,-150.56428346917744,892.7306572617968,7.0642777679085995,12.385107471274745,1.5503729472753016,1.5947058891770107,0.988
P9,1.6,14,-136.42335765220218,878.5000834465201,0.0,0.0,1.5734954894263706,1.5907571102668978,0.988
P9,1.6,15,-121.76289583794147,858.9157196707251,0.0,0.0,1.5954923551993967,1.5896272408002847,0.988
P9,1.6,16,-106.5254490167201,832.5513536284947,0.0,0.0,1.6097551809999984,1.5914084385266345,0.988
P9,1.6,17,-91.37565209891027,799.4852208775774,0.0,0.0,1.6154479799322856,1.5953196806640288,0.988
P9,1.6,18,-77.44374244796863,761.4889755566841,0.0,0.0,1.614332704307161,1.5989390960765948,0.988
P9,1.6,19,-64.78729657061463,720.0789970128512,0.0,0.0,1.6105929186568764,1.6010794565935407,0.988
P9,1.6,20,-52.8768926413822,676.5992738812445,0.0,0.0,1.6078507606128323,1.6020217500052447,0.988
P9,1.6,21,-42.65103708282161,633.3568339542941,0.0,0.0,1.607449603753061,1.6013159962672634,0.988
P9,1.6,22,-34.31688845237482,592.8341592662994,0.0,0.0,1.6093100782855914,1.5994894028783837,0.988
P9,1.6,23,-27.229489118732292,557.0046103222651,0.0,0.0,1.6119741680655482,1.5984032564460209,0.988
P9,1.6,24,-21.39724431489449,527.0804456889605,0.0,0.0,1.6139443535047608,1.598683405504877,0.988
P9,1.6,25,-17.002595444515023,503.51412514669664,0.0,0.0,1.614610494747072,1.599372598782079,0.988
P9,1.6,26,-13.335660516437377,486.55003212200813,0.0,0.0,1.6136218997568872,1.5996433823452425,0.988
P9,1.6,27,-9.962917755927833,476.4580238202996,0.0,0.0,1.6114318553175957,1.5997245028473512,0.988
P9,1.6,28,-7.024691412994829,473.0925622797447,0.0,0.0,1.608923075202324,1.5997527418153699,0.988
P9,1.6,29,-4.036924368900914,475.48684646929325,0.0,0.0,1.6067991570745621,1.5996813346049084,0.988
P9,1.6,30,-0.6906675171762455,482.43341550012485,0.0,0.0,1.6052954365961272,1.5997509872424165,0.988
P9,1.6,31,3.019645037654448,493.1007553554734,0.0,0.0,1.6037544264975894,1.5996841434007623,0.988
P9,1.6,32,7.153437467791917,507.0530889872634,0.0,0.0,1.6024611018147696,1.5991555886491482,0.988
P9,1.6,33,11.986890254070287,523.9708004004711,0.0,0.0,1.6017006495816788,1.5988566638134527,0.988
P9,1.6,34,17.238046234820015,543.2347193352566,0.0,0.0,1.601136427853025,1.599261580844718,0.988
P9,1.6,35,22.828632201100593,564.2924784847806,0.0,0.0,1.600456636431102,1.5996842976393433,0.988
P9,1.6,36,29.064421575100777,587.2259323026798,0.0,0.0,1.5998631290027558,1.5996189986957559,0.988
P9,1.6,37,35.71898743473387,612.0878093318858,0.0,0.0,1.599683138055648,1.5995636778749829,0.988
P9,1.6,38,42.681952056558536,638.0538085579705,0.0,0.0,1.599737186435587,1.5996508123784472,0.988
P9,1.6,39,50.342371458014306,664.0084684795211,0.0,0.0,1.5998814267513821,1.5994760515861222,0.988
P9,1.6,40,58.96303709952975,689.5567926265938,0.0,0.0,1.5998893375251342,1.5995463322556072,0.988
P9,1.6,41,68.36177082485808,714.52115314182,0.0,0.0,1.5995671553207162,1.5996887230585288,0.988
P9,1.6,42,78.64102687252894,737.9765706560074,0.0,0.0,1.5994773733937016,1.5993120969374734,0.988
P9,1.6,43,89.77028958703188,758.5298664249593,0.0,0.0,1.5999233963446684,1.5990121246583535,0.988
P9,1.6,44,101.3103869778828,775.0125828467515,0.0,0.0,1.600610660110404,1.5993220794515408,0.988
P9,1.6,45,113.02458074811598,786.4454665304712,0.0,0.0,1.6014532756273276,1.599727696581377,0.988
P9,1.6,46,124.78947842155652,791.7569323570328,0.0,0.0,1.6021558891880356,1.5996551470605331,0.988
P9,1.6,47,136.0890915843046,790.0047513318445,0.0,0.0,1.6029048032288855,1.5993254989740657,0.988
P9,1.6,48,146.52229945988722,780.3965720166829,0.0,0.0,1.6039677595246424,1.5993241914924035,0.988
P9,1.6,49,156.05417526931146,761.8878679601806,13.454126272128747,20.4008119317356,1.6050746675350014,1.599597622112984,0.988
P9,1.6,50,164.10650397424826,733.4430724347363,18.24406826692254,66.35742062457444,1.6061907150006427,1.5997377514581854,0.988
P9,1.6,51,169.6966692424057,694.5635493065508,18.56348285950477,139.58014043752146,1.6072072147654664,1.5996900023758385,0.988
P9,1.6,52,171.86489720422452,645.161123991561,8.1331317107902,239.7256893307376,1.6076457982540693,1.5993098448297078,0.988
P9,1.6,53,169.33099114693468,585.2985170510116,-16.730480374879733,359.48519329260085,1.6079750222397136,1.5982518795771032,0.988
P9,1.6,54,161.38320433082458,515.9216704693249,-52.59583761005144,486.11086018428415,1.6084011446948718,1.597819613779161,0.988
P9,1.6,55,148.3352297410624,439.6401881065625,-91.04925822757984,604.0942741647316,1.6086909115616346,1.5998865864056133,0.988
P9,1.6,56,130.63009083850582,359.97316139616544,-125.96137518270848,699.978895472901,1.6087496693557282,1.601436751718446,0.988
P9,1.6,57,108.68766918262965,280.8100831632157,-154.40612859032746,768.3159027896356,1.608807326021172,1.5953257567211105,0.988
P9,1.6,58,84.92013042974136,206.47765584557482,-173.93566197001354,812.7317108270817,1.6086988300621432,1.5784989501608961,0.988
P9,1.6,59,62.23336076416134,141.16064156857234,-183.98044617829459,841.6492392435841,1.6076340996875889,1.554487774349588,0.988
P9,1.6,60,41.75958559145428,87.56994133654857,-186.12686470900303,862.5699158465089,1.605411993927045,1.5370968881344298,0.988
P9,1.6,61,24.95986635565239,46.54134205332014,-181.95614170700554,878.8747497924196,1.602027403237338,1.5394501958233746,0.988
P9,1.6,62,13.082009940669899,18.13717662666165,-172.54509103902527,890.490382953299,1.598078778482481,1.5567492984201787,0.988
P9,1.6,63,5.724883683766182,1.5559921682758597,-160.23893578139152,895.8418652861542,1.5946194437811536,1.580466996843516,0.988
P9,1.6,64,0.0,0.0,-146.77925773828898,893.1139967706214,1.5930115773794165,1.6007317026306653,0.988
P9,1.6,65,0.0,0.0,-132.28917808400416,881.0172163379676,1.5930556081732723,1.6099056591338192,0.988
P9,1.6,66,0.0,0.0,-117.53154692703853,859.2781615263597,1.5941521920598853,1.6104397163646231,0.988
P9,1.6,67,0.0,0.0,-103.65445736495123,828.5377337669693,1.5958771913365672,1.6069049496449317,0.988
P9,1.6,68,0.0,0.0,-90.24448055028654,790.1025685460419,1.5977076459763633,1.6038899609184507,0.988
P9,1.6,69,0.0,0.0,-77.05887216390899,745.9787424152062,1.59914228820577,1.6039056660920565,0.988
P9,1.6,70,0.0,0.0,-65.09198728532067,698.6472731431427,1.599813471555631,1.6064466437169138,0.988
P9,1.6,71,0.0,0.0,-54.37432403397427,650.6155690917641,1.6000710962047187,1.6102325162552182,0.988
P9,1.6,72,0.0,0.0,-44.39050585333779,604.2712077452195,1.6001404468926983,1.6134649840634954,0.988
P9,1.6,73,0.0,0.0,-35.48983241762254,561.8175749449249,1.6000322274023628,1.614633761044864,0.988
P9,1.6,74,0.0,0.0,-27.911987822173575,525.0061309031623,1.599857864761519,1.6148195504010072,0.988
P9,1.6,75,0.0,0.0,-21.061752750508,494.9728944796618,1.5996727946061142,1.6146477318926264,0.988
P9,1.6,76,0.0,0.0,-14.980600502954337,472.2473954600434,1.5995486823452216,1.6137766205332758,0.988
P9,1.6,77,0.0,0.0,-9.98621826064126,456.7134119428144,1.5993888112473729,1.6123306710813083,0.988
P9,1.6,78,0.0,0.0,-5.481379316923832,447.7305627633694,1.5993545820216166,1.6110620752545342,0.988
P9,1.6,79,0.0,0.0,-1.1095444878613407,444.42740460714487,1.5994428826521438,1.6099929934837953,0.988
P9,1.6,80,0.0,0.0,2.8870437296859093,445.9568831360703,1.5994641053569976,1.608401842309598,0.988
P9,1.6,81,0.0,0.0,6.958985355300728,451.69834678077353,1.5994478755791963,1.6065162302068368,0.988
P9,1.6,82,0.0,0.0,11.724319594010899,461.3974901251613,1.5992706813954216,1.6046079464049878,0.988
P9,1.6,83,0.0,0.0,16.882618062001313,475.2099414009755,1.5993095699947786,1.6030348824554614,0.988
P9,1.6,84,0.0,0.0,22.25971685489611,493.5177455118215,1.5997474293213356,1.601869736195834,0.988
P9,1.6,85,0.0,0.0,28.224040720940316,516.4463586667055,1.6001109794579598,1.601232493274703,0.988
P9,1.6,86,0.0,0.0,34.682446030540575,543.489819331311,1.5999635809635313,1.600730349909127,0.988
P9,1.6,87,0.0,0.0,41.2645192625943,573.6445338339524,1.5994868497286683,1.6002647246299415,0.988
P9,1.6,88,0.0,0.0,48.1385008860978,605.8174559921039,1.599421620929642,1.600220130088545,0.988
P9,1.6,89,0.0,0.0,55.45106318813785,638.9298657309403,1.5996070831273823,1.6005257673759774,0.988
P9,1.6,90,0.0,0.0,63.10103847068548,671.8711631047549,1.5993707789223217,1.600439405347303,0.988
P9,1.6,91,0.0,0.0,71.33321893499576,703.6663883063866,1.5992271055791936,1.5998628982864376,0.988
P9,1.6,92,0.0,0.0,80.31004144724606,733.5159863566577,1.5993148081548665,1.5989471307264005,0.988
P9,1.6,93,0.0,0.0,89.7087743108337,760.4971034537311,1.5994222982912332,1.5982394290289053,0.988
P9,1.6,94,0.0,0.0,99.45140463493026,783.3457011301887,1.5996827204610393,1.598121929063353,0.988
P9,1.6,95,0.0,0.0,109.71055080871632,800.7136512896295,1.599926865951136,1.5986611467989342,0.988
P9,1.6,96,0.0,0.0,120.29307852819036,811.5737255685156,1.5998414330976152,1.5995325695850433,0.988
P9,1.6,97,0.0,0.0,131.0132044446952,815.0965264232677,1.5995164608770143,1.6000670628312195,0.988
P9,1.6,98,0.0,0.0,142.06960711970652,810.2289560332472,1.5995394939859808,1.6007733874405576,0.988
P9,1.6,99,10.48440558116761,11.505970179793822,153.35930991431997,795.6406633809418,1.5997776071968692,1.6019050331353182,0.988
P9,1.8,0,10.515768299765751,11.721333789100834,186.34243747705486,817.2933395667775,1.7989109571319557,1.803582942352433,0.943
P9,1.8,1,12.293938907991707,60.89625254640495,195.37722994895816,781.9331746943836,1.7995529422691199,1.8045113650522455,0.943
P9,1.8,2,11.69198504624593,141.25983973384248,201.39178708764385,733.0163115130923,1.8001058518599642,1.8060971140867195,0.943
P9,1.8,3,3.674484215998461,253.20401057994584,202.53965402956837,670.5636725795102,1.800352091278787,1.8080230890947213,0.943
P9,1.8,4,-18.526641584770275,388.2822593094176,196.70275815508305,596.1387255819503,1.8000345862734541,1.8097650766568676,0.943
P9,1.8,5,-54.84500336396872,532.0694843908246,182.59806072092334,512.2007527495044,1.798485981594751,1.811048432024489,0.943
P9,1.8,6,-96.12733845862705,668.9964395337632,161.13216762281093,422.21102200384274,1.7966490915456297,1.811654215771609,0.943
P9,1.8,7,-133.16131482533618,784.786209492781,134.5310789793392,331.17931437391326,1.7969218093234278,1.8117441806748855,0.943
P9,1.8,8,-162.71228702668628,871.600152994454,105.12789302223518,244.72595190396993,1.7974929999923221,1.8118927448790962,0.943
P9,1.8,9,-182.73782175539097,929.9283551437632,75.42298214153074,168.21154296457738,1.7893498722010208,1.8114281788782742,0.943
P9,1.8,10,-191.95836835660694,964.3312862732183,49.712953680443775,105.4974122662658,1.7677525397451677,1.80884941406876,0.943
P9,1.8,11,-190.60101760624477,978.9438784026861,29.680700938414407,58.132857764405294,1.7430479709618716,1.8044840642580613,0.943
P9,1.8,12,-181.30986590029332,976.9500844912474,15.044558280041612,25.296219986272927,1.7299629313890452,1.7991670172845855,0.943
P9,1.8,13,-167.04355727355815,961.9071748735156,5.992227131399421,4.953749615615908,1.7369528856403749,1.7933779793573528,0.943
P9,1.8,14,-149.0193309303469,937.4898177260153,0.0,0.0,1.7592110638680827,1.7889399160013688,0.943
P9,1.8,15,-129.79704187540858,905.7675222694045,0.0,0.0,1.7839758389375355,1.78745751089734,0.943
P9,1.8,16,-111.15790388172222,866.7920593818142,0.0,0.0,1.8031313815825674,1.7895198549640112,0.943
P9,1.8,17,-93.21702826811578,820.7605116705947,0.0,0.0,1.8139267978892009,1.7938515536993362,0.943
P9,1.8,18,-76.21252508195535,769.531475244221,0.0,0.0,1.817625825481611,1.7980724850616143,0.943
P9,1.8,19,-61.323388602522996,715.9333901950419,0.0,0.0,1.8172668879816332,1.800640467580549,0.943
P9,1.8,20,-48.86024048726399,662.1661073579457,0.0,0.0,1.8155322876074578,1.8015996096655316,0.943
P9,1.8,21,-38.0861134047563,610.0435621935005,0.0,0.0,1.8143282916527652,1.8018024742041843,0.943
P9,1.8,22,-29.30509027462719,561.5472519236444,0.0,0.0,1.814459479703619,1.800945922161127,0.943
P9,1.8,23,-22.60841998052417,518.1312232020342,0.0,0.0,1.8152841420894623,1.7995372980490745,0.943
P9,1.8,24,-17.444845013522343,480.9168844209686,0.0,0.0,1.815974868920451,1.7987872067751995,0.943
P9,1.8,25,-13.222650842402038,450.792285303441,0.0,0.0,1.8162826859440968,1.7986849667251577,0.943
P9,1.8,26,-10.175590890167793,428.03986246705614,0.0,0.0,1.815461180103341,1.7989246232433942,0.943
P9,1.8,27,-7.888518967879477,412.48524216501716,0.0,0.0,1.8135859787573636,1.799424912088821,0.943
P9,1.8,28,-5.301348226139039,404.0253857133486,0.0,0.0,1.811644299031331,1.799703367681345,0.943
P9,1.8,29,-2.589113353299741,402.7608966616016,0.0,0.0,1.809694291169465,1.7996444161830636,0.943
P9,1.8,30,0.19167192950244957,408.284751250246,0.0,0.0,1.8078079576532162,1.7998456475464446,0.943
P9,1.8,31,3.445167488940763,419.69326457504775,0.0,0.0,1.8059549095924592,1.8001115155368124,0.943
P9,1.8,32,7.6517965568880495,436.3512381035828,0.0,0.0,1.80415980742217,1.7998716157440684,0.943
P9,1.8,33,12.696390043237642,457.88995373184497,3.760990750244506,0.0757175588634744,1.8027125624341642,1.7995093055586426,0.943
P9,1.8,34,18.40888046740303,483.9219816816972,3.4625878013317903,0.5745865412624116,1.8016620972436934,1.7992622849563278,0.943
P9,1.8,35,24.968086269353066,513.8599724059796,3.4933677798428366,1.2044959608911614,1.8005070898761797,1.79901438537076,0.943
P9,1.8,36,32.195660440211974,546.7813807452115,3.4616005725874324,1.955404720714302,1.7994970096215828,1.7992758288672837,0.943
P9,1.8,37,40.22345461702094,581.6710666098924,3.1019639942073396,2.798861491322508,1.799090710974633,1.7996372433979195,0.943
P9,1.8,38,49.251885924225626,617.6786207105756,2.953452316284791,3.656968083331156,1.7992244577144905,1.7995846819618022,0.943
P9,1.8,39,59.22341433102011,654.0568975963678,2.973188217954846,4.534347596307307,1.799576153308328,1.7997074548224568,0.943
P9,1.8,40,70.05797706768273,689.7591474592175,2.7584962048280572,5.319835580074429,1.799722752657842,1.8000160710491426,0.943
P9,1.8,41,82.06381087032096,723.355925485791,2.583636819985006,5.5597885150989965,1.7997246345666984,1.7995287152870487,0.943
P9,1.8,42,95.38393115778368,753.5212569989379,2.679317800960954,4.796215319184882,1.799669369068442,1.7988887275298935,0.943
P9,1.8,43,109.45014094664576,779.0731100140428,2.9246412000542406,2.7323317625918446,1.7995931446326634,1.7989504403058172,0.943
P9,1.8,44,123.80453227887718,798.6915893914876,0.0,0.0,1.7996243292066436,1.7992636058645708,0.943
P9,1.8,45,137.96322001020056,811.0007977735829,0.0,0.0,1.8000389694939554,1.799631560923339,0.943
P9,1.8,46,151.28847151143566,814.7876470896449,0.0,0.0,1.8012481878412019,1.7998868479778354,0.943
P9,1.8,47,163.25881707994822,809.0223184819048,0.0,0.0,1.8033558589661618,1.7996070338193002,0.943
P9,1.8,48,173.5842431449291,792.9050010106329,0.0,0.0,1.8057046132015824,1.799674543583081,0.943
P9,1.8,49,181.75337504727662,766.2086789122512,16.15685745126357,22.8719462567649,1.8072364334001367,1.8001685447773714,0.943
P9,1.8,50,186.97417997027418,729.1836616088154,18.477429930566835,72.5912402725116,1.808378164702183,1.8000155196646732,0.943
P9,1.8,51,188.8328402855029,681.7108155092508,16.15291666985373,153.4635267184514,1.8092274496133873,1.7996003795861846,0.943
P9,1.8,52,186.76872792343826,623.4425192210032,3.8683792055415065,265.59853181318465,1.8093660325553942,1.799811542801242,0.943
P9,1.8,53,179.3710847873682,555.1202887224471,-23.79821394174449,400.75408166816493,1.8091821833928083,1.7996935509065464,0.943
P9,1.8,54,165.7838626098296,478.99882484049607,-65.55046498126924,544.2087961820383,1.8086395191602043,1.7984210292394884,0.943
P9,1.8,55,147.29619681698352,398.32932218575706,-111.87119333379728,678.7241293841473,1.8081126237698308,1.7975151457899399,0.943
P9,1.8,56,125.4693067923728,316.619817546491,-153.751065707351,789.0058300642909,1.8083881846119665,1.7985590229839983,0.943
P9,1.8,57,100.96000453164608,237.63466112408196,-187.94807112830065,867.8792571123562,1.808823925201771,1.7982805001955546,0.943
P9,1.8,58,75.76266909032097,165.78596449231162,-211.9246112544877,918.2200966538799,1.8083715703325236,1.787006069496025,0.943
P9,1.8,59,53.54231436140695,105.4100249039263,-223.64293929308266,948.5547542379845,1.806864903393448,1.760649385038521,0.943
P9,1.8,60,35.10830732344153,59.35091362468326,-224.48878168710988,966.9991895755307,1.8039960410958176,1.7341956324100125,0.943
P9,1.8,61,20.224519010961103,27.414255515188536,-217.5614330548922,977.421472291651,1.8001262623998682,1.7224659423656254,0.943
P9,1.8,62,10.279200023256202,7.205646428863218,-204.38538017460365,979.8773112783533,1.7958565811625047,1.7316452039877943,0.943
P9,1.8,63,0.0,0.0,-186.39924804708778,973.4518269088688,1.7920263645685053,1.7577967540064068,0.943
P9,1.8,64,0.0,0.0,-167.1203462395685,957.3311587128131,1.7904054892459413,1.7864185565773953,0.943
P9,1.8,65,0.0,0.0,-148.13908460791603,930.7981394578514,1.7913648317640758,1.8079806286263835,0.943
P9,1.8,66,0.0,0.0,-128.8697480111399,893.7342600335325,1.7936340397310755,1.8181900337511032,0.943
P9,1.8,67,0.0,0.0,-110.02854510771752,847.1300243735066,1.795927836398661,1.818583705183585,0.943
P9,1.8,68,0.0,0.0,-93.25755887429204,792.9541195652762,1.7978366398861878,1.8148224548547671,0.943
P9,1.8,69,0.0,0.0,-77.67988257398636,733.6563750718497,1.7991948872304084,1.8111883738719563,0.943
P9,1.8,70,0.0,0.0,-62.48350113297648,672.1215791038554,1.7998183860766088,1.8100648092259248,0.943
P9,1.8,71,0.0,0.0,-49.41126746548694,611.4707869354678,1.799768187745721,1.8118945274569287,0.943
P9,1.8,72,0.0,0.0,-38.52853463012446,554.3758259010585,1.7994829936134216,1.8151999985107485,0.943
P9,1.8,73,0.0,0.0,-28.664678358668763,502.82119365925695,1.7993638357906172,1.8180881820142036,0.943
P9,1.8,74,0.0,0.0,-20.18334931476068,458.42576562175014,1.799567782216616,1.819433054742587,0.943
P9,1.8,75,0.0,0.0,-13.917577834560596,422.3914728417057,1.8000095567013656,1.8192013692829427,0.943
P9,1.8,76,0.0,0.0,-8.802667509077272,395.0924441635441,1.8001466073732242,1.8185258137087308,0.943
P9,1.8,77,0.0,0.0,-3.8697314048928977,376.21284207131737,1.799911486169763,1.8171851581190839,0.943
P9,1.8,78,0.0,0.0,-0.09883965236045303,365.3775740260792,1.799670330297574,1.8148980011265476,0.943
P9,1.8,79,0.0,0.0,2.8994217928359176,362.37091248885616,1.7990890726885698,1.8127152593230462,0.943
P9,1.8,80,0.0,0.0,6.581635027998709,366.6280100471145,1.7986250354707516,1.8104653789753273,0.943
P9,1.8,81,0.0,0.0,10.75125994802378,377.2076578951329,1.7987723808716867,1.8077588490028027,0.943
P9,1.8,82,0.0,0.0,14.750261842657531,393.43767421108055,1.7990566191798918,1.805185671824504,0.943
P9,1.8,83,0.0,0.0,19.486617430353707,415.30066514514004,1.7996358834974129,1.8034944036826301,0.943
P9,1.8,84,0.0,0.0,25.4504458313429,442.8418955201741,1.8004706650650892,1.802387261471788,0.943
P9,1.8,85,0.0,0.0,31.59272452506712,475.6071978327161,1.8006062515567318,1.8015789517030416,0.943
P9,1.8,86,0.0,0.0,37.983536001792686,512.8085394901267,1.8002105955057157,1.8008166084573367,0.943
P9,1.8,87,0.0,0.0,45.5159950877334,553.4519723475544,1.7998277761893167,1.799616075865432,0.943
P9,1.8,88,0.0,0.0,53.96164202146269,596.1931976461324,1.799274849688802,1.7986934750901702,0.943
P9,1.8,89,0.0,0.0,62.797447679750555,639.3366746316535,1.798801993710737,1.7986940953801624,0.943
P9,1.8,90,0.0,0.0,72.71665909004506,681.3688083373759,1.798587529076104,1.7988254747765025,0.943
P9,1.8,91,0.0,0.0,83.99556539413332,721.2471344452239,1.798916829980483,1.7985724434569679,0.943
P9,1.8,92,0.0,0.0,95.77098898038432,757.9343384125848,1.799815601670179,1.7985367955131344,0.943
P9,1.8,93,0.0,0.0,108.1278243428531,790.1491728482081,1.8005706304605973,1.7983134560422582,0.943
P9,1.8,94,0.0,0.0,121.46542062392156,816.6067421328652,1.8005882204774217,1.7978444559046345,0.943
P9,1.8,95,0.0,0.0,135.0556116637936,836.0846105888628,1.800107761782881,1.7981126919653676,0.943
P9,1.8,96,0.0,0.0,148.23922622471943,847.1223655593494,1.7996522580349072,1.7989766730702703,0.943
P9,1.8,97,0.0,0.0,161.36530639054342,848.081919961412,1.799416528173883,1.800089838941247,0.943
P9,1.8,98,0.0,0.0,174.18848744791458,837.7184906423377,1.7990630583768359,1.8016331803206884,0.943
P9,1.8,99,10.397350839254244,11.715622181183013,185.46696834905183,815.4092980063706,1.7987826526019643,1.8032435721734332,0.943
P10,1.0,0,15.554883794821038,10.95801278615849,83.76029185244558,1018.500720087694,1.0001397032346366,1.0018446871045978,1.288
P10,1.0,1,29.918542222242742,50.72149318567176,91.8586847411289,1010.1334119520546,0.9998835920974746,1.002023268373881,1.288
P10,1.0,2,40.01071903569826,116.85813433976686,102.38612059884525,995.8363648554354,0.9996468199525929,1.0027669729402329,1.288
P10,1.0,3,31.885148920826527,199.82610734855322,114.13051726842023,971.8910650437288,0.9993631852111029,1.0032792039142806,1.288
P10,1.0,4,8.394379411893036,289.82548570809985,125.19588679370959,934.2887505842893,1.0006265937114807,1.0038496812349222,1.288
P10,1.0,5,-16.21655924965015,381.7911691793928,136.7786584272664,881.24354386531,1.0062885431489368,1.0054188131224084,1.288
P10,1.0,6,-39.131833276395575,470.8129117735916,145.23422928423614,811.050782410027,1.006715430965721,1.0073041807349625,1.288
P10,1.0,7,-57.7765716592149,551.4531914525148,148.85563176180338,722.9592113695533,0.9878957166453808,1.0083290900172253,1.288
P10,1.0,8,-71.1323557871996,622.8925822206994,146.3961974790488,619.5706682071775,0.9660812419344349,1.009454302413786,1.288
P10,1.0,9,-83.20610642820948,686.564033549631,133.57719762750793,504.6718644328506,0.9632176453121769,1.010579034913524,1.288
P10,1.0,10,-91.47118245375333,743.7411307616405,112.3512789107104,385.4420246839265,0.9738498795822615,1.0118676788461671,1.288
P10,1.0,11,-97.03880512311703,797.5966719150092,82.61840726881387,273.0368225558143,0.9864660682713419,1.0118511425435954,1.288
P10,1.0,12,-101.26237511318828,850.8542892236567,49.219434506855855,177.24645250747153,0.9925920767209246,1.010475346137513,1.288
P10,1.0,13,-101.88110225768283,903.5255911798497,20.324693118047268,104.15547015556555,0.9912922253763999,1.0081881886515602,1.288
P10,1.0,14,-101.06848165462746,953.4287280930405,-1.0485989233033715,55.20990080300209,0.9886418197462389,1.0038271406118418,1.288
P10,1.0,15,-98.36064161327471,995.8136989993184,-11.00527071434073,25.49235095131559,0.988728667175527,0.9982355794305545,1.288
P10,1.0,16,-93.50057692385789,1026.4384997077057,-12.102829319272644,8.933602164097431,0.9909192964071591,0.9933341909208402,1.288
P10,1.0,17,-87.88938125320335,1043.3288365076417,-8.985236095174006,1.2889673188833983,0.9933470719226163,0.99190988307224,1.288
P10,1.0,18,-80.38085707002365,1046.4545550207545,0.0,0.0,0.9951028882761516,0.9938702145863499,1.288
P10,1.0,19,-72.35043934936432,1037.0406579926505,0.0,0.0,0.9963979536320312,0.9982559537395262,1.288
P10,1.0,20,-63.788487205564245,1017.124654680008,0.0,0.0,0.9983237933063769,1.0038211603004843,1.288
P10,1.0,21,-54.785477189846056,990.6447508437589,0.4639967827873147,0.05208630346082406,1.000503399422366,1.0070988902531204,1.288
P10,1.0,22,-46.28344612362503,961.8076935879202,0.10242919737366776,0.3851414298161439,1.0027561242335874,1.0043456175902585,1.288
P10,1.0,23,-37.818741567240025,933.2723737809674,0.21233068301041125,0.58552901452331,1.005059077616721,1.00045888779482,1.288
P10,1.0,24,-30.069146821555325,906.9719419740326,-0.2313358787053092,0.4953044962425743,1.0068788791238121,0.9982760748852904,1.288
P10,1.0,25,-22.896078895014796,884.1338960017983,-0.5759588460035454,0.22544263846801313,1.007583915262362,0.9982565911110559,1.288
P10,1.0,26,-16.40963988514407,865.5265485982347,-0.3771753145288858,0.1857930074609601,1.0072244333913007,0.9992019389756428,1.288
P10,1.0,27,-10.778647116841968,851.5694110174683,-0.6038310951431657,0.17308433240430537,1.0066509931168324,1.0004246796139724,1.288
P10,1.0,28,-5.281487215736236,842.5642855497857,-0.4520405193454499,0.0678058927751566,1.006346242974345,1.0008930361764008,1.288
P10,1.0,29,-0.24643731195526422,839.3742459104374,-0.4483018573240785,0.10660216493607007,1.0057658159240563,1.0004717332956132,1.288
P10,1.0,30,4.749038468591462,842.0840863401058,-0.5530264017500202,0.1606568164974311,1.0047094181458442,0.9994014450174582,1.288
P10,1.0,31,9.911149491616245,850.1639092671721,-0.416443039321338,0.15686406621338772,1.0038199699278243,0.9991008114879631,1.288
P10,1.0,32,15.001611968795952,862.9332879322785,-0.5380261153418592,0.2360126274507473,1.002680218318512,0.9995273641232478,1.288
P10,1.0,33,20.484431076099,879.0264701231255,-0.5109093478575162,0.2468961540486604,1.0017293826497882,0.9993622632529902,1.288
P10,1.0,34,25.950192626298854,897.0242001482674,-0.4591768579995689,0.1865458413965748,1.0010333657085384,0.9991956853347692,1.288
P10,1.0,35,31.49678898400138,915.4789070700839,-0.5711742089201268,0.17565857840604285,1.0009756357419095,0.9996516290277533,1.288
P10,1.0,36,37.12557363970232,933.3342438321743,-0.5391252749905632,0.11325263310273845,1.0009286007116431,0.99980769016068,1.288
P10,1.0,37,42.33386958509045,950.2177744486554,-0.5719214942937281,0.060211994673829886,1.000406314410553,0.9988093252148129,1.288
P10,1.0,38,47.59430286823622,965.6341145240058,-0.5626185279205324,0.055656130619560824,1.0000094413544467,0.9984074719639541,1.288
P10,1.0,39,52.793235054074785,979.269779698145,-0.5315940222270671,0.06193064651150132,1.0005620543056113,0.9994934552048066,1.288
P10,1.0,40,57.781708565432076,991.3274809895779,-0.551240939589666,0.1347626915167334,1.0005835909966052,0.9999393793596882,1.288
P10,1.0,41,62.80427221207402,1001.9604762064249,-0.4997234017495013,0.24060658530820075,1.0004676541371536,0.9996472306581629,1.288
P10,1.0,42,67.52154953392719,1011.2044943530442,-0.5979145345675454,0.17608895481192738,1.000486184809229,0.9998333254465318,1.288
P10,1.0,43,72.15442524372796,1019.4072729221092,0.0,0.0,1.0006394765080973,0.99976783853185,1.288
P10,1.0,44,76.83370351050529,1026.9423705965487,0.0,0.0,1.0004888542703565,0.999488807698934,1.288
P10,1.0,45,81.71230301810375,1034.0672972235561,0.0,0.0,1.000625783435116,0.9992698774185572,1.288
P10,1.0,46,87.59559528753759,1040.889539894327,0.0,0.0,1.0015144690597306,1.000061359502942,1.288
P10,1.0,47,94.89811329219627,1046.9898420177328,0.0,0.0,1.0017482070769603,1.0004675129756264,1.288
P10,1.0,48,104.07179384749458,1051.2564289299225,6.1015962124010965,1.4368217242564028,1.0016831894166367,0.999686221455549,1.288
P10,1.0,49,115.27949019300638,1051.603472834968,12.926348939033003,25.613210358441027,1.0017306764161367,0.9992184141201272,1.288
P10,1.0,50,127.89166560747691,1045.3765463675113,19.14075188706422,73.10199847971026,1.0023954492349545,0.9996528748788317,1.288
P10,1.0,51,141.25036003411984,1029.8206511736992,18.69636769710568,144.74961321521695,1.003406581017297,0.9996823132944778,1.288
P10,1.0,52,154.1133537056168,1002.0130775663736,6.048879980198502,232.61382977480184,1.0045427897271157,1.000329511478641,1.288
P10,1.0,53,165.22495684533155,958.9845534180564,-17.306897022395813,324.56621781743627,1.0062099467200336,1.0012847481091498,1.288
P10,1.0,54,173.53052684260197,898.4550927588178,-43.270355437436514,410.9741583910925,1.0079352533277908,1.0009200509454683,1.288
P10,1.0,55,177.0635986735564,819.4450095226878,-65.73259403143781,486.2365861438047,1.008518549615719,0.9954268349602609,1.288
P10,1.0,56,173.7502496946221,722.3973034609913,-83.06556133013795,548.7933543123362,1.008973063655349,0.9825612990591621,1.288
P10,1.0,57,162.2243739226239,610.3875770088471,-95.96911682862884,601.487749453787,1.009839456645307,0.9705140422858437,1.288
P10,1.0,58,141.83417407098852,489.8248605267753,-106.40598703272026,649.7180904155573,1.0104405198766346,0.9679160531845701,1.288
P10,1.0,59,114.15544830188136,369.6644731287326,-115.32504621589626,698.6218608094779,1.0105110051409567,0.9757031224655544,1.288
P10,1.0,60,82.81788013084356,260.1586227911351,-122.97071606889348,752.0190121196605,1.0093135503458335,0.987460042611175,1.288
P10,1.0,61,52.55038017794666,169.53339259975428,-129.3275932276929,811.1299975711036,1.0073365846296938,0.9940704634242835,1.288
P10,1.0,62,27.8555781007354,101.24592822253936,-133.44835559842727,872.5577473261973,1.0043726220583828,0.993828458605133,1.288
P10,1.0,63,10.69530484882887,54.51452065959981,-134.85151672813592,929.7843271905925,1.0003463395822496,0.9915674649800366,1.288
P10,1.0,64,0.8067980315520874,25.749149579502355,-133.44251102344901,976.7011048338229,0.9966311457016308,0.9893687578501675,1.288
P10,1.0,65,-3.2867524784800244,9.921514627763052,-129.19587281464146,1009.7614694643889,0.9947093298507235,0.987941421930766,1.288
P10,1.0,66,-3.757214007869834,2.272942163671148,-122.63339317051657,1028.6463236343002,0.99478437055096,0.9882861976776101,1.288
P10,1.0,67,0.0,0.0,-114.30752786284349,1034.8404293999597,0.9972309917748347,0.9906052204320666,1.288
P10,1.0,68,0.0,0.0,-104.9831132168279,1030.161009496806,0.999532418564293,0.9947290350121206,1.288
P10,1.0,69,0.0,0.0,-95.3699655069152,1016.56834566033,1.0010905903134826,0.9990806884195622,1.288
P10,1.0,70,0.0,0.0,-85.7581629554234,996.2946714557432,1.001668910063923,1.0020522644770904,1.288
P10,1.0,71,0.0,0.0,-76.3752167269884,971.980662231985,1.0010169110230431,1.0041065722520364,1.288
P10,1.0,72,0.8801755682608686,0.04459850364712826,-67.30271899180056,946.2779549953899,1.0005864285147228,1.0049484681099357,1.288
P10,1.0,73,0.7575066414494636,0.005898665042368927,-58.624772937777294,921.3214471779478,0.9999412641080596,1.005418889342665,1.288
P10,1.0,74,0.0,0.0,-50.59907848233814,898.5783311290412,0.9990450763785966,1.0064133662209205,1.288
P10,1.0,75,0.0,0.0,-43.382539747870915,879.0400895049743,0.9991585962980271,1.0070828694479936,1.288
P10,1.0,76,0.0,0.0,-36.88829719153536,863.2572771406044,0.9997101781644737,1.0074305381145565,1.288
P10,1.0,77,0.0,0.0,-31.017654536332508,851.4002078165031,0.9998733949917534,1.0067671906518967,1.288
P10,1.0,78,0.0,0.0,-25.482081820836687,843.6205944617266,0.9996848676747715,1.006157828457938,1.288
P10,1.0,79,0.0,0.0,-20.11655096076879,840.01608592702,0.9993844330726273,1.005805891086193,1.288
P10,1.0,80,0.4108182960238053,0.024211665419942335,-14.879312775462056,840.6920953253814,0.9996643836302735,1.004607480803385,1.288
P10,1.0,81,0.3345661042503659,0.04678417223246934,-9.602314425411905,845.7168820767137,0.9996118181460493,1.003689614348094,1.288
P10,1.0,82,0.21249907449285704,0.05302350976584274,-4.3633151292664785,854.855235208887,0.9996832631473946,1.0033081908916057,1.288
P10,1.0,83,0.14720854640953565,0.045176137002837,0.8602025122440444,867.5239497291091,0.9999038030079542,1.002624406122033,1.288
P10,1.0,84,0.14179205768843367,0.027078724600780393,6.046966822959862,882.8235784749944,0.9999003631985006,1.002023346734111,1.288
P10,1.0,85,0.15739040102490295,0.013130919961073843,11.085744851069522,899.7866716146476,0.9994416692251327,1.0013564668583483,1.288
P10,1.0,86,0.16915137829732158,0.0021521872267983772,16.15659849092345,917.2685941731368,0.9994333951710053,1.0009573080763126,1.288
P10,1.0,87,0.0,0.0,21.24633527993043,934.0956016239403,0.9997186085859908,1.000590004747242,1.288
P10,1.0,88,0.17143869290526706,0.009658122914471523,26.503379489826173,949.3872874854301,1.00003134402737,0.9998112663233767,1.288
P10,1.0,89,0.17240081129553708,0.06732510821471084,32.09465776006198,962.6337591649141,0.9996476857522897,0.9998101985034754,1.288
P10,1.0,90,0.15835654818375555,0.1740997650373235,37.95029497118609,974.1107546626598,0.9993508943239453,0.9995989164599782,1.288
P10,1.0,91,0.11822924012067401,0.2965312550325646,44.09302176245736,984.6225700955047,0.9993676640666888,0.9996362459259871,1.288
P10,1.0,92,-0.03457885671782432,0.3290128788575159,50.20085514695326,994.7940180610344,0.9994217596180571,0.9998421182620253,1.288
P10,1.0,93,0.0,0.0,55.967503455232745,1004.6136533457419,0.9996149181161886,1.0005664013916538,1.288
P10,1.0,94,0.0,0.0,61.15608980055836,1013.3637062657501,0.9993486675163759,1.0016359615415986,1.288
P10,1.0,95,0.0,0.0,65.5581892561693,1020.0362045826429,0.9996202387644186,1.0018867709468326,1.288
P10,1.0,96,0.0,0.0,69.4540869517303,1023.8644331971382,0.9996517172969889,1.001646598973346,1.288
P10,1.0,97,0.0,0.0,73.25328436460659,1024.7650497231634,0.9993517308738409,1.0019945855501675,1.288
P10,1.0,98,0.0,0.0,77.7228377841319,1022.924829433958,0.9997370664584959,1.0016556490584532,1.288
P10,1.0,99,15.564856482817154,10.967504789534797,83.70182238906665,1018.2541478899802,1.000208751209908,1.0017362474644962,1.288
P10,1.2,0,18.95566582969185,11.21301940929328,107.41020068505915,1052.8784006887356,1.199250910474746,1.2009903095784296,1.161
P10,1.2,1,35.15782300109943,56.68197151369582,115.9069167434927,1047.6437743677448,1.2000308895233438,1.2013652576571512,1.161
P10,1.2,2,49.180169439887756,133.6714551656668,129.07002438376614,1037.7081760070737,1.2004095080110153,1.2015875387552033,1.161
P10,1.2,3,46.71222100652226,233.59368138343038,146.16157206978463,1019.0657633721875,1.1999609886891884,1.2013014434112388,1.161
P10,1.2,4,20.003420491154497,338.76021035848015,164.13907005053798,985.6989613198583,1.1995120231679521,1.201634286919687,1.161
P10,1.2,5,-17.17364473296558,437.31984476449657,181.0584686753875,933.2765838059031,1.2038261742380296,1.2034174389500365,1.161
P10,1.2,6,-50.03964585151019,525.810448711884,195.8031889463793,859.6290125359435,1.2108441670767751,1.2062713122163105,1.161
P10,1.2,7,-78.60711794533863,603.3738686817235,202.11678839107952,763.2778549816039,1.2002081155432405,1.209532384967367,1.161
P10,1.2,8,-102.32127598906474,670.6191166361758,196.9421379225163,645.6257312558206,1.1683373627081757,1.2119105792915807,1.161
P10,1.2,9,-120.1747327569154,732.75217032043,178.88877567312295,514.0446810465318,1.145275167345088,1.213470347236895,1.161
P10,1.2,10,-136.01127084105408,793.1428637324191,144.72664901981244,379.4208982872239,1.1510301949986066,1.215146613052829,1.161
P10,1.2,11,-147.21409983068338,851.162512890347,101.27375253594084,254.85475375130704,1.1715758396704552,1.216711495485201,1.161
P10,1.2,12,-152.07414226467944,908.548521923722,57.22267502030751,154.15116547902645,1.1902262187894552,1.216603097210988,1.161
P10,1.2,13,-153.79462246492096,966.6536261529909,19.658224699173473,84.26572118215711,1.1962902731068823,1.2141691079354753,1.161
P10,1.2,14,-150.9300560197539,1020.0475693859388,-3.146909449468469,41.127333901574346,1.1908341703471172,1.208983955343428,1.161
P10,1.2,15,-143.268067231131,1062.0930966792248,-12.815688199046866,17.203453339907252,1.1851370896215692,1.1995410778571818,1.161
P10,1.2,16,-134.19503154328092,1090.3344026794796,-14.779986006102849,5.862687241922255,1.1844841557939259,1.1881474367855946,1.161
P10,1.2,17,-123.35486814126635,1103.6222620865594,-9.781106017902859,0.7982766124858998,1.1882199261760122,1.181839662185353,1.161
P10,1.2,18,-110.99957581458308,1100.8597426143708,0.0,0.0,1.1941621074048685,1.1829906653233098,1.161
P10,1.2,19,-99.06984762837554,1082.845246696408,0.0,0.0,1.2001573010149533,1.1913706232053638,1.161
P10,1.2,20,-86.26627633410824,1052.5813956798827,0.0,0.0,1.2036662095027675,1.2009954645802916,1.161
P10,1.2,21,-74.07164076831357,1013.6163955101149,0.0,0.0,1.2053863997217242,1.2076106776913489,1.161
P10,1.2,22,-63.09026369380549,969.1970422482261,0.0,0.0,1.206692153284363,1.209327281947899,1.161
P10,1.2,23,-52.37266446625615,923.1781417414528,0.0,0.0,1.2082339568466351,1.206341048737043,1.161
P10,1.2,24,-42.55674956523268,879.406952166467,0.0,0.0,1.2100626521503877,1.2010051756870803,1.161
P10,1.2,25,-33.81763858635319,840.0860108887039,0.0,0.0,1.2113023925221524,1.1964966525165495,1.161
P10,1.2,26,-25.577229575147108,807.2175862788727,0.0,0.0,1.2111907635823531,1.1953342238986246,1.161
P10,1.2,27,-18.365881853486762,782.2506721672029,0.0,0.0,1.2103202020726256,1.197656791475829,1.161
P10,1.2,28,-11.559081876114856,764.696451012427,0.0,0.0,1.2096241729106505,1.2006003719415264,1.161
P10,1.2,29,-5.52643342004079,754.0790642613755,0.0,0.0,1.2091596090714725,1.2016710404466435,1.161
P10,1.2,30,-0.4103251253627514,750.2321287369163,0.0,0.0,1.2083426654648977,1.200644853006663,1.161
P10,1.2,31,5.290841172864888,751.8710174390918,0.0,0.0,1.2067067134237879,1.1988520656311923,1.161
P10,1.2,32,11.268957688761704,758.7851770766716,0.0,0.0,1.2046869221568708,1.1982718294641381,1.161
P10,1.2,33,17.572182246369856,771.8309880344551,0.0,0.0,1.2033357257673383,1.1989901594910584,1.161
P10,1.2,34,25.223181057061698,790.4239418204864,0.0,0.0,1.2026607774119968,1.2001244781306655,1.161
P10,1.2,35,33.42106611969656,813.4858984187629,0.0,0.0,1.2022153424341566,1.200397564413412,1.161
P10,1.2,36,41.852670020919426,840.3116042844676,0.0,0.0,1.2018171904223696,1.1996747615903176,1.161
P10,1.2,37,50.703553165495,869.4453293351105,0.0,0.0,1.201108448146194,1.1988504453933206,1.161
P10,1.2,38,58.7586537370375,899.0066830947293,0.0,0.0,1.2006340314159423,1.1989362294829329,1.161
P10,1.2,39,66.34151019056708,927.3472490064036,0.9676707232826669,0.1622663836253154,1.2005988630255586,1.1997905856952442,1.161
P10,1.2,40,73.73824764508402,953.3991873193112,1.0045285272891182,0.5926525090356867,1.2006296544678636,1.1999888612982645,1.161
P10,1.2,41,80.07992699109411,977.1249250291016,0.9051871851566874,0.5858932055573111,1.2004557806761185,1.199603582568927,1.161
P10,1.2,42,86.10318927113921,998.6047162811032,0.507712052436157,0.17250195736714122,1.199724477982139,1.199044590422939,1.161
P10,1.2,43,92.16262881811481,1017.526490860278,0.0,0.0,1.1989381339163578,1.1989152702639434,1.161
P10,1.2,44,97.50672591598027,1034.2223281995036,0.0,0.0,1.1989631198824433,1.1995542286161014,1.161
P10,1.2,45,102.82612995837083,1049.5056359783937,0.0,0.0,1.1999269315906538,1.200331922452427,1.161
P10,1.2,46,108.52712512624959,1063.3096717499238,0.0,0.0,1.2012169730183824,1.200391287614225,1.161
P10,1.2,47,114.7425392507318,1074.7453033289767,0.0,0.0,1.2017701918436376,1.1995068596172607,1.161
P10,1.2,48,122.94827853049023,1082.8709470700799,0.0,0.0,1.2016514332140718,1.198685990560086,1.161
P10,1.2,49,133.64189513226128,1086.3658996435886,16.899998689024986,26.215698668651264,1.201402470121761,1.1989217943947772,1.161
P10,1.2,50,146.54056993288538,1082.7678298085539,26.023958572323178,82.3567428391714,1.2018268716325928,1.1997714405091053,1.161
P10,1.2,51,161.66795003988742,1068.6712838990068,29.538030687122927,168.29197938312592,1.2029165265441923,1.200215622643831,1.161
P10,1.2,52,177.48482642446203,1040.1713618314352,17.79586657080666,272.8966224908404,1.204273696543027,1.199675821611415,1.161
P10,1.2,53,191.4601968138906,993.4500036491112,-11.441589974075795,377.6579967587838,1.2056962767822708,1.1991149895016502,1.161
P10,1.2,54,202.4083560618502,926.0828480039079,-46.797995587094995,469.65662394922873,1.2071396043999436,1.1999349543412026,1.161
P10,1.2,55,207.78592259010614,837.3026282776799,-77.64900101784637,546.5741763388746,1.209129828512177,1.202545469897377,1.161
P10,1.2,56,203.61416843882526,727.6217838816318,-102.60430146498959,611.2329333021045,1.211514310309076,1.2000424490838093,1.161
P10,1.2,57,188.41652479543848,600.9368557044497,-122.68854086346465,667.8715265061572,1.2135633506989218,1.1836946845893164,1.161
P10,1.2,58,161.54459516443438,466.742284563767,-139.8300367697997,722.2551861646555,1.21459931723128,1.1606574894787114,1.161
P10,1.2,59,124.15755925663889,337.04679400225467,-154.98509022453086,778.0658197445414,1.2140312833697229,1.149754936853539,1.161
P10,1.2,60,83.416364680175,222.8204237523821,-166.52863280645136,835.8641718023388,1.2121809578685336,1.1609594864105721,1.161
P10,1.2,61,46.49262352405968,133.46402594015578,-174.57425545754887,896.3594601510581,1.2094016532214817,1.1814382942339339,1.161
P10,1.2,62,18.173302560649017,72.65351226907805,-179.16933449011452,957.9120783695171,1.2051981878303317,1.1949315123604554,1.161
P10,1.2,63,1.3395950200551503,35.27389805990128,-178.4220248476951,1013.537549847194,1.1980067744708225,1.195126665663433,1.161
P10,1.2,64,-6.221856669767879,14.039799708452472,-173.3098878561659,1056.7017312139433,1.1897703429231357,1.188359578798832,1.161
P10,1.2,65,-7.7341913504778095,4.049454933460446,-164.9282417287305,1085.1390139804785,1.1854016577069657,1.1837520839271203,1.161
P10,1.2,66,-4.93674295109097,0.3343230271055725,-152.8178011209415,1098.0287450595786,1.1880010358326878,1.1839960238746703,1.161
P10,1.2,67,0.0,0.0,-138.8196234933177,1095.7653777706523,1.1952997569357522,1.1876638095420007,1.161
P10,1.2,68,0.0,0.0,-124.10017668378546,1080.75373425758,1.202047185826241,1.1926979524019088,1.161
P10,1.2,69,0.0,0.0,-108.78176439789101,1054.6562618515738,1.2051967757900852,1.1977749935017752,1.161
P10,1.2,70,0.0,0.0,-95.0313897488623,1018.4550065186718,1.2050096180311534,1.2024630832624215,1.161
P10,1.2,71,0.0,0.0,-82.59260267373669,975.6253204052518,1.202839390330678,1.2062669087808806,1.161
P10,1.2,72,0.0,0.0,-70.70161319298401,930.4685154820352,1.2000613640758986,1.2089578933693776,1.161
P10,1.2,73,0.0,0.0,-60.30450189060245,885.9099919557417,1.1986356587542841,1.2108890805950845,1.161
P10,1.2,74,0.0,0.0,-50.354128822215195,845.2210804172964,1.1987763470108637,1.2115389196245525,1.161
P10,1.2,75,0.0,0.0,-40.31456711422215,811.2108939105249,1.1992291643580792,1.210956389627524,1.161
P10,1.2,76,0.0,0.0,-31.58893808809138,784.2056786699984,1.1994650805167835,1.2103774382814858,1.161
P10,1.2,77,0.0,0.0,-23.600349029973145,764.2774712009981,1.19980622390098,1.2104628007188654,1.161
P10,1.2,78,0.0,0.0,-16.327110096247754,751.7830983031147,1.2000645707821191,1.2106768529326022,1.161
P10,1.2,79,0.0,0.0,-10.40679730270399,745.4303277941402,1.2001910665701092,1.2101677768186712,1.161
P10,1.2,80,0.0,0.0,-4.857683644864906,743.8585263399424,1.2001173047796783,1.2089538699446607,1.161
P10,1.2,81,0.0,0.0,0.32564635306035916,747.0983832716187,1.199686357283226,1.2072266930615019,1.161
P10,1.2,82,0.0,0.0,5.232798317400315,754.7034703743113,1.1991455633017363,1.2055435630640636,1.161
P10,1.2,83,0.0,0.0,10.89762721443877,765.9194773993145,1.1992318373477504,1.204420935613978,1.161
P10,1.2,84,0.0,0.0,16.888253299050227,781.2863896477301,1.1997333562692918,1.2036292346625352,1.161
P10,1.2,85,0.0,0.0,23.26628742885933,800.966614785646,1.1996371969944406,1.202151741717906,1.161
P10,1.2,86,0.0,0.0,30.5625094119138,823.7162882145258,1.199223912141776,1.200836295838263,1.161
P10,1.2,87,0.0,0.0,37.707958810249785,848.7933947075167,1.1989763509974385,1.2004550372020413,1.161
P10,1.2,88,1.3906720322393156,0.09650578149553737,44.77647391980095,875.6267225296061,1.1991263884553838,1.2007869943870486,1.161
P10,1.2,89,1.5903567518406085,0.3460925196070088,52.250123127015335,902.6243211288247,1.1996964616494834,1.2013785944247484,1.161
P10,1.2,90,1.5694048288360636,0.507947565193894,59.50145925324309,928.9299684915388,1.2001956862310486,1.2011685935238006,1.161
P10,1.2,91,1.360414920602872,0.6159730099448687,66.99373968460274,954.746732452431,1.2001629915928784,1.200480934537408,1.161
P10,1.2,92,1.0353410688212588,0.44798051342114387,74.80597938873784,979.4435555806301,1.199585087888566,1.1993736456745676,1.161
P10,1.2,93,0.0,0.0,81.94744462688995,1001.9835660337087,1.1991923791487733,1.198875006502728,1.161
P10,1.2,94,0.0,0.0,88.47160710372795,1021.721429046769,1.1991693583227636,1.1996704410939603,1.161
P10,1.2,95,0.0,0.0,93.7790610936814,1037.4647763462265,1.1997791921618473,1.2004577588623937,1.161
P10,1.2,96,0.0,0.0,97.15100585905243,1047.9637097569184,1.2002474387988182,1.2005681314340138,1.161
P10,1.2,97,0.0,0.0,99.7794581775757,1053.3966775038925,1.199621196990311,1.2003728103510571,1.161
P10,1.2,98,0.0,0.0,102.77662440934935,1054.8118756131778,1.1990201944391705,1.200345049341007,1.161
P10,1.2,99,18.890387505830272,11.220737911410666,107.37483378856592,1052.8420573527171,1.1990859271910546,1.2008498571934563,1.161
P10,1.4,0,19.458105375843836,11.483407297990349,139.58511491367247,1131.2097943372592,1.3994695608369003,1.4024999532645777,1.068
P10,1.4,1,33.838156572850075,59.0410518139884,157.24557809574404,1123.7677118455713,1.399732606775417,1.4032917625689312,1.068
P10,1.4,2,46.38900977098467,139.10984401526548,177.60348501204695,1103.8348559638475,1.400146155312462,1.404154238902679,1.068
P10,1.4,3,45.46680283574394,246.41008149694957,199.08781303837566,1067.8552792005894,1.3993699553414973,1.4057946895254485,1.068
P10,1.4,4,21.246831532965206,364.8788121509046,217.9580394257269,1010.67323405132,1.3995173531000504,1.408219925480316,1.068
P10,1.4,5,-17.537528271326412,479.358303428268,230.27973001940418,928.8417990479463,1.4046627024220624,1.4113120733412425,1.068
P10,1.4,6,-55.41722280931479,581.6181300810036,234.85582569328605,822.9234090100615,1.4103926810164316,1.4140219722499001,1.068
P10,1.4,7,-87.96148559446203,668.9657565029419,226.3545641572263,696.0614160828848,1.398513857133221,1.416185420316721,1.068
P10,1.4,8,-116.1258936780619,741.7583260475892,201.19856560976717,554.8067537767438,1.3650614084864054,1.4182049188979153,1.068
P10,1.4,9,-136.94071034050052,805.4220041748847,162.85354900568205,411.56246231276765,1.338988887051214,1.4194787860118954,1.068
P10,1.4,10,-152.82461362142533,868.6544457595112,115.71562261987938,281.7493163420283,1.3399947934325052,1.418764494867021,1.068
P10,1.4,11,-165.62563154834172,934.5285087557585,66.86636995453786,175.80869508464616,1.3589685637935758,1.4153163136700952,1.068
P10,1.4,12,-172.68073605807598,999.7564463963661,28.567539775985903,97.81098209747881,1.382586013309551,1.4074942838649007,1.068
P10,1.4,13,-173.4649562988908,1060.3344848110657,3.0656180599048937,47.418972503680195,1.3972126836446435,1.3959315916611763,1.068
P10,1.4,14,-170.92529768933164,1111.7836491022504,-11.429989782229269,19.581416261551446,1.3970739459634542,1.3844610700908864,1.068
P10,1.4,15,-163.40220998535904,1147.6919851368057,-14.544803449640241,5.324463991323701,1.3890239362811705,1.3785148716625581,1.068
P10,1.4,16,-150.96183117120177,1164.366193882131,0.0,0.0,1.3829799136728782,1.380511839620878,1.068
P10,1.4,17,-137.02451003565974,1163.390608722269,0.0,0.0,1.3832919803472448,1.3888749784553707,1.068
P10,1.4,18,-122.00127648497399,1147.3039497141642,0.0,0.0,1.389225474688204,1.3998137358291443,1.068
P10,1.4,19,-105.19600901595406,1117.2312791500096,0.0,0.0,1.398821385781,1.4080015609168894,1.068
P10,1.4,20,-89.30890417150793,1074.7208515689354,0.0,0.0,1.408305563750594,1.410450721010066,1.068
P10,1.4,21,-74.27089954848286,1023.5047989311288,0.33866756248036634,0.02996975966721239,1.4135629963120253,1.4070109264346327,1.068
P10,1.4,22,-59.781446151877,968.4291910934911,1.2944353519886966,0.4477887805836935,1.4146533191988082,1.4014516308692908,1.068
P10,1.4,23,-47.49888464466582,912.9513637523478,0.24908887482964082,0.11453322071832647,1.4142865517264378,1.3970357609945698,1.068
P10,1.4,24,-36.9495709792739,858.9062323938493,0.0,0.0,1.4137957443918736,1.3954306586969065,1.068
P10,1.4,25,-27.35853210567636,808.6338099217932,0.5334343031162595,0.0038635161099921226,1.4133366934335736,1.3970652268734738,1.068
P10,1.4,26,-19.40513736170796,764.9284287179578,0.0,0.0,1.4136543015363952,1.3999808124830266,1.068
P10,1.4,27,-12.821736759459677,729.053012609766,0.0,0.0,1.4138021522260846,1.401276889609738,1.068
P10,1.4,28,-6.706656780943914,701.3619466463836,0.0,0.0,1.412750071137818,1.4010142674467219,1.068
P10,1.4,29,-1.7645397234779252,682.124542111858,0.19720188912685768,0.029424794412468286,1.4111163664952369,1.40050280691605,1.068
P10,1.4,30,2.8213974909976836,670.9938235020899,0.0,0.0,1.409475312296877,1.3999770188013647,1.068
P10,1.4,31,7.315031220201661,667.691308334211,0.0,0.0,1.4079017201067192,1.399615682282209,1.068
P10,1.4,32,11.041145104913177,672.3634088564006,0.0,0.0,1.4060902428798654,1.3996535298673471,1.068
P10,1.4,33,15.089571608234118,684.4949139339789,0.0,0.0,1.404592271486395,1.3995006084975141,1.068
P10,1.4,34,20.409124110195734,703.6854814101008,0.0,0.0,1.4031793620314443,1.3990199897125595,1.068
P10,1.4,35,25.874701870515473,730.7492787968197,0.0,0.0,1.4013590163681433,1.3992046677300851,1.068
P10,1.4,36,32.08277112755367,765.3837636159919,-0.6256843386715275,0.21633470914414743,1.4002315794514,1.3998724572614167,1.068
P10,1.4,37,39.6800929626019,805.4110613372164,-0.3884359213012237,0.23934715762587805,1.3999614476184974,1.399729477861865,1.068
P10,1.4,38,47.54855948209559,848.7749059611186,-0.2954731913027109,0.23017520135231603,1.3994696008829035,1.3991553838428044,1.068
P10,1.4,39,55.64295287143851,893.7827834312269,-0.6659145588298745,0.699618048182961,1.3982779838543051,1.3992374031099866,1.068
P10,1.4,40,64.62139898544234,938.2388339815476,-0.4935214659216496,0.9555947605771342,1.3977266680408031,1.3996278808670284,1.068
P10,1.4,41,73.28944606275755,980.2939848315602,-0.5076677786343285,0.5385562916141331,1.3977650980374667,1.3997346055016184,1.068
P10,1.4,42,82.15590416874313,1018.9373719328178,0.0,0.0,1.3975958698532,1.3996138643672487,1.068
P10,1.4,43,92.25443032747928,1053.6871705299388,0.0,0.0,1.3974995072089522,1.3996231830275798,1.068
P10,1.4,44,102.7024987052461,1084.9890714023907,0.0,0.0,1.3981979331594525,1.3995343417009978,1.068
P10,1.4,45,113.50800883620299,1113.3064110204307,0.0,0.0,1.3990763331385212,1.3991810405447265,1.068
P10,1.4,46,126.22963086930055,1137.4212592000729,0.0,0.0,1.3998464155113046,1.3992627424799127,1.068
P10,1.4,47,140.4788594041449,1155.1197955278885,0.0,0.0,1.401343571765329,1.3998871776060475,1.068
P10,1.4,48,155.89949960429823,1164.78430741075,0.0,0.0,1.403127804694361,1.3997541180860873,1.068
P10,1.4,49,173.3645357104655,1164.5768328383874,15.658801785790475,27.84775821838404,1.40450570532842,1.3991198385269288,1.068
P10,1.4,50,192.0067220081226,1151.1643578774385,23.378280412463763,87.67909264722445,1.4055153238918572,1.3991461171240682,1.068
P10,1.4,51,210.40003414847865,1120.8439776395726,25.03273405532334,179.26765495197938,1.4069911937217392,1.399373907142336,1.068
P10,1.4,52,227.4648040394463,1070.764233701238,12.62037190559908,293.8432407424392,1.4087721196187286,1.399226208813344,1.068
P10,1.4,53,239.51731291448448,998.4272026711033,-17.385337162069476,414.40715902912734,1.410416230128685,1.400081607824506,1.068
P10,1.4,54,243.04053367621808,902.2261632444365,-56.510486582469106,525.3092184502539,1.4123669451635061,1.4020051487983938,1.068
P10,1.4,55,236.76322387260063,783.6250138771362,-92.53996463103647,618.9656181086459,1.4145299833111689,1.3989517859784821,1.068
P10,1.4,56,217.75528023870797,647.9852611242312,-122.11578571722218,695.2078134055298,1.4160063471746578,1.3826270385732315,1.068
P10,1.4,57,184.92286518823477,504.34971623903647,-146.50798913605055,758.1860650928385,1.4168142871385143,1.3573448390601262,1.068
P10,1.4,58,142.89085023125605,365.7124176749814,-165.91351311025505,815.0731113468419,1.4167848888897014,1.3416435761604366,1.068
P10,1.4,59,97.80152258587871,245.40451694816625,-181.9595445594388,872.5550228642496,1.4145038533853527,1.3472208817513016,1.068
P10,1.4,60,56.52237336190561,150.50962638491308,-194.77568425074466,932.5448229590653,1.4092697575462139,1.3676860313507928,1.068
P10,1.4,61,25.665988758505904,81.65060982339621,-202.57462312363617,993.1041406501148,1.4015517952447523,1.3884599323664795,1.068
P10,1.4,62,5.759514026212402,37.49181745793406,-205.7353087041437,1050.94461329203,1.3926412941783641,1.397888161206534,1.068
P10,1.4,63,-5.012483505835087,13.742215928813717,-204.80804195087035,1100.6408970663672,1.3847628636477163,1.395128585623665,1.068
P10,1.4,64,-7.975670544065105,2.146313748017455,-198.11349714665988,1135.8815258327015,1.3823731992583281,1.3879417138375305,1.068
P10,1.4,65,0.0,0.0,-186.82506853979334,1153.9834886839747,1.3868553211626224,1.3825624106934775,1.068
P10,1.4,66,0.0,0.0,-172.89398862731156,1155.777947982518,1.3945715667219494,1.3825981068101447,1.068
P10,1.4,67,0.0,0.0,-156.02710176695692,1141.9645908740197,1.4013026580804346,1.3883903999833016,1.068
P10,1.4,68,0.0,0.0,-137.55937497423955,1113.3609151067121,1.4049394271480686,1.3971928405033591,1.068
P10,1.4,69,0.0,0.0,-119.68344477242618,1072.6825238232432,1.405618754810735,1.4061940821274224,1.068
P10,1.4,70,0.0,0.0,-102.16336702997339,1023.191030194028,1.4032547781702505,1.4120090274171178,1.068
P10,1.4,71,1.6531989651198333,0.2178203647961397,-85.851529942372,967.5117937371671,1.3998013775614955,1.414349478537384,1.068
P10,1.4,72,1.202027676449288,0.12678559701844738,-72.00915098641393,909.3691396873566,1.3977860764013197,1.415214069961607,1.068
P10,1.4,73,0.0,0.0,-59.4913203201386,853.1217352036451,1.3976379973922017,1.4158306186620575,1.068
P10,1.4,74,0.0,0.0,-48.0703131280122,801.4386970694546,1.3983997990349042,1.4157768433585833,1.068
P10,1.4,75,0.0,0.0,-38.77389873026257,756.1218635272337,1.3993699145471208,1.415597418332369,1.068
P10,1.4,76,0.9869686999038058,0.023604322178523658,-30.552692519433435,719.3670822942461,1.4001059278825625,1.4153729528720878,1.068
P10,1.4,77,0.9802857035528999,0.3356737558587498,-22.923996462938938,691.8675236050996,1.4002439362048327,1.4142446409764318,1.068
P10,1.4,78,0.6663969303489584,0.3898694880129226,-17.02672996474785,672.4645510431762,1.39984415867722,1.4126629363232799,1.068
P10,1.4,79,0.0,0.0,-12.399559815377968,660.6869221509247,1.399400663368124,1.411052657422299,1.068
P10,1.4,80,0.0,0.0,-8.184553259848835,656.5508861933592,1.3994153859958554,1.4089564875190312,1.068
P10,1.4,81,0.0,0.0,-4.682236425793657,658.8484613419336,1.3993965456535196,1.4067552724345167,1.068
P10,1.4,82,0.5009364871214093,0.0017036071742573386,-1.2380877851103773,666.4926610183908,1.399241661518717,1.4047565498265266,1.068
P10,1.4,83,0.0,0.0,2.9548023657026397,679.946872384534,1.399488194308949,1.4030750907235299,1.068
P10,1.4,84,0.0,0.0,7.699324539422096,699.502621170994,1.3997207471961661,1.4016033355034678,1.068
P10,1.4,85,0.0,0.0,13.43146520942236,724.3259723242938,1.3997815853780256,1.4002110856772498,1.068
P10,1.4,86,0.0,0.0,20.40611187543712,754.0779652844133,1.3998110867434195,1.3995153146056682,1.068
P10,1.4,87,0.0,0.0,27.876915312091384,788.8147151183555,1.3996518614296989,1.3996833586692192,1.068
P10,1.4,88,0.5413541759083811,0.05239081279602108,35.770641754192624,827.2234869156584,1.3994584920347155,1.3996346532065627,1.068
P10,1.4,89,0.5462735502169386,0.2792343771940798,44.244099651166096,867.3892414700766,1.3996166274635709,1.3995880862210928,1.068
P10,1.4,90,0.394777039130829,0.5707640802806649,52.62279427283426,908.4711031688133,1.3999687482518108,1.3998781829332443,1.068
P10,1.4,91,0.13641368552722383,0.6806357935393736,60.976110400288746,949.4904561115188,1.3997693601878058,1.399524198895349,1.068
P10,1.4,92,-0.022645056047059273,0.15241260438436205,69.66904044743998,988.4169028316576,1.399483849597752,1.3987145380204329,1.068
P10,1.4,93,0.0,0.0,78.17683258990498,1023.8706778159602,1.3994334453404578,1.3990522006910215,1.068
P10,1.4,94,0.0,0.0,86.42821370938245,1055.435252378241,1.3996878343408838,1.3996638131553845,1.068
P10,1.4,95,0.0,0.0,94.80507588238171,1082.1840497044327,1.399674418664744,1.3994366785192198,1.068
P10,1.4,96,0.0,0.0,103.27711527209703,1103.1783345145795,1.399597813063892,1.3993741170544962,1.068
P10,1.4,97,0.0,0.0,112.74327886828662,1118.632713098011,1.3997459016781302,1.3999590254375551,1.068
P10,1.4,98,0.0,0.0,124.70164053970305,1128.531200953077,1.399823531783762,1.4009639722479559,1.068
P10,1.4,99,19.451954532226015,11.475527431525897,139.54012127551624,1131.084498239936,1.399522605264951,1.4021771189299674,1.068
P10,1.6,0,20.330063217612274,11.844746958383139,194.1391036463322,1201.4282072432534,1.599145843239251,1.6027381125051205,1.025
P10,1.6,1,31.96905680157336,67.02588090956277,217.7414320149277,1185.97308870402,1.5995010360638964,1.6041369351789363,1.025
P10,1.6,2,40.583603381469956,160.62754996296815,241.94171706926045,1151.8148014821518,1.5995859036934836,1.6056535031410129,1.025
P10,1.6,3,35.924524178793696,289.0715680792248,264.0468615797267,1095.4148460003485,1.599504844855276,1.6077747455505482,1.025
P10,1.6,4,8.006178578464063,434.04767813042633,280.5248907868766,1013.8240722168584,1.5993991532122407,1.6102001460133628,1.025
P10,1.6,5,-37.422579259214984,573.2799544464633,285.26871831492747,905.3973753837693,1.5998232270761132,1.6125913751778997,1.025
P10,1.6,6,-83.84246765555596,692.7401886067031,275.19744158632955,772.1989803096915,1.6035700400868724,1.61520734797009,1.025
P10,1.6,7,-122.89062506581328,789.5147072534286,248.60506083957705,622.0180683938327,1.6081864194002582,1.618162023789658,1.025
P10,1.6,8,-156.4021462484369,866.4318234658936,204.4277693106133,467.75328063195656,1.5979567204984328,1.6208215930547263,1.025
P10,1.6,9,-183.479003889148,929.8165967413353,149.16761826822557,324.0058177293568,1.5646611481997474,1.622290911656973,1.025
P10,1.6,10,-203.20099162849888,989.1061336986787,94.11462934596248,204.19051107906262,1.531321612919587,1.6212043035045998,1.025
P10,1.6,11,-217.10668106393368,1049.4350123264778,47.017446021402606,116.0537290345317,1.524388019259359,1.6168520884268025,1.025
P10,1.6,12,-224.23675367891693,1107.462265454287,14.305605021007322,58.27184092935318,1.543584905732403,1.6085592298177323,1.025
P10,1.6,13,-222.77871014144236,1157.3492691012373,-3.198044972521799,23.97506766505529,1.5725419546838426,1.59553117180592,1.025
P10,1.6,14,-214.62541962213442,1195.5368014059165,-11.085717346251112,6.390062580709506,1.593727267883752,1.581321280887304,1.025
P10,1.6,15,-201.77317914890565,1218.4796069545068,0.0,0.0,1.598223637868657,1.5719577604423385,1.025
P10,1.6,16,-183.17320378324382,1221.5804053191148,0.0,0.0,1.5918998622073326,1.5730139003105565,1.025
P10,1.6,17,-161.2846585248315,1203.8499810459161,0.0,0.0,1.5852208139832666,1.5833850929690367,1.025
P10,1.6,18,-139.06063663097277,1169.0076235835938,0.0,0.0,1.5845523905351848,1.5966987990611419,1.025
P10,1.6,19,-116.30454817469835,1121.044300718546,0.0,0.0,1.5911456203057275,1.606909863581252,1.025
P10,1.6,20,-93.66279855596832,1061.757771681992,0.0,0.0,1.6024908266700808,1.610803509018545,1.025
P10,1.6,21,-73.8510058005998,993.9133753990677,0.0,0.0,1.6137389062678242,1.6090232399455273,1.025
P10,1.6,22,-56.3384384888864,923.1239398893376,0.0,0.0,1.620450038243351,1.6041868775693444,1.025
P10,1.6,23,-41.039231867468935,854.4252876062492,0.0,0.0,1.6227875506147922,1.599148816084354,1.025
P10,1.6,24,-28.992746233640354,789.9115947746484,0.0,0.0,1.6221486707609922,1.5962397133747157,1.025
P10,1.6,25,-19.769468594408856,731.0904918529732,0.0,0.0,1.620444113389585,1.5959297551272273,1.025
P10,1.6,26,-12.067271558154543,680.748066859417,0.0,0.0,1.6188887948672355,1.5975375032361119,1.025
P10,1.6,27,-6.007464704208244,640.7072653909789,0.0,0.0,1.6175671848758244,1.5997283401939257,1.025
P10,1.6,28,-1.2970010299249013,610.681488223532,0.0,0.0,1.6163055907306356,1.6012025601105415,1.025
P10,1.6,29,2.9191542617016504,590.6883670167429,0.0,0.0,1.6147600386873158,1.6011691136904136,1.025
P10,1.6,30,6.2561614804290535,581.1526270786645,0.0,0.0,1.6126095539460554,1.6001902031451387,1.025
P10,1.6,31,9.344023539534541,581.0681938941375,0.0,0.0,1.610062040807201,1.5995193327165285,1.025
P10,1.6,32,12.826115988539208,589.2157459218655,0.0,0.0,1.60766130303072,1.5994157356457737,1.025
P10,1.6,33,16.406499661957714,605.9963503616664,0.0,0.0,1.6056084194911273,1.5996215021870877,1.025
P10,1.6,34,20.459342276697065,631.526588950421,0.0,0.0,1.6039133691111795,1.5997629502036044,1.025
P10,1.6,35,26.269664157237777,664.4963674615265,0.0,0.0,1.6024935555562656,1.5995706355596673,1.025
P10,1.6,36,33.390551171401434,704.4319517084996,0.0,0.0,1.6009209459555802,1.5995108094671413,1.025
P10,1.6,37,41.28293675825348,751.1912077155536,0.0,0.0,1.5993227371857333,1.599876851916367,1.025
P10,1.6,38,50.57792279309975,802.7329007822731,0.0,0.0,1.5981858779157576,1.6001668029564258,1.025
P10,1.6,39,61.122592278706776,856.3483704233892,0.0,0.0,1.5976225025353006,1.5997906488286673,1.025
P10,1.6,40,72.31936317138876,910.6753249604947,1.3276642879396934,0.1948274523405484,1.5975616326333983,1.5992537235645385,1.025
P10,1.6,41,84.83127883488359,964.5734933736896,0.8105281745855014,0.23928622549137335,1.5975493092069093,1.599233163537444,1.025
P10,1.6,42,98.62450510631145,1016.2832918935428,0.0,0.0,1.597481988394918,1.5996387597950164,1.025
P10,1.6,43,113.04002801081582,1064.7222680979335,0.0,0.0,1.5974612826431873,1.5995470331635713,1.025
P10,1.6,44,128.7581242400806,1109.338920125048,0.0,0.0,1.5976843867558541,1.5989906769790443,1.025
P10,1.6,45,146.03793023577458,1148.8767320807817,0.0,0.0,1.5981691403449527,1.598978890682588,1.025
P10,1.6,46,163.97478895376202,1181.4288294880112,0.0,0.0,1.5991953930620622,1.5993505026287043,1.025
P10,1.6,47,182.6651152889877,1204.9104451815438,0.0,0.0,1.6007105528756598,1.5996489822843483,1.025
P10,1.6,48,202.8632721985765,1216.7508633206671,0.0,0.0,1.6025469863863688,1.5995952061148755,1.025
P10,1.6,49,223.70826807988664,1213.8635957947067,18.516501284035762,23.533167367399045,1.6045569848486219,1.599398499498235,1.025
P10,1.6,50,244.3921664318074,1193.3807652234575,25.35331945032881,87.99068866247977,1.6064450214412924,1.599547444705044,1.025
P10,1.6,51,264.28205577603904,1152.6389669785638,26.558834631531568,191.6063859022844,1.6080860900091243,1.5998610031612777,1.025
P10,1.6,52,280.4766261447281,1088.5902494126958,13.069983097372484,327.16511483199076,1.6095242932318516,1.5999218213130053,1.025
P10,1.6,53,288.2055542232877,998.1295497744374,-22.13865396926791,472.6765812792017,1.6109225073909603,1.5995763121939004,1.025
P10,1.6,54,283.6915748171695,880.6020842657673,-71.20889729876487,605.3777383680617,1.6124929425124779,1.59958392325981,1.025
P10,1.6,55,265.5017244450056,740.815178348654,-117.97271529231597,714.931120948482,1.6138785698059859,1.601631353855673,1.025
P10,1.6,56,232.13449797993283,589.05560781154,-155.84792540453608,802.2780060390346,1.6156307456163477,1.6019309316449841,1.025
P10,1.6,57,185.03740687672743,437.8076023269228,-187.3981023314133,872.2741641432857,1.6180629593036397,1.587755833055005,1.025
P10,1.6,58,132.00244197919196,299.7449761492004,-213.3853259465989,932.401383623112,1.6195331356965545,1.5553299634362663,1.025
P10,1.6,59,82.12129392076295,186.88122336693107,-233.57336978062153,990.8704089618348,1.6183358684926077,1.5271758869855379,1.025
P10,1.6,60,41.31700528355404,105.40861954992404,-248.01901554491724,1050.4071960224035,1.6135283516132644,1.5260232489415568,1.025
P10,1.6,61,13.82137378423717,52.15640979739047,-255.68681892227664,1107.7633083289281,1.604760605462808,1.549738428904274,1.025
P10,1.6,62,-1.2201305174239423,20.010455811836493,-255.64208856686463,1159.0625300849206,1.5926382880235885,1.579473622472158,1.025
P10,1.6,63,-7.619449677293999,3.5120861805549097,-249.40142325696326,1200.4064817727876,1.5811565519944506,1.5962377250677153,1.025
P10,1.6,64,0.0,0.0,-237.54216622724567,1225.7576245356618,1.5749092649620533,1.596560244603707,1.025
P10,1.6,65,0.0,0.0,-219.7773579833594,1230.7989250723126,1.577137418601518,1.5896751309555979,1.025
P10,1.6,66,0.0,0.0,-198.560482562624,1216.5941994429254,1.5864664549731402,1.5843383172427992,1.025
P10,1.6,67,0.0,0.0,-175.35315021323905,1185.6795220724139,1.5975247358756712,1.5840270650187225,1.025
P10,1.6,68,0.0,0.0,-150.42638813500594,1139.0663135651714,1.6053391860043,1.5901224217815833,1.025
P10,1.6,69,3.0303531616873314,0.1752142737824789,-125.86434310129287,1079.0316601799937,1.608131085628101,1.6006338989789728,1.025
P10,1.6,70,2.4741035964888076,0.029626034429766978,-103.50645274681662,1010.7491132287786,1.6066117471360148,1.6113045365990661,1.025
P10,1.6,71,2.534086486426434,0.19392922277475955,-82.95342046662356,938.6333713290759,1.602737473960472,1.6185102710775887,1.025
P10,1.6,72,2.798157933018796,0.3837974514441694,-65.21768128080977,864.9854767305964,1.5989692413879832,1.6219745338753053,1.025
P10,1.6,73,2.0470059604885646,0.1401365664060024,-51.13454313605279,793.5533258240537,1.5971762088657446,1.6226953759052003,1.025
P10,1.6,74,0.0,0.0,-39.36179463119646,729.1963977327496,1.5972042308836123,1.6224664241458948,1.025
P10,1.6,75,0.0,0.0,-29.455779310617935,673.9763536118217,1.5981400593989539,1.6219887755085143,1.025
P10,1.6,76,0.0,0.0,-22.08950193952053,628.0712627647315,1.5996442416229748,1.620766842909446,1.025
P10,1.6,77,0.0,0.0,-16.177169365420085,593.0776629287152,1.6007564779256414,1.6190494675958147,1.025
P10,1.6,78,0.0,0.0,-10.816173723671024,569.8229704599504,1.6008049577760586,1.617276803190273,1.025
P10,1.6,79,0.0,0.0,-6.765876168341407,556.2999986550177,1.6000182749911864,1.615225880896717,1.025
P10,1.6,80,0.0,0.0,-3.687257306139191,551.1066809195117,1.599095211595374,1.6128563978481663,1.025
P10,1.6,81,0.0,0.0,-0.4577689698799125,554.6955351146929,1.5988906328083654,1.610218865823104,1.025
P10,1.6,82,0.0,0.0,2.8314676468101494,566.4315222662153,1.5990714755451372,1.6076451772505118,1.025
P10,1.6,83,0.0,0.0,6.421006157481897,584.5701341300032,1.5992158994741317,1.6054028336512942,1.025
P10,1.6,84,0.0,0.0,11.302400603148376,609.0998959049189,1.5992148229289993,1.6036753772553651,1.025
P10,1.6,85,0.0,0.0,17.351370848558425,641.0539301991237,1.5992405788396973,1.602001615706901,1.025
P10,1.6,86,0.0,0.0,24.59719705330429,679.8664043673317,1.59964512278392,1.6003237271833535,1.025
P10,1.6,87,0.0,0.0,33.42750009917863,724.2742525765327,1.599902890752341,1.5989105480129873,1.025
P10,1.6,88,0.0,0.0,43.20495115559348,774.151343780248,1.599843630560445,1.5982517325505559,1.025
P10,1.6,89,1.6550691226353211,0.09095116961161044,53.28140068183603,828.9360738129329,1.5996557896757593,1.5983280423461317,1.025
P10,1.6,90,1.5806430968171064,0.2439110132570438,64.21416672107455,885.9663316018786,1.5994056167562587,1.5985099803434393,1.025
P10,1.6,91,1.4856211669615023,0.014217367982305367,75.77533911197216,942.5504407974064,1.5994082676148373,1.5985970343814344,1.025
P10,1.6,92,0.0,0.0,87.2530015685544,997.4786795622136,1.5996459131062446,1.598504058397747,1.025
P10,1.6,93,0.0,0.0,99.23998689827803,1049.0947478477406,1.5996464839991524,1.5983972262693305,1.025
P10,1.6,94,0.0,0.0,111.88137040657413,1094.9052225274365,1.599391117489059,1.5984398007705145,1.025
P10,1.6,95,0.0,0.0,124.64478753433353,1133.7518170190046,1.5994531353046582,1.5981912158613574,1.025
P10,1.6,96,0.0,0.0,138.46469134561696,1165.6542937295599,1.599936543390061,1.5977154160396316,1.025
P10,1.6,97,0.0,0.0,154.69904106465546,1189.3818598441812,1.5998509875226326,1.5981814516155248,1.025
P10,1.6,98,0.0,0.0,173.32003615310992,1202.334903323414,1.599210601241802,1.6000291226390044,1.025
P10,1.6,99,20.32274412233011,11.846696196183236,194.43776255479148,1202.2078815385864,1.5990311172888383,1.6022681792513487,1.025
P10,1.8,0,19.034069680937737,12.08402591469709,244.380470198966,1266.020763697811,1.7998278314201093,1.8041389578428317,0.967
P10,1.8,1,26.857104865997616,71.8640590663163,269.53556554606826,1235.2940151271303,1.7999817835191598,1.8068617196451136,0.967
P10,1.8,2,30.33566140504883,172.57653255330612,291.83417499110897,1178.9497695934947,1.799749339375481,1.8095313481561073,0.967
P10,1.8,3,21.331617888348102,313.254123501954,308.0562955564713,1095.3020258941563,1.7995068966245158,1.811806426988458,0.967
P10,1.8,4,-8.33482130623664,478.17057672700275,314.00086257668875,983.9616263421185,1.7990995071289986,1.813912406968667,0.967
P10,1.8,5,-55.64871702650211,642.9871785389955,303.652340224031,846.8428288687365,1.7991700377531021,1.8161385222356548,0.967
P10,1.8,6,-106.33432930197073,786.5220250059244,274.98136969565695,690.8922211668362,1.8016314505400546,1.818581698716635,0.967
P10,1.8,7,-150.12881035862108,899.6152479581856,230.95397839763098,528.722339481177,1.8039352273877929,1.821306894083875,0.967
P10,1.8,8,-186.42104503253682,984.57115574601,175.1503895394653,375.6467397944848,1.794009771069868,1.824058761824556,0.967
P10,1.8,9,-215.24399887081682,1049.8963771410672,116.14592369656471,244.51743066115094,1.7624676436147022,1.8247373018499924,0.967
P10,1.8,10,-234.73690243403473,1105.267959974663,65.71193881305742,143.303146032695,1.7272152968548629,1.821276750649958,0.967
P10,1.8,11,-245.4538923209115,1156.087954889403,28.352461397421873,73.76686864214216,1.7141757989842328,1.8117938555842519,0.967
P10,1.8,12,-248.8243487158853,1201.3409015461116,3.477597496031167,31.097860544864176,1.7281127092532071,1.7963009571561812,0.967
P10,1.8,13,-243.76959454049856,1236.616944200787,-8.825747331176233,7.359864755310878,1.758178326022488,1.77976444838478,0.967
P10,1.8,14,-229.8859325851065,1257.6339955466603,0.0,0.0,1.7867435298830532,1.7685244403158973,0.967
P10,1.8,15,-210.72745683541348,1261.2258006160473,0.0,0.0,1.800109356273058,1.7683436369020717,0.967
P10,1.8,16,-187.86000602786555,1245.1464120026776,0.0,0.0,1.7998651353050978,1.7775416577496217,0.967
P10,1.8,17,-161.41108595955635,1208.8009246428362,0.0,0.0,1.7942454194299717,1.790487466725936,0.967
P10,1.8,18,-133.69726209863396,1155.279820172576,0.0,0.0,1.7909365421117889,1.8029396804038034,0.967
P10,1.8,19,-107.684338443241,1090.1162124617729,0.0,0.0,1.7948064744291257,1.8098621758999711,0.967
P10,1.8,20,-83.17889319317726,1017.8660053998453,0.0,0.0,1.8048703108631425,1.8107659518195685,0.967
P10,1.8,21,-60.413820215240406,941.6282827988939,0.0,0.0,1.8166166087455276,1.807259388386955,0.967
P10,1.8,22,-41.70254618995447,864.8799126007744,0.0,0.0,1.826211440042192,1.801533015743391,0.967
P10,1.8,23,-26.940116991447358,791.5670823496115,0.0,0.0,1.8304576127060321,1.7973610642324696,0.967
P10,1.8,24,-15.179527442702275,724.629621648237,1.5105994581225752,0.0026904892521968787,1.8301488128948322,1.7957481626177316,0.967
P10,1.8,25,-6.617452255863467,665.6810674185872,0.0,0.0,1.8272674036319718,1.7962395709059007,0.967
P10,1.8,26,-1.3244274080885372,615.7325394470665,0.0,0.0,1.8238767770275304,1.7984880947478232,0.967
P10,1.8,27,2.385550294968716,575.6676691428777,0.0,0.0,1.82118269902247,1.8002416141950446,0.967
P10,1.8,28,5.139991767303555,546.2561966227971,0.0,0.0,1.8186413829492152,1.80044836441808,0.967
P10,1.8,29,6.422487774286655,527.5103468618731,0.0,0.0,1.816254793353527,1.8004877432681068,0.967
P10,1.8,30,7.287026079417014,518.9161853399678,0.0,0.0,1.8134872653868759,1.8003871156031956,0.967
P10,1.8,31,8.593128070239857,520.2786015656343,0.0,0.0,1.8102894994746617,1.7996798359186026,0.967
P10,1.8,32,10.28640864384638,531.4120907066906,0.0,0.0,1.8074665799858303,1.7989952138451264,0.967
P10,1.8,33,12.762351732394416,551.8197787056058,0.0,0.0,1.8053414635222347,1.7988611417297706,0.967
P10,1.8,34,16.95549879206715,581.2149170026498,0.0,0.0,1.80330080775097,1.7992523483733374,0.967
P10,1.8,35,22.74588396034803,619.504606133582,0.0,0.0,1.8019021888236095,1.7996503924292053,0.967
P10,1.8,36,30.078165653291624,665.9344327766833,0.7751087634359151,0.07497315606696016,1.8005643372088462,1.799735350253334,0.967
P10,1.8,37,39.5060526474734,719.5128957125006,0.7582234334046737,0.053261073178685066,1.798968711830575,1.7996094170925923,0.967
P10,1.8,38,50.65951914033327,779.7061620170482,1.0668789138141217,0.13704639579810415,1.7977115303700195,1.7995460819890736,0.967
P10,1.8,39,62.84695836057347,845.0750349885966,0.7321752676119728,0.581268149431472,1.797020674951596,1.7994426999518727,0.967
P10,1.8,40,76.46925138083712,912.671390728685,0.2170466946317978,0.7594523469167475,1.7971731292830087,1.7992534380480787,0.967
P10,1.8,41,92.12081910882823,979.930588878664,-0.043735656311753704,0.04737864991383829,1.797696863121331,1.7995678712293668,0.967
P10,1.8,42,109.40904350728233,1045.5008317765537,0.0,0.0,1.798122438881717,1.7999980896660737,0.967
P10,1.8,43,128.3990193536174,1107.5446145050896,0.0,0.0,1.798629798039928,1.7997145582535115,0.967
P10,1.8,44,149.32208460908933,1162.9853482857625,0.0,0.0,1.7988665185451105,1.7995800114796143,0.967
P10,1.8,45,171.5452877934274,1208.86609847333,0.0,0.0,1.7991332464295835,1.7996421585620455,0.967
P10,1.8,46,194.49355250572577,1242.9398167791965,0.0,0.0,1.799831695537248,1.7992684654225806,0.967
P10,1.8,47,218.13276162647577,1262.9138924019871,0.0,0.0,1.8011003462747837,1.79906512073002,0.967
P10,1.8,48,242.0206401389712,1266.2678055845172,0.0,0.0,1.8036877682548533,1.7993011337317482,0.967
P10,1.8,49,265.0118542441788,1250.393500978098,16.628470262820922,24.204302609715143,1.8067685504711188,1.7996893789263846,0.967
P10,1.8,50,286.11554051780524,1212.358304547732,20.1951384971229,95.8256898934127,1.8094635994769575,1.800121357713768,0.967
P10,1.8,51,303.3541480999203,1149.272994018316,17.333258892742567,210.95022651371545,1.8118782592721951,1.799769155109407,0.967
P10,1.8,52,312.90637099939374,1059.7031492710064,0.08181097954066816,364.8516030615764,1.8134692373806938,1.7992153136459033,0.967
P10,1.8,53,310.3152153185011,944.5129120662182,-37.9527991800338,537.2384822383862,1.8145213384662067,1.799182955806069,0.967
P10,1.8,54,292.0790802532852,807.0271674076304,-91.4569272080964,700.559633060693,1.8156784287715901,1.7993273133111283,0.967
P10,1.8,55,258.3529719550764,654.2218543064887,-145.63367144737046,834.9186117713241,1.817073260153617,1.8000790684974193,0.967
P10,1.8,56,212.32541203269287,497.9584381148529,-191.04565083446633,936.0600680003266,1.8190892899013211,1.7986892162847838,0.967
P10,1.8,57,158.54019287326224,352.62165318492737,-227.5373956476907,1010.639473759945,1.8207751192686932,1.7851155813822315,0.967
P10,1.8,58,104.88563262862591,230.00016906853696,-255.99045577510094,1069.0340979860246,1.8195873782490408,1.7542601160997247,0.967
P10,1.8,59,59.65302754276332,136.36773220796294,-275.9249281736203,1120.8101723031791,1.8150997418303096,1.7188131056894842,0.967
P10,1.8,60,25.984251607588803,71.88443286469752,-287.7718643069798,1171.0511854110337,1.806387471548798,1.708394735740579,0.967
P10,1.8,61,4.064391477884799,31.562366755119616,-292.1514100327528,1218.7307761131444,1.7934781364734016,1.7300465305429005,0.967
P10,1.8,62,-6.619319220113448,8.137583769069268,-288.29057198156147,1258.5712767550924,1.7806123865192869,1.763439008245435,0.967
P10,1.8,63,0.0,0.0,-276.53112457125883,1285.0509209178604,1.771691190897365,1.7912487861796205,0.967
P10,1.8,64,0.0,0.0,-259.55906423766913,1294.139440961378,1.7717068545127004,1.8031093031037877,0.967
P10,1.8,65,0.0,0.0,-237.97867106849748,1282.9768726721363,1.7803246342299077,1.7998681337484148,0.967
P10,1.8,66,0.0,0.0,-211.91524799317352,1250.867352770272,1.7915381078881445,1.7924099755948306,0.967
P10,1.8,67,0.0,0.0,-183.68968393206865,1200.2919768748952,1.8014821453688177,1.7890712846222916,0.967
P10,1.8,68,0.0,0.0,-155.26651874596863,1135.486349144754,1.8073120217102217,1.7925062737638007,0.967
P10,1.8,69,0.0,0.0,-126.92595986106832,1060.5679896754448,1.8084141493260313,1.8018243088227328,0.967
P10,1.8,70,2.461492610019886,0.44075189639172513,-100.14062433083383,979.4425753565172,1.8062267914158259,1.8130799099853985,0.967
P10,1.8,71,2.0930651317641584,0.40779118000701686,-77.02219994020825,896.7107927333393,1.801938054196375,1.822679317910116,0.967
P10,1.8,72,1.8257129153945804,0.2860165073281274,-57.47124744794606,816.5597243281718,1.7980299324522777,1.8289840622303564,0.967
P10,1.8,73,2.0230634415165065,0.13142091393063682,-41.3470314045304,741.4706936291008,1.7963433141370997,1.831102087526876,0.967
P10,1.8,74,0.0,0.0,-29.40985098753192,673.5245411963124,1.7968533517542704,1.8304641833148136,0.967
P10,1.8,75,0.0,0.0,-21.192991576992938,615.1213456808339,1.7987699197508489,1.8284380824769715,0.967
P10,1.8,76,0.0,0.0,-15.001035045476781,567.7638722485034,1.800244254055508,1.8263206562040306,0.967
P10,1.8,77,0.0,0.0,-10.732501995601705,531.4261274089013,1.8005209623995548,1.8239520012412078,0.967
P10,1.8,78,0.0,0.0,-8.590746701039429,505.8819687615278,1.8004726909630147,1.8206453824499271,0.967
P10,1.8,79,0.0,0.0,-7.094854114803399,491.2595150003428,1.8002007503359836,1.8170258101385552,0.967
P10,1.8,80,0.0,0.0,-5.467424767692815,486.8417824219518,1.7995093894556526,1.8134634690534899,0.967
P10,1.8,81,0.0,0.0,-4.262146139157506,491.29244564337506,1.7992966153745296,1.8099318498671784,0.967
P10,1.8,82,0.0,0.0,-3.0176478269851534,503.94944773636297,1.799435303412176,1.8067575138656669,0.967
P10,1.8,83,0.0,0.0,-0.4767400555431463,524.718623326996,1.79963928748911,1.8047634289559695,0.967
P10,1.8,84,0.0,0.0,3.2327231882859144,553.1962570125783,1.7998287755620408,1.803217628431829,0.967
P10,1.8,85,0.0,0.0,8.140989930278955,588.7601589399441,1.7994485271699214,1.8014703209301184,0.967
P10,1.8,86,0.0,0.0,15.004292966340977,631.4090170325047,1.7992228776209491,1.7997344653240783,0.967
P10,1.8,87,0.0,0.0,23.758076147277333,681.4015162325113,1.7994248206467376,1.7980999677531575,0.967
P10,1.8,88,1.3282759500809151,0.3060905596710492,33.80082295366317,738.1363606150263,1.7994416426313389,1.7970828236478482,0.967
P10,1.8,89,0.8259124018430463,0.6936382632070247,45.14219932667218,800.3346860644916,1.799507076362697,1.7969857498573807,0.967
P10,1.8,90,0.5338748030457185,0.7519682035172736,58.03899686954134,866.9298345862236,1.7995147373586569,1.7974756892635304,0.967
P10,1.8,91,0.19239620706468566,0.3751882976571622,72.18518510466961,936.7457051516934,1.799470418093908,1.7980604085299934,0.967
P10,1.8,92,0.0,0.0,87.9498864155886,1007.3927364889059,1.7996737655075628,1.7986119349825824,0.967
P10,1.8,93,0.0,0.0,105.89240794413406,1075.5348693066283,1.7998513516388983,1.7987082279508735,0.967
P10,1.8,94,0.0,0.0,125.59914022765692,1138.1405969168757,1.7998276774563757,1.7981690006338926,0.967
P10,1.8,95,0.0,0.0,146.75111837182504,1192.3967019454947,1.7995375126272628,1.7976650453955594,0.967
P10,1.8,96,0.0,0.0,169.60692282759746,1235.1009681046814,1.7991506002770392,1.7976395623278774,0.967
P10,1.8,97,0.0,0.0,193.8989235279377,1263.2043141608908,1.7990730654424771,1.798427299774921,0.967
P10,1.8,98,0.0,0.0,218.9281498074748,1274.3956734205558,1.7992518999381315,1.8005508046212777,0.967
P10,1.8,99,19.033440777202035,12.080929237700946,244.46833926311814,1266.2602755721246,1.7996642987949145,1.8032490834858543,0.967
P11,1.0,0,12.567546719158972,10.860080376539026,127.53574027204182,906.0511989462891,0.99996762298182,1.0017386719295311,1.397
P11,1.0,1,22.43849692830668,47.6040707904728,138.19592163380528,897.5800772330144,0.9996463355206947,1.0028314042567381,1.397
P11,1.0,2,24.70429258007439,107.66962275629679,148.79656264110977,880.6616519056397,0.9993969493037865,1.0036186668579028,1.397
P11,1.0,3,8.382388821043103,179.42797977832544,157.53415774066747,852.1362199451659,0.9991828203842863,1.0040975245086845,1.397
P11,1.0,4,-21.304272370213585,251.3231997346368,162.86393675254018,808.5864255405182,1.0004172642037796,1.0048074606339288,1.397
P11,1.0,5,-49.25454284855773,323.46097097224913,164.45641476544162,749.0218521918314,1.0042531784348965,1.0058717597129687,1.397
P11,1.0,6,-70.93993490633687,394.5182620940868,161.08380811493433,673.3418458478783,1.0015667583932955,1.006482183339349,1.397
P11,1.0,7,-88.35317253218373,459.4696586805487,151.01652879316038,581.9914750423646,0.9828995707689063,1.0063681590991411,1.397
P11,1.0,8,-100.80114754591953,516.2526536795708,133.95936947159882,480.3168310733019,0.9674285406777151,1.0061349185147115,1.397
P11,1.0,9,-108.04633071958146,564.4434173243384,109.93206405573306,375.48856955386634,0.9729376824081426,1.005943687066579,1.397
P11,1.0,10,-111.4591063455694,608.3494103149602,81.24302440305244,276.2917938654687,0.9866634927664023,1.0050058119835228,1.397
P11,1.0,11,-113.19009669424354,654.6668704894129,53.29449999065337,192.47618276372017,0.9914494758109023,1.0044183798624866,1.397
P11,1.0,12,-113.46034188273828,701.8858467224373,30.833184277782255,127.1999779055088,0.990723676498144,1.0035477314236898,1.397
P11,1.0,13,-112.1886758545504,745.8129087753517,14.757727960916851,80.14862716713833,0.9922468893419055,1.001025816566761,1.397
P11,1.0,14,-109.57633864943526,784.6077131581449,4.769654429489488,49.603828144089846,0.9940609230868642,0.9967570853476013,1.397
P11,1.0,15,-105.3725794092831,815.0538905185086,-0.6326252071169324,29.987520381880778,0.9950245034613637,0.9948817453642147,1.397
P11,1.0,16,-99.73633025245793,835.2967028808961,-3.1082862324145,17.594425108169457,0.9945876743880041,0.9971310751242694,1.397
P11,1.0,17,-92.99150329006399,846.2504959817717,-3.6899276450732312,10.31466346281973,0.9944654225017981,0.9992874466399596,1.397
P11,1.0,18,-85.9089246623576,849.1423636833792,-3.426731786097173,5.914720362035301,0.9965498358570836,0.9999031451646232,1.397
P11,1.0,19,-78.68332236049551,845.3149484375687,-2.753055385942183,3.7529118645352013,0.9992903261111872,0.9999553999941349,1.397
P11,1.0,20,-71.37849072811034,835.8972324694994,-2.213930269418054,2.944093502432392,1.0010599847907695,0.9998656454885775,1.397
P11,1.0,21,-64.35061612897529,822.8857151269468,-1.9200780837004725,2.6906077997418065,1.0022041271321767,0.9998449411807564,1.397
P11,1.0,22,-57.55128643360188,808.0828896817048,-1.730780178240059,2.7373617331032634,1.0030532289226683,1.0003500187608056,1.397
P11,1.0,23,-50.90595259233184,791.6259711222141,-1.6129748000346735,2.766236782263724,1.0028569526949778,1.0003342310834864,1.397
P11,1.0,24,-44.72424197235853,775.6474715216025,-1.4861073702468035,2.788717587245307,1.0029328642563817,1.0002686053373042,1.397
P11,1.0,25,-38.950345679141286,761.9973156414736,-1.3811167919323146,2.845649658740557,1.00369339404935,0.9998530935073408,1.397
P11,1.0,26,-33.37519491905362,750.477281649116,-1.3000529930758393,2.803185921793147,1.004281654506195,0.9999515497576306,1.397
P11,1.0,27,-28.16773299841596,742.6851468554835,-1.255148255175356,2.728639892822989,1.004073724752313,0.9996176271458147,1.397
P11,1.0,28,-23.307272743027855,739.7711981073438,-1.2437284608332457,2.6178592165053693,1.0036344810796585,0.999416176815251,1.397
P11,1.0,29,-18.737359697069987,740.7946900248697,-1.2393159195137347,2.413201668797288,1.0032795756108395,1.0000324483124756,1.397
P11,1.0,30,-14.25628848586765,745.281526775341,-1.2285233496003043,2.2038800713941042,1.003014552259821,1.0000942362293868,1.397
P11,1.0,31,-9.871200017817287,752.8406721774281,-1.183969492502982,2.0039161977788615,1.0023130619037588,0.9996926883641057,1.397
P11,1.0,32,-5.4723730512092,762.2748318704698,-1.1046460571964873,1.820217397096875,1.0017111498774227,0.9997708082778344,1.397
P11,1.0,33,-0.7746284593956629,772.0623025337442,-1.009982433723179,1.653764185143638,1.00105916992243,0.9993806399837021,1.397
P11,1.0,34,4.092079013634694,781.5895879549408,-0.8924588839095366,1.449141003922526,1.0006035246999143,0.9991719145691795,1.397
P11,1.0,35,9.197230871965,791.1282261938436,-0.7893013029283288,1.2580241588597338,1.0001509326610958,0.9995018357202438,1.397
P11,1.0,36,14.575821628796636,799.737853971626,-0.6886858685247317,1.0603507428294157,1.0002535035784077,0.9999807335363482,1.397
P11,1.0,37,20.247145976804557,807.1879635088833,-0.5903835891350298,0.8518839760020258,1.0003022304919598,0.9998854264295934,1.397
P11,1.0,38,26.212529131478778,814.633501944589,-0.5058795663254038,0.6843764844322937,1.0001596477436283,0.9991994303322329,1.397
P11,1.0,39,32.41982878400614,822.1877723978369,-0.4106211416027979,0.557996284798359,1.0009208409029766,0.9994553435629082,1.397
P11,1.0,40,39.07577297272856,829.7020499770541,-0.3083011319886393,0.47731499726086024,1.0015228354719212,0.9998482214465124,1.397
P11,1.0,41,46.13036186484125,837.7395603763133,-0.21765584166947938,0.44690509889957514,1.001677227446681,1.0000143820945333,1.397
P11,1.0,42,53.53580847954235,846.3978811671722,-0.16471803108623279,0.39523205383178384,1.0016685162085857,0.9996193927549469,1.397
P11,1.0,43,61.361652157038755,854.9334822136761,-0.20829446788798064,0.13844209696468399,1.0017622561730377,0.999224412000255,1.397
P11,1.0,44,69.51355844916878,862.8784533275061,0.0,0.0,1.002049199210521,0.9992616235946781,1.397
P11,1.0,45,78.04193902340685,869.9850883436586,0.0,0.0,1.0019942050911985,0.9993270599141209,1.397
P11,1.0,46,87.03318388817178,875.6061621440404,0.0,0.0,1.0025408716384632,0.9998684001865155,1.397
P11,1.0,47,96.68328341715946,878.7814308684885,0.0,0.0,1.0029809248893222,0.9997739755239323,1.397
P11,1.0,48,107.02720570198262,878.8287430103924,0.0,0.0,1.0028739366504429,0.9991452803457983,1.397
P11,1.0,49,117.91573540095153,874.828718193178,8.862186787056888,14.779537288373305,1.003058997527017,0.9994369329645353,1.397
P11,1.0,50,129.15091694797476,865.1413167085194,15.55823703917546,51.29657431980063,1.0036252203955451,0.9997865773643707,1.397
P11,1.0,51,140.04979426283052,847.9307300522812,17.212942324793126,108.27264049305606,1.0046663837630956,1.0000295862840332,1.397
P11,1.0,52,149.44729456214571,821.0145548788133,6.476372794393941,174.92246284008522,1.0050130923484017,0.99922046582178,1.397
P11,1.0,53,156.35753728610067,782.3660468994311,-15.732854083493846,238.81223991806417,1.0053911734129723,0.9993748957165322,1.397
P11,1.0,54,160.1678114524213,731.3096761994565,-41.18198006699665,297.8732164033011,1.0058773703633008,1.0011745205135258,1.397
P11,1.0,55,159.88008725809104,667.6467135571123,-64.86557007063438,356.86009500083946,1.00598068699425,0.9980998885519761,1.397
P11,1.0,56,154.35605601403972,591.3815486886826,-86.5088156972093,419.50264418768086,1.0064597354473537,0.9871624775396234,1.397
P11,1.0,57,142.53699426848667,504.3327238152449,-105.63369210258215,486.2658143741818,1.0066774867960673,0.9767582662828556,1.397
P11,1.0,58,123.72765047779288,409.9048348843038,-120.70352718903688,554.6890075961567,1.0067059398747502,0.9765934917254865,1.397
P11,1.0,59,98.86644074717685,314.42488160804965,-130.65628573050537,621.8694895730197,1.0053308339586942,0.9839195744950586,1.397
P11,1.0,60,71.60349397704435,226.36137851494829,-135.33296417202965,684.4819636518761,1.004289408494496,0.9880566772679051,1.397
P11,1.0,61,46.705144372473164,152.03164121000285,-135.15927453268412,738.7847698823341,1.0038954235387345,0.9871799799540579,1.397
P11,1.0,62,26.926555375482344,95.00810719730678,-131.271960992154,783.126189500074,1.0023006671802457,0.9855262489836863,1.397
P11,1.0,63,12.9804583546588,55.309523565614086,-125.09817679650726,817.229855494797,0.9995853741384855,0.9867982080974045,1.397
P11,1.0,64,4.397708737966131,29.374699288312875,-117.58689040678459,841.3069738354998,0.9966889550490738,0.9905694105511806,1.397
P11,1.0,65,0.07792827660740266,13.482929454221411,-109.35102075273382,856.5302234649907,0.9956706813069437,0.9944267199820709,1.397
P11,1.0,66,-1.2364753560472912,4.743660117178213,-100.84871239305552,863.5812283472748,0.9968653123758574,0.9983894666644508,1.397
P11,1.0,67,-1.0937343687931815,0.5826234767339836,-92.34204648088335,863.0746566695121,0.9983448027369517,1.000615896161896,1.397
P11,1.0,68,0.0,0.0,-83.90331029505938,856.2897533714753,0.9994490575561482,1.0006191841528884,1.397
P11,1.0,69,0.0,0.0,-75.6488660834248,844.46027402845,0.999500109369642,1.0014219090234049,1.397
P11,1.0,70,0.0,0.0,-67.60047373358714,829.5015409389422,1.0001021482996804,1.0026107993445907,1.397
P11,1.0,71,0.0,0.0,-59.78330713658785,813.1468393225177,1.0010217328709077,1.0034767642234972,1.397
P11,1.0,72,0.0,0.0,-52.3458592234936,796.579646889436,1.0008226776560987,1.0040388508033864,1.397
P11,1.0,73,0.17505071117414245,0.07822260724219957,-45.29724594963327,781.0579829331107,1.0002666411753018,1.0048198813159088,1.397
P11,1.0,74,0.045554836989932714,0.1415597573099509,-38.636684749149076,767.3374104913788,0.999813003100774,1.0050797974757815,1.397
P11,1.0,75,-0.020444267993279124,0.11942856365971899,-32.262696652054856,755.9189362460489,0.9995893707102597,1.0042519841314177,1.397
P11,1.0,76,-0.021165283717509864,0.07108925809235651,-26.11163428072578,747.4652824228152,0.9994305282426093,1.0041028639399068,1.397
P11,1.0,77,-0.022603230387047073,0.04211640084770557,-20.147756730876637,742.0934479348787,0.9993478046126372,1.0042296009444178,1.397
P11,1.0,78,-0.021809284418572147,0.020668374297737425,-14.410968705767312,739.6679159669054,0.9998019635405389,1.0032349378426522,1.397
P11,1.0,79,-0.018148005349425057,0.007415443519784045,-8.967379283742835,740.1668326359803,0.9996022523248759,1.0029921108077755,1.397
P11,1.0,80,-0.01789200661711737,0.004262487576925117,-3.6854247222163323,743.0615189272783,0.9993343025234617,1.0035553817964906,1.397
P11,1.0,81,-0.02364134632927457,0.00973531916580829,1.400668898649993,747.8264783184864,0.9993837935476446,1.003455491257588,1.397
P11,1.0,82,-0.03016028399786624,0.013172778160578394,6.318579232116216,753.7554559502076,0.9992338667278432,1.0017818220779062,1.397
P11,1.0,83,-0.028299567531206063,0.009720895189493902,11.091817385661288,760.2948386399639,0.9996047547744794,1.0010623324984564,1.397
P11,1.0,84,-0.02195714967061454,0.0089389981247042,15.798824360526032,767.4089385422798,1.0000467288314878,1.0013387035621655,1.397
P11,1.0,85,-0.01406188815836415,0.005645093754492056,20.5926940898412,775.0767482808287,1.0000682949064925,1.00093665049683,1.397
P11,1.0,86,0.0,0.0,25.484110590681134,783.1254195654369,0.9997485320992004,1.001102593550886,1.397
P11,1.0,87,0.0,0.0,30.692536550391694,791.6884036285785,0.9994841675628873,1.0009511977321524,1.397
P11,1.0,88,0.0,0.0,36.25178200553519,800.897798509822,0.9993754932518272,1.0005431187855915,1.397
P11,1.0,89,0.025964592872445263,0.02337950543265688,42.26902289088765,810.8111904392844,0.9992243388100343,1.0000354415772568,1.397
P11,1.0,90,0.0448025012984776,0.09516297071554992,49.01640950620398,821.7748363026273,0.999434272327308,1.000851325850758,1.397
P11,1.0,91,0.046606175108498155,0.20643697148291426,56.45968221649122,833.7734875701863,0.9999454736724022,1.0017394778373265,1.397
P11,1.0,92,-0.012418561872868609,0.29578379292879015,64.64659150571924,846.8012256026234,0.9997758427626472,1.0009496024617537,1.397
P11,1.0,93,-0.19637033950262292,0.18109624866426852,73.26829886026668,860.5615727066868,0.9993093988468561,1.000917846424902,1.397
P11,1.0,94,0.0,0.0,81.99285401483657,874.1806092249323,0.9992830239877656,1.0015794627608243,1.397
P11,1.0,95,0.0,0.0,90.68871988076776,886.7420017064677,1.0000063052180344,1.002016904099159,1.397
P11,1.0,96,0.0,0.0,99.35192420721741,897.2517697591812,0.9998062496862441,1.0024562539312858,1.397
P11,1.0,97,0.0,0.0,108.32864367719446,904.6634303119389,0.999555636913379,1.0023839518095585,1.397
P11,1.0,98,0.0,0.0,117.81654674471986,908.046090935471,0.9999035703555145,1.002331133910299,1.397
P11,1.0,99,12.604835910686694,10.866458633664003,128.02242712918562,906.0888886539159,0.999991893564655,1.0016429910488331,1.397
P11,1.2,0,11.473396225762302,11.074856213798922,156.78604704371068,926.1903379072754,1.1994971862015793,1.203246563601943,1.293
P11,1.2,1,20.189375338593635,52.63603114431572,168.6171852879751,918.0868180820324,1.1992493066960668,1.2036619734603036,1.293
P11,1.2,2,23.766839362548904,122.29832099861942,179.9492293305069,899.899106281255,1.1990276904149921,1.2044716149934087,1.293
P11,1.2,3,10.660298143174524,206.89469162107932,189.42709167094222,869.1347409236528,1.1993293954150694,1.2052206500600107,1.293
P11,1.2,4,-20.341842624868885,285.0357271648077,194.88370120260578,822.2970487265986,1.1997376787161915,1.2060873708741564,1.293
P11,1.2,5,-53.49159333725822,353.4568464343535,195.4699917715476,757.7669853372435,1.2022730370407044,1.206607138561666,1.293
P11,1.2,6,-79.79282663482785,418.5451326485985,190.72470029746182,677.1258959928508,1.2035144538883542,1.2070316487552517,1.293
P11,1.2,7,-102.32830301750592,480.91783766796624,177.7979878218623,580.2175919693262,1.189170745708287,1.2071481196270912,1.293
P11,1.2,8,-122.21837800374176,543.4873231349125,155.23535529789132,471.67471566178216,1.1671728121995941,1.2068805868608208,1.293
P11,1.2,9,-137.99662081548365,608.6815891231563,125.05053873258439,363.2353167171222,1.1617629654134007,1.2062876384033658,1.293
P11,1.2,10,-149.18316909195147,671.8129450177149,90.6446394491525,262.59063071618726,1.1777765642311382,1.204789714063593,1.293
P11,1.2,11,-154.98524471512542,731.1783832332849,58.23155125566872,177.29146423970923,1.19180174984962,1.2037019112956486,1.293
P11,1.2,12,-156.64260781832516,786.3178053393672,33.30198794848857,113.63674390941479,1.1908967519778475,1.2026458672613716,1.293
P11,1.2,13,-154.18028674726543,831.2925687468166,16.633690070461366,68.84366471121552,1.1860866476420455,1.1989902732706053,1.293
P11,1.2,14,-148.0197479765616,863.240146727956,6.325691148647016,39.52517250887859,1.185141572351214,1.193259523111316,1.293
P11,1.2,15,-139.82264974738155,884.0498262324952,1.492476744137584,23.136977442165303,1.1875101037751283,1.1909718608558102,1.293
P11,1.2,16,-130.05706633233095,893.3423425051316,-0.5654575194210302,13.139604067390687,1.192201934966751,1.1941463982837532,1.293
P11,1.2,17,-119.29688107023493,891.8770277766624,-1.5989311738797873,6.83037056018232,1.1971616689977895,1.199333185913171,1.293
P11,1.2,18,-108.26698673557979,882.5294373736107,-1.3793993612490383,3.8739647100793917,1.2009741819911717,1.2016788491498283,1.293
P11,1.2,19,-97.02734656289944,866.3508099699335,-1.0824800298082793,2.526733851824164,1.202550302192356,1.2012164203411775,1.293
P11,1.2,20,-86.47375805780557,845.1377313562306,-0.7060077113709439,2.172479708365998,1.203383127451778,1.2002837530084318,1.293
P11,1.2,21,-76.58794400543725,820.5592206188103,-0.30468802385289845,2.3735184627938413,1.2043083788331639,1.1999753298317721,1.293
P11,1.2,22,-67.17468937484004,793.4976001317846,-0.45747366386767147,2.192145831122466,1.2051271417070704,1.1999941869299506,1.293
P11,1.2,23,-59.029600282069424,767.3365942890983,-0.4034040858623263,2.231189540956808,1.2062879148478687,1.2000335755043423,1.293
P11,1.2,24,-51.56142363729551,744.028050647079,-0.3134218463130894,2.4638163800747104,1.2067258261583604,1.199897280605345,1.293
P11,1.2,25,-44.4122931512335,723.22250089409,-0.3710132312431965,2.151207238309155,1.2068340112728655,1.1995111801113971,1.293
P11,1.2,26,-38.133848827103925,707.1699377838472,-0.3008365369929177,2.0079570764503227,1.2066621916815128,1.1990980231661168,1.293
P11,1.2,27,-32.22709202280776,696.6772909232344,-0.22618003445860335,2.035655304776665,1.2062946618267314,1.1995880284779497,1.293
P11,1.2,28,-26.509715062553745,689.4115066957721,-0.1733149116211708,1.799604790463857,1.205899000919533,1.1995755928582874,1.293
P11,1.2,29,-21.217547964067304,686.0966160897949,-0.11819058632831937,1.740653394192057,1.2052466955050287,1.1989300698323135,1.293
P11,1.2,30,-16.03535273535715,687.9589082332396,-0.08114534363014628,1.735862558562678,1.2039666786137198,1.1987589391989513,1.293
P11,1.2,31,-11.183968479222065,693.338982694214,-0.07523517667438336,1.5896502868752853,1.2030366907889298,1.1994633856339902,1.293
P11,1.2,32,-6.269908060569643,701.5032598608846,-0.12839862137173422,1.5271564744669945,1.2023470731935568,1.1997417514444857,1.293
P11,1.2,33,-1.091791292385615,712.1230866487956,-0.18846155143029844,1.4594271459136063,1.2019077621772005,1.1998386707740192,1.293
P11,1.2,34,3.9656396586163503,724.4075481100415,-0.2513942819440947,1.4360751036999748,1.2015693057499426,1.1997710237964545,1.293
P11,1.2,35,9.424061338600172,737.564383335558,-0.31400368229589987,1.5861129129554623,1.2011114198722934,1.199773597449317,1.293
P11,1.2,36,15.319077885017112,749.9761241339464,-0.3241630210112302,1.5673308479462966,1.2006781892614555,1.2000913057953126,1.293
P11,1.2,37,21.456308978755004,761.6943195436487,-0.28127013472758894,1.4466151330464054,1.200611343521666,1.2001698400358318,1.293
P11,1.2,38,28.382075502868844,773.8234469261903,-0.20985551144407139,1.5313980555246078,1.2008169059227696,1.2001675492155384,1.293
P11,1.2,39,36.119089202697694,785.5706844374895,-0.15204839941100767,1.5697333944972929,1.201067169166403,1.1997872607286686,1.293
P11,1.2,40,44.96230128587921,797.1497234521345,-0.1054698715871423,1.5613520418075897,1.201102972924594,1.19967948711609,1.293
P11,1.2,41,54.935712882730016,810.4470808945748,-0.07790070552241353,1.6952926793331893,1.2010052942639122,1.199473365910679,1.293
P11,1.2,42,65.53663480713197,825.3897886968426,-0.11575946607313328,1.7191618785678784,1.2016226244396044,1.1992775368178674,1.293
P11,1.2,43,76.77864259478153,840.8697384107869,-0.24564417177100772,1.3468217118829438,1.202150979583577,1.1994799389533173,1.293
P11,1.2,44,88.23119306179113,856.4743869485524,-0.4643510549684532,0.22964847956776444,1.2024250746176135,1.1993323919004024,1.293
P11,1.2,45,99.51673749297608,871.4618503129951,0.0,0.0,1.2028337844176262,1.1990942401252007,1.293
P11,1.2,46,110.88941892962089,884.5127411991215,0.0,0.0,1.2035420651388493,1.199200690867874,1.293
P11,1.2,47,122.39963169076061,894.0831397460418,0.0,0.0,1.2040541196254289,1.1996316776622218,1.293
P11,1.2,48,134.30223502640175,899.0375362947727,0.0,0.0,1.204218845589645,1.1995650033934298,1.293
P11,1.2,49,146.61132989576254,898.5952158815813,8.516996651999909,13.158953623165399,1.2043025992440206,1.1996438919463779,1.293
P11,1.2,50,158.96513547072323,891.0684801571148,14.317799473276054,54.085936875526414,1.2038853265170792,1.1993311361611845,1.293
P11,1.2,51,171.08031578546564,874.4100172691111,15.851984511388322,122.39113116595036,1.2042450368627116,1.1998650745995398,1.293
P11,1.2,52,181.64931016006815,846.8592159317126,4.670804712737645,206.58636166703747,1.2049655794223715,1.2002510109713223,1.293
P11,1.2,53,188.91811659912722,805.6354117134005,-21.415548688495793,284.7193901018673,1.205761697532387,1.1999316136027405,1.293
P11,1.2,54,192.22224147614745,748.6512883413154,-52.595816255291666,347.7841060750849,1.206368478214825,1.200860114433131,1.293
P11,1.2,55,190.39707197110718,676.4916283114466,-80.70576681953101,404.01303654335965,1.2070865186343176,1.2004196783433598,1.293
P11,1.2,56,180.92049402131354,588.9398855780553,-106.9080159106941,462.2782951028779,1.2074688849159634,1.188996218436401,1.293
P11,1.2,57,162.46473395670296,488.4475105291091,-131.97171838675234,528.7636221610948,1.2073324030529382,1.1721063050789835,1.293
P11,1.2,58,135.2648081262114,383.89735354277997,-153.17820744370462,605.1435443759877,1.2071032212768071,1.1665746189848405,1.293
P11,1.2,59,102.16100265356269,283.0132825294222,-168.06973984695492,685.2424049436107,1.2062100941344935,1.177269272112465,1.293
P11,1.2,60,69.34245150523446,193.18334545186713,-175.56298167951093,761.0975032879982,1.2049821331183332,1.1877611388084204,1.293
P11,1.2,61,41.999258292539025,122.59343997402036,-176.08886546111373,825.6214034899828,1.2031813768777824,1.1877499554167494,1.293
P11,1.2,62,21.769230411463507,72.32646805337598,-170.55591905566502,873.3040041556809,1.1996887070787867,1.1825580396673518,1.293
P11,1.2,63,8.475078391532227,39.3731629642837,-161.00503998475634,904.1481252006885,1.1944430489140203,1.1803431862454963,1.293
P11,1.2,64,1.4038055344065956,20.271675668761524,-149.67562727519186,920.942727209953,1.1909684096673006,1.1835146735392894,1.293
P11,1.2,65,-1.3753199295322107,9.421532402574915,-137.42100430346088,925.3972114747252,1.1926201804111627,1.1906836470182076,1.293
P11,1.2,66,-1.8714222140970533,3.302319112125988,-124.9149552090583,920.2805553533653,1.1965915438288235,1.198582089108617,1.293
P11,1.2,67,-1.1479789069428254,0.8144556981689568,-112.40950725220495,907.3443817984737,1.1993557645432533,1.2037600579758194,1.293
P11,1.2,68,-0.2969871920222765,0.181754690037388,-100.0760934126577,886.7036243259076,1.200304941559894,1.2055811882505372,1.293
P11,1.2,69,0.12048904075941777,0.02540289569534442,-88.1283462096695,861.0774396142116,1.200786834309643,1.2052674028934438,1.293
P11,1.2,70,0.21440186650929177,0.14220929820397474,-76.59032798571411,832.741201286252,1.2009362216810069,1.20487212300692,1.293
P11,1.2,71,0.1978481547925832,0.30962364458974,-65.99611032791462,802.9054092370368,1.2007524060577506,1.2055221703665058,1.293
P11,1.2,72,0.2339975740557278,0.3759349003130995,-56.33860385908975,774.2158601070146,1.2001314865943273,1.2071814765871232,1.293
P11,1.2,73,0.3505006601150211,0.34870516151581044,-47.47115110319237,748.0630842469003,1.199350368939866,1.208722081827328,1.293
P11,1.2,74,0.5056462918138022,0.2523407169111909,-39.56649884622814,725.3144582898474,1.199092488437016,1.2090711883938463,1.293
P11,1.2,75,0.34517348225794436,0.36256095333277594,-32.26025378314044,707.5274662463587,1.199269181482077,1.208461089055844,1.293
P11,1.2,76,-0.19533605823908468,0.61422271376795,-25.43179810529855,694.4950008704145,1.1993487036277346,1.2072673384009924,1.293
P11,1.2,77,-0.440863000932594,0.6568790942098736,-19.224141897166973,685.4643553920645,1.1994575522232005,1.2061165358945085,1.293
P11,1.2,78,-0.28504984494726276,0.49862476274999634,-13.444329335439425,680.7644364361868,1.1996184013024838,1.2052007468532897,1.293
P11,1.2,79,-0.015456673076900088,0.42329418226027343,-7.845020294246667,679.7366957402403,1.199680483286305,1.2042496364205075,1.293
P11,1.2,80,0.1573383083186743,0.46755451772440076,-2.4628518353321076,681.7443186977854,1.1994191790627198,1.2035735941965797,1.293
P11,1.2,81,0.13565921540861786,0.4401830611566617,2.73612853695557,686.8695880614828,1.1990771478962243,1.2029411956124012,1.293
P11,1.2,82,0.040498172011194315,0.3232097719838773,7.9073628238999225,694.0749566023842,1.1994247451298843,1.2022682856282567,1.293
P11,1.2,83,-0.025681028577489204,0.22124615360811434,12.998169049292924,702.8441473814747,1.1995538159171941,1.2019730265669715,1.293
P11,1.2,84,-0.03702010369252584,0.1616037619509111,18.093673843169398,713.2720681144839,1.199418297430772,1.201742850711363,1.293
P11,1.2,85,-0.020001456529330674,0.09483890295870247,23.201416258633255,724.6364963493795,1.1996149774022289,1.201525287034376,1.293
P11,1.2,86,-0.011887444146164028,0.02465607063855024,28.495904699709012,736.9939313315854,1.1995897885227134,1.201621524539103,1.293
P11,1.2,87,-0.005588220369024558,0.00932623891734566,34.2586287764157,750.8231524920689,1.1997955781371794,1.2008602933561496,1.293
P11,1.2,88,0.006523305006797001,0.045990101087512225,40.61928762369193,765.6893004643322,1.2001541871674255,1.2008879285341483,1.293
P11,1.2,89,0.015970865273921716,0.1202271012949419,48.05105855791907,781.5640051116874,1.1998546175685183,1.2009778983272603,1.293
P11,1.2,90,0.015599701420378843,0.24473374321624256,56.71781356343683,798.9488250876913,1.1994656657851541,1.2005263465057343,1.293
P11,1.2,91,-0.017580214964501982,0.3962377253045705,66.52006350633972,817.6920240353912,1.1993281144797023,1.200709588976901,1.293
P11,1.2,92,-0.11619357221532157,0.4451023152947546,77.43019409882218,837.5203492697949,1.1992555308651598,1.2011324186588823,1.293
P11,1.2,93,-0.3273828938283061,0.10562541376625402,88.8883322756809,857.6471222807079,1.1994035931361215,1.2011596547051582,1.293
P11,1.2,94,0.0,0.0,100.39430280546576,876.7182120742791,1.1994363450548489,1.201430266138413,1.293
P11,1.2,95,0.0,0.0,111.6775506945562,893.9619884827871,1.199642595324493,1.2021165899884914,1.293
P11,1.2,96,0.0,0.0,122.67322254105692,908.5708668522542,1.1995299688057226,1.2020481596283203,1.293
P11,1.2,97,0.0,0.0,133.66128048623924,919.541102441065,1.1996823488070452,1.2027948013934107,1.293
P11,1.2,98,0.0,0.0,144.91616753479693,925.9245357025409,1.1997740296236876,1.2035609019117801,1.293
P11,1.2,99,11.47114911527582,11.07856792730454,156.5658794578947,926.0527976638969,1.1996086243158648,1.2032670188940315,1.293
P11,1.4,0,12.490461948169877,11.183972738928125,190.88986103860177,963.0189533526512,1.399532489870378,1.4064518460516704,1.192
P11,1.4,1,19.889543535722563,56.02384154838817,203.27355503243933,951.16589361785,1.3996270508624398,1.4062193051216272,1.192
P11,1.4,2,21.960623019957946,132.09391079298936,213.99681251750206,926.729261382891,1.3996605753136815,1.4062193812385968,1.192
P11,1.4,3,8.199919039960829,229.3150355093969,222.19634627940744,887.6230605231656,1.3994333566481871,1.406625584682563,1.192
P11,1.4,4,-25.65204934537046,323.4812467951206,225.28489796077096,830.8580301365863,1.4007627274319197,1.4073152665233397,1.192
P11,1.4,5,-65.7445654893775,403.99021614504886,221.5829697636476,753.0315104657238,1.4037769784965197,1.4074705135490646,1.192
P11,1.4,6,-97.95890006616048,476.0588694338412,210.86005771985248,656.9106758790261,1.3977673853533874,1.4072938755304711,1.192
P11,1.4,7,-124.05961327625677,542.9451568694612,190.47789940433913,547.0595742168249,1.3743572624674434,1.40726487676489,1.192
P11,1.4,8,-147.78832628741796,607.408721107676,158.63174544069471,429.56006876194954,1.3526313937932855,1.4066449641371468,1.192
P11,1.4,9,-166.69925392156392,673.2420864675959,120.031535907689,317.00773375670985,1.354293812725093,1.4063492745894437,1.192
P11,1.4,10,-180.11055481857363,739.5640476705573,81.5465341991402,220.6777029211468,1.375641143472381,1.4058522814119288,1.192
P11,1.4,11,-187.02900494777361,800.5597002201773,49.10035887068736,143.24989297501543,1.3909993129307203,1.4025266780657732,1.192
P11,1.4,12,-186.94800989245974,854.3049195649359,25.89223996801377,86.87508738036038,1.3904985473634504,1.3959930536673975,1.192
P11,1.4,13,-182.8103764835036,899.731533451161,11.261699154530168,51.26182816812465,1.3843244862738326,1.389406361182915,1.192
P11,1.4,14,-174.33768370624503,932.272275846645,3.3883534456979976,29.939448668353066,1.3823817154216875,1.3869675711643743,1.192
P11,1.4,15,-162.7038964532727,950.0465888501486,-0.3456727618602157,16.893957410866765,1.3865353406234706,1.3906516510672708,1.192
P11,1.4,16,-150.03987668297302,955.3470147173917,-1.8961688701469455,10.351039271596882,1.3933978229455468,1.397140095805041,1.192
P11,1.4,17,-136.0630768090258,948.6068230683376,-2.019231728533918,7.1907504066697205,1.4003756589666905,1.4021697341881,1.192
P11,1.4,18,-121.38981912570537,930.58354486644,-2.1018251707869693,5.170989992094832,1.404797755974102,1.4031226416436213,1.192
P11,1.4,19,-107.49448028158598,903.6482862014127,-1.894222486309906,4.721666931942322,1.406645545466146,1.4013290834502516,1.192
P11,1.4,20,-93.38902791600164,869.4951071505295,-1.397860913082297,4.8586925364890785,1.4068746076793466,1.3994204870671454,1.192
P11,1.4,21,-80.51306935478202,830.0941236063869,-1.102503704778933,4.20960505297655,1.4075759724537262,1.3985094413036547,1.192
P11,1.4,22,-69.20107000444476,788.941572937209,-0.4621715126860458,3.8657755306642563,1.4088325710248975,1.3988595403640285,1.192
P11,1.4,23,-58.76420141952323,748.4777110390879,0.3140284360865816,3.8436560960411907,1.4099661929090967,1.3999073084114773,1.192
P11,1.4,24,-49.85192615258027,710.6631762926717,0.13785527691372068,3.2364781489244083,1.4108841255994296,1.4003312045522813,1.192
P11,1.4,25,-42.36958421269851,678.8221714165464,0.1535752316984644,2.8598924575081672,1.4112340895123094,1.4000211949364163,1.192
P11,1.4,26,-35.30939124243344,654.3377928202857,0.23169919400857836,2.819066471731538,1.410368483070454,1.3998506167794624,1.192
P11,1.4,27,-29.00736329985279,635.8027624523511,-0.0442843483453171,2.3688424507636046,1.4087633458893734,1.3997660339185294,1.192
P11,1.4,28,-23.232779248256232,623.8670639126268,-0.04487064517285054,1.9848260307396894,1.4075791135727818,1.3994692983051036,1.192
P11,1.4,29,-17.803710427229653,618.8400770076317,-0.04435108744630131,2.063619241942501,1.406495942723547,1.3993670129445464,1.192
P11,1.4,30,-12.83858493950302,618.156013124708,-0.20152556428460727,1.9913050444438454,1.4054150008478128,1.399500946408066,1.192
P11,1.4,31,-8.024797311440173,621.2432393075712,-0.19874842374555268,1.802949024298769,1.4043571841511944,1.3995249314823153,1.192
P11,1.4,32,-3.360470136138122,629.3137671807474,-0.38234861652289104,1.9957835644565651,1.4034299760295754,1.3996029874813072,1.192
P11,1.4,33,1.272758300909851,641.3183687030606,-0.4223039867441697,1.9841589596723486,1.402659075452883,1.3996385022775277,1.192
P11,1.4,34,6.128249308097127,656.2115338655874,-0.1366826553438259,1.6264817526452584,1.4019686257899047,1.3994597595106113,1.192
P11,1.4,35,11.48737056752031,673.980838772953,-0.10172313320733514,1.498846989907709,1.4012376390762447,1.399531472662952,1.192
P11,1.4,36,17.444388191438296,693.584454176163,-0.12451599080286928,1.4474741117951242,1.4005325924784586,1.3996766346782121,1.192
P11,1.4,37,24.094402821787764,714.042247964186,-0.14653745029934298,1.417602013344115,1.4001117945046722,1.399438966589991,1.192
P11,1.4,38,31.822258117010435,734.952257135349,-0.2415077606486145,1.6495726247063527,1.3999064257919782,1.3996616144057838,1.192
P11,1.4,39,41.021574313508836,755.2563604629582,-0.14721239774157008,1.810357645182531,1.4000182926124807,1.399829879312964,1.192
P11,1.4,40,51.61359044664337,775.2192624875144,0.019825299707286193,1.7744988492482305,1.4005454846735195,1.399494113437101,1.192
P11,1.4,41,63.8204866803177,796.501615897449,0.10807294541063106,1.8006184111124761,1.401357459927957,1.39952709803982,1.192
P11,1.4,42,77.27391862280253,818.9310358804995,0.13580255914129777,1.723489765113732,1.4019191402619062,1.3999699065243367,1.192
P11,1.4,43,91.21516348389915,841.5719110698639,-0.059811452557553,1.0083625046188331,1.4027470855216648,1.3999138293733226,1.192
P11,1.4,44,105.2402325987808,864.6901880235898,0.0,0.0,1.4037699928334113,1.3994494636168955,1.192
P11,1.4,45,118.67945519047494,887.472453108816,0.0,0.0,1.4047004584885894,1.3993475393303734,1.192
P11,1.4,46,131.40927841477813,907.5929888348262,0.0,0.0,1.405280217976474,1.3994629964357566,1.192
P11,1.4,47,144.0928803397379,923.3879558745484,0.0,0.0,1.4054651751624767,1.3994718611939108,1.192
P11,1.4,48,156.78400343996503,933.6776686434692,0.0,0.0,1.4054332935638911,1.3997927662723795,1.192
P11,1.4,49,169.56314627423563,936.816001476857,8.141090624364184,8.180807529171245,1.405149090158401,1.3999077155677144,1.192
P11,1.4,50,182.52812003219387,931.136775404784,13.300411217166737,47.58805039178592,1.404862263899696,1.399475720158091,1.192
P11,1.4,51,194.92908513133506,915.063221142657,15.57451282335431,117.62080563512825,1.405421284800775,1.3994276461588686,1.192
P11,1.4,52,205.98340038193612,886.6492263852297,7.415226811490311,211.72971260810027,1.406248597760469,1.3995391626683868,1.192
P11,1.4,53,214.02253873387812,843.3718699543759,-17.464875296067028,307.0751690828125,1.4071376739495343,1.3993360212277133,1.192
P11,1.4,54,217.02357098388595,782.1521316003794,-53.001941404045105,385.2070483762483,1.4082371570022274,1.4001331538739643,1.192
P11,1.4,55,214.4840591803886,702.4933694412362,-86.61394557272833,448.6255313084063,1.408731002720905,1.3974722350058244,1.192
P11,1.4,56,203.85058811690044,606.4811246957416,-116.1216897050437,507.4537805135647,1.4086075462625423,1.382809423393228,1.192
P11,1.4,57,181.86651854780203,497.48571163610063,-144.93805403457597,570.5567889131603,1.4083942919934762,1.362135624925738,1.192
P11,1.4,58,149.54546028331546,383.8666589190078,-170.74652684634057,643.5167283948517,1.4077935089032125,1.3561692754406784,1.192
P11,1.4,59,111.41111280721613,277.3564719900755,-190.25477052805542,723.7971722680611,1.4068431304374203,1.3704119776337074,1.192
P11,1.4,60,74.3111141409621,184.9928918343708,-201.1628968368503,801.8181170520293,1.4047806138428023,1.3861213460091135,1.192
P11,1.4,61,44.66541797802462,111.85411243985436,-202.66196492842855,869.2252236295878,1.400735116004462,1.3882443645743445,1.192
P11,1.4,62,23.51581597723286,61.741694728042944,-196.93019724515645,920.7150298350332,1.3934862760547666,1.3812685559482787,1.192
P11,1.4,63,10.143050300818478,30.82717414556368,-185.8037113023561,953.8192872500364,1.38661522212896,1.3765308249625274,1.192
P11,1.4,64,2.931749026510014,12.31328129382009,-170.96493650676786,970.2825204575303,1.3861843459567955,1.37957734442314,1.192
P11,1.4,65,-0.3004740777067293,2.9301954946158952,-155.62540655751525,973.4596815610481,1.3917285341409575,1.3896913034586205,1.192
P11,1.4,66,0.0,0.0,-140.07351291613602,964.6816123776689,1.3978670747968012,1.401435502385606,1.192
P11,1.4,67,0.0,0.0,-124.8662104017247,945.7036631091661,1.401522263951818,1.408955720590574,1.192
P11,1.4,68,0.0,0.0,-110.67920140131935,919.0900217887315,1.4016650279175544,1.4107934984478274,1.192
P11,1.4,69,0.11048531490590127,0.09730192782347896,-96.67596692691033,885.5131418186486,1.4003197202553697,1.4095532385025655,1.192
P11,1.4,70,0.5614076219659723,0.7037838636378049,-83.41896599345507,846.7701757919223,1.3993828108361621,1.4080234330031745,1.192
P11,1.4,71,0.6956131594360916,0.8685904209078327,-71.2964564062328,806.446281056535,1.3989609555970455,1.4073730671816582,1.192
P11,1.4,72,0.69316491928904,0.883483038304678,-59.66244928686709,766.1280189763177,1.399109170359302,1.408733727062951,1.192
P11,1.4,73,0.5341943925090348,0.829191238087456,-49.73433957500531,727.4388533339181,1.399586907155571,1.4104290498454721,1.192
P11,1.4,74,0.42388955269932577,0.7438881340756098,-41.24651728073004,693.3514225828533,1.3998633320053278,1.4114742648681216,1.192
P11,1.4,75,0.42311357450869946,0.6429924803159216,-33.342348705981784,664.6125818293276,1.3999533979179752,1.411751089707569,1.192
P11,1.4,76,0.5175612941000255,0.5343798832133431,-26.808539557137752,641.1190465337435,1.3998369953619885,1.4108544397779506,1.192
P11,1.4,77,0.6882976933382892,0.5958589617053974,-21.026318611131995,624.1768478468814,1.3994971173094641,1.4089552666536644,1.192
P11,1.4,78,0.36590917243165766,0.879481069205284,-15.57281090004241,613.5908860949359,1.3990359919383442,1.4070902097983913,1.192
P11,1.4,79,-0.3071535815764864,1.0638599435255318,-10.935362623569052,607.6615796245369,1.3994243230819408,1.405846791031786,1.192
P11,1.4,80,-0.4550381951692455,0.9172389125062792,-6.572490100988933,606.492875299348,1.3997060818317502,1.4053893608612074,1.192
P11,1.4,81,-0.2745226381451537,0.7033085517011634,-2.254426813919971,610.3832075938583,1.3994023474521418,1.4045355684130327,1.192
P11,1.4,82,-0.07313176030955516,0.6592862419132268,1.9691545900147227,617.9684870856723,1.3995673075321322,1.403328984758381,1.192
P11,1.4,83,0.027259536080187777,0.6175097635364875,6.538337663336994,629.1172735216184,1.399634867504523,1.402293938368586,1.192
P11,1.4,84,-0.10495229360992135,0.42695231394020994,11.288294943480121,644.346910926968,1.3992467514908236,1.4016137498299572,1.192
P11,1.4,85,-0.24862479891156777,0.2740303019634075,16.452815445001484,662.521670438571,1.3995333296395471,1.4012696334553065,1.192
P11,1.4,86,-0.24896208036121603,0.2658106299505571,22.34594609252742,683.0741677352948,1.4000199170339955,1.4004214555156336,1.192
P11,1.4,87,-0.1758178740617847,0.2906297113449097,28.88973322808444,706.2443322425584,1.3995134169239556,1.4000718938257088,1.192
P11,1.4,88,0.10001772108121286,0.26983168570127253,36.4735324218819,730.9563978293345,1.3991996233007244,1.4004683750304403,1.192
P11,1.4,89,0.33249385077250027,0.26538500448130603,45.49910312125711,756.6482433775554,1.3997159519338287,1.4001786252389992,1.192
P11,1.4,90,0.2751507354272212,0.3637907798221253,56.40286384540686,784.1280792420968,1.3999671151217457,1.4001949753807352,1.192
P11,1.4,91,0.11406524215509582,0.4865976695109931,69.40649514544899,812.9352224422759,1.3996282553488346,1.4007137040255053,1.192
P11,1.4,92,-0.07458352038814375,0.39035994497321674,84.05896756727313,841.7868542731809,1.3994810182695974,1.4006317031763076,1.192
P11,1.4,93,0.0,0.0,99.97508236264053,870.3217690553154,1.3993847196258695,1.4012698438060094,1.192
P11,1.4,94,0.0,0.0,116.4929750204964,897.6059438755548,1.3993627274108935,1.402804700159177,1.192
P11,1.4,95,0.0,0.0,132.62014770351595,921.7242137898365,1.3998039183967395,1.404065543734565,1.192
P11,1.4,96,0.0,0.0,148.27807942409007,941.6998792256886,1.3998840820840899,1.4047800245220445,1.192
P11,1.4,97,0.0,0.0,163.34370705634205,956.5554170434287,1.3993893300033804,1.405661098761648,1.192
P11,1.4,98,0.0,0.0,177.53575201899397,964.2154179638384,1.3994600041476568,1.4065451677880902,1.192
P11,1.4,99,12.479474511237981,11.179672291199255,191.01242990875326,962.9228964000256,1.399545276012422,1.4065935437490504,1.192
P11,1.6,0,11.970322254987622,11.414099488330308,223.62285064028106,994.6977155544446,1.5991268349715175,1.6083796928948848,1.12
P11,1.6,1,16.85004491876574,59.44382740801544,237.3577352420448,982.5337263429755,1.5992361189178381,1.608197000883596,1.12
P11,1.6,2,16.35308859323822,141.56075549664945,248.6098942669927,955.0122110974932,1.5996131361586625,1.607837674405883,1.12
P11,1.6,3,1.8098326947949765,250.22903921452382,256.3027155208086,909.5875818952915,1.5996866030207848,1.6078476062728395,1.12
P11,1.6,4,-32.747127701552365,359.9265845827802,257.86138491613593,843.7418458585421,1.599949454747851,1.6080403656772864,1.12
P11,1.6,5,-77.22087054715449,452.70952040072575,250.14142176677254,754.5569843215483,1.6016649809993302,1.6080947251135835,1.12
P11,1.6,6,-115.42462433048298,531.7976468171582,232.47057159756412,645.8330194922008,1.6005056002612392,1.6083588802417959,1.12
P11,1.6,7,-146.08087217626235,602.5655814752446,204.23430959578127,526.2747002905752,1.5849540228457408,1.6087907431156128,1.12
P11,1.6,8,-173.64094665762832,669.4784160137038,164.84253122893927,404.1839773688505,1.557242806982037,1.6088520318280284,1.12
P11,1.6,9,-195.84063455306895,736.9325952035564,120.43416531950892,290.32870283849377,1.541712069784221,1.6082508361728283,1.12
P11,1.6,10,-210.65322176002118,805.5190936158765,80.06237983806462,195.7472954522165,1.5548127654798696,1.605697834683636,1.12
P11,1.6,11,-218.86331386403424,869.7664561793396,47.75322883028516,123.406065086906,1.578743688897081,1.6007836870906116,1.12
P11,1.6,12,-219.2635234781179,923.8310105897147,24.79677303903283,71.40359784202963,1.590281904373789,1.5928898747071605,1.12
P11,1.6,13,-212.91364296280256,966.5419651003857,10.612192467026293,38.28734478657388,1.5877985736095763,1.5848694437096853,1.12
P11,1.6,14,-202.91525463711528,996.5797786984408,3.1662109286551416,20.253577394360224,1.5825946469138006,1.582855800738417,1.12
P11,1.6,15,-188.7934686630531,1010.7834841776117,-0.29672398699856767,10.859918804150974,1.5825443665515144,1.5879603812398249,1.12
P11,1.6,16,-172.27449834047079,1009.4921926431888,-1.6460317012141639,5.657579676072007,1.5878502415787528,1.595796721691731,1.12
P11,1.6,17,-155.11957207109458,995.688630149489,-1.8734318720859477,4.129427723918957,1.5964500026169035,1.601553842617391,1.12
P11,1.6,18,-137.22931414368486,970.2879669490752,-1.3411545263138083,4.2787281221343445,1.6044859289796511,1.6034993785020786,1.12
P11,1.6,19,-119.34326493467698,934.7181408657019,-1.2094525228642903,4.099173952124805,1.6094127842047636,1.6017449627871618,1.12
P11,1.6,20,-103.1035428177665,891.4041875117831,-1.0577781613382804,4.24202542716503,1.6111709096163727,1.5990973327354865,1.12
P11,1.6,21,-87.51703431724054,842.8330986938779,-0.6866128443414213,4.774515516736555,1.6113237568597676,1.5979268949409013,1.12
P11,1.6,22,-73.45318696352645,791.935296679821,-0.4089068079901587,4.291981724242796,1.611619378007214,1.5981556254771614,1.12
P11,1.6,23,-61.82034170067587,742.5089924852284,-0.17212117941456115,3.611584246363127,1.6125536892630166,1.5990652437501813,1.12
P11,1.6,24,-51.543189758472224,697.0654060802624,0.3629063484629359,3.532918136809252,1.6135668878046918,1.5999804760655445,1.12
P11,1.6,25,-42.45486285583014,656.2224220440561,0.2125328167715941,3.08688432692948,1.613990042607682,1.6005498685928226,1.12
P11,1.6,26,-35.15820057450893,621.801310829005,-0.025906022934538663,2.473224726519995,1.6138901364810947,1.6005043458642532,1.12
P11,1.6,27,-28.66974858656393,596.0666380533171,0.27879683674310113,2.461938952467913,1.6127930903944692,1.6000120088073784,1.12
P11,1.6,28,-22.557568543955764,577.7160648892,0.28823044949057497,2.5744486947319416,1.6109194164444174,1.5994577307934903,1.12
P11,1.6,29,-17.278066561842586,564.6033811308685,0.1352056047032605,2.3134487871060094,1.6090928738165808,1.5993292298856614,1.12
P11,1.6,30,-12.44841650683946,557.7762955577546,0.14784405717565302,2.156182511374321,1.6073672012008562,1.599261376188499,1.12
P11,1.6,31,-7.975614194600583,557.2407257423865,-0.04887299022325027,2.2793498102492635,1.6060725227220491,1.5992254484471817,1.12
P11,1.6,32,-3.809746533526312,560.9504496353063,-0.2410453818011236,2.1511350548874866,1.6051350771457449,1.5995437502191852,1.12
P11,1.6,33,0.473107716812417,568.6944466812962,-0.18947504411627034,1.8734374846582613,1.6041039548800375,1.5998982129638535,1.12
P11,1.6,34,5.078200172520211,581.4751823737894,-0.3488782786215764,2.044547660727913,1.6028527634785443,1.599864909986078,1.12
P11,1.6,35,10.062724653207491,598.712859928926,-0.343374160848968,2.1616139312456237,1.6019905247422432,1.5996831926309951,1.12
P11,1.6,36,15.824689572923178,619.7904301343646,-0.05563582218111622,1.9852919508025317,1.601388173115496,1.5996339884370983,1.12
P11,1.6,37,22.923304704639058,644.5816732477593,0.011148666924808552,1.8862108002497577,1.600678642673868,1.5994362790726817,1.12
P11,1.6,38,31.538184003927377,672.1792552223912,0.08368995610541682,1.757896037022568,1.6003622783112712,1.5993509096910217,1.12
P11,1.6,39,41.852998475516316,701.8410623059389,0.12295308323723653,1.693971822938816,1.6002315439238657,1.5994785737852446,1.12
P11,1.6,40,54.20845312475232,733.7121303086179,-0.15069718269470408,2.1295571955261146,1.600367654262556,1.599396559864563,1.12
P11,1.6,41,68.8360122019671,766.8427178094656,-0.4164607771342663,2.6356894460283384,1.600607317518539,1.5992224881225359,1.12
P11,1.6,42,85.19476321566258,799.7795912639532,-0.4618555296486623,2.4600346224266323,1.6007584637511696,1.5992222383986079,1.12
P11,1.6,43,102.75196205814436,832.892849581933,-0.4573353143170886,1.4091969074142694,1.6013120128644083,1.5994149970081604,1.12
P11,1.6,44,120.69212673892747,866.1438728919311,0.0,0.0,1.6025061642189302,1.5995582669552464,1.12
P11,1.6,45,137.9109080546763,897.2355471255643,0.0,0.0,1.6039462578327306,1.5995852170972646,1.12
P11,1.6,46,154.1580759954232,924.1106331770063,0.0,0.0,1.6054921622277514,1.5995025477640636,1.12
P11,1.6,47,169.6737515984536,945.9082692499381,0.0,0.0,1.6068913559837605,1.5997057713322766,1.12
P11,1.6,48,184.41563814819486,960.8926768866012,0.0,0.0,1.6075852944101365,1.6000943276902637,1.12
P11,1.6,49,198.73079812429322,966.5092838122293,7.38751076957192,7.461239580678099,1.6074678848275914,1.5997813121726385,1.12
P11,1.6,50,212.9289385909433,960.7987837928923,10.348289072989328,47.8151189857248,1.6067005553907507,1.5994881590956909,1.12
P11,1.6,51,226.25113180049465,942.3625996593939,10.050747040410291,119.93297906012494,1.6062797374307611,1.5996648977293102,1.12
P11,1.6,52,237.7482204979541,909.4347492640586,0.7852564275339575,220.4522252077338,1.6066172706767754,1.5996480679655154,1.12
P11,1.6,53,245.66902347095268,859.5541520527804,-23.74189246123983,329.0653191476133,1.6076369129633754,1.599224536375876,1.12
P11,1.6,54,246.858699828306,789.6147680531413,-61.44096752011302,422.5105294313821,1.608838648068199,1.5989048897875575,1.12
P11,1.6,55,239.68956108779827,698.9493823125055,-100.46983871004252,497.28909898354783,1.6096628209175885,1.597913233146703,1.12
P11,1.6,56,222.601355883546,591.959795785288,-134.63147521620857,563.4064219849216,1.6102130744501881,1.5893485606892548,1.12
P11,1.6,57,192.7068862754244,475.2757150689069,-166.67795706257826,631.0921233506507,1.6100475246569956,1.5690408956761286,1.12
P11,1.6,58,152.61691173734218,357.7511662301811,-196.30404467519386,706.8371975478123,1.6092756748538681,1.5510979448264308,1.12
P11,1.6,59,109.92190621952963,250.81822561747194,-218.96181177759672,789.0909591624303,1.6079260012878733,1.5527177793350928,1.12
P11,1.6,60,71.70925938384148,162.7107241809399,-232.53636359847616,867.9418883089905,1.605230859814788,1.570619876846427,1.12
P11,1.6,61,41.84914835737317,95.55486709426826,-236.0520200537434,933.8793057682815,1.599409797257894,1.5847931663870283,1.12
P11,1.6,62,21.24332472584534,50.046332849658704,-230.46708544149507,983.7510110024904,1.5902605867372677,1.5843150698610415,1.12
P11,1.6,63,8.581766549059363,24.17634827771229,-218.4436861406158,1016.5748244899803,1.5824092295683687,1.576886099496756,1.12
P11,1.6,64,2.2473422103153067,11.161709630123442,-201.95995430198286,1031.518320664463,1.5822876758749098,1.5746628272444236,1.12
P11,1.6,65,-0.36414675842715455,4.8328572886198895,-182.81674961066543,1030.4732244279135,1.5886671250366637,1.5817822980598955,1.12
P11,1.6,66,-0.8392437932255354,3.324717679918772,-163.44433257996852,1016.6674684746949,1.5961399195623374,1.5941373751765768,1.12
P11,1.6,67,-0.1358726855138213,4.785149959215726,-144.31470573008787,990.9828523667347,1.601011575106004,1.6057659431828575,1.12
P11,1.6,68,0.5945322635776783,6.391013665386388,-126.00185272345233,954.7333405862807,1.6021357155666551,1.6126645126594188,1.12
P11,1.6,69,0.9505716091081193,7.145792246903101,-108.77325817337352,911.2174123491104,1.6008780441624604,1.6144651798689347,1.12
P11,1.6,70,1.538132430931099,7.779056998096369,-92.45017751349057,862.3228912744736,1.599167012169342,1.6135480141297356,1.12
P11,1.6,71,2.077261805794169,8.344496209424584,-77.40522282345279,809.7449836230437,1.5987164929402948,1.6120804172461136,1.12
P11,1.6,72,2.2368456448467033,8.440427289846332,-63.91064091908269,757.382391011824,1.5991547814565588,1.6118701845297803,1.12
P11,1.6,73,2.2765550437441884,8.25231420765232,-51.664661511223834,708.2360156877074,1.599452487500229,1.612765285416558,1.12
P11,1.6,74,2.1451776390694777,7.967602934492131,-41.16195935131171,663.1655651789672,1.5997503099839976,1.614081513284957,1.12
P11,1.6,75,1.9369326069751636,7.682765130768184,-32.70591987317777,624.0903774500065,1.5999382463572114,1.6148094240513358,1.12
P11,1.6,76,1.8652941470629025,7.537367299971767,-25.45884783399008,592.7411785416108,1.5997511268260145,1.61461549525367,1.12
P11,1.6,77,1.8558053520312412,7.411161268920971,-19.434026026821726,568.2597799659721,1.5995610239419193,1.6134939959377512,1.12
P11,1.6,78,2.0007292493873114,7.063380458411286,-14.793729014719823,550.0110828408855,1.5995860993321778,1.6115098502993463,1.12
P11,1.6,79,2.273836714690951,6.67817731213113,-11.012133268249872,538.8646609261392,1.5995241234642399,1.6090471412148015,1.12
P11,1.6,80,2.0842199413897666,6.351435010591207,-7.6735864070026425,534.2141534709361,1.599481482781131,1.6071998194951727,1.12
P11,1.6,81,1.6148342060498007,5.846690812612593,-4.480918303342224,534.491257468389,1.599518365819389,1.605950253447975,1.12
P11,1.6,82,1.4675425967201179,5.107778587286886,-1.0802663579751002,540.009862659687,1.5994439286902502,1.60444308201687,1.12
P11,1.6,83,1.4068971705455466,4.4070604714592205,2.76066350467403,551.3109409147999,1.5995997562013153,1.6029771928538978,1.12
P11,1.6,84,1.1892430558957532,3.858876110208857,7.310843579351016,567.2422047347738,1.5995576377408853,1.6018047389446475,1.12
P11,1.6,85,0.8590763543831582,3.339267475192947,12.720010537270003,587.4724466740807,1.5994652594913674,1.60081145853433,1.12
P11,1.6,86,0.4767386285326764,2.7479861548724758,18.978908511862873,612.7567097899836,1.5995848796958274,1.6001353377115393,1.12
P11,1.6,87,0.1340350220415149,2.2468759498228223,26.4237913424492,642.4421690261986,1.5997694458125231,1.6000969923963562,1.12
P11,1.6,88,-0.07304340750818679,2.0031146961940296,35.37460175926568,675.405169342051,1.599552527608084,1.6002662429345207,1.12
P11,1.6,89,-0.1426903841150396,1.8486025282211753,46.09523627849865,711.6361297633945,1.5992376690617687,1.6000671914015525,1.12
P11,1.6,90,-0.041656022158917026,1.5900844479293905,59.03813335903038,750.5144561319651,1.599172477543694,1.6003275995453956,1.12
P11,1.6,91,0.05975676666160837,1.3100301936009702,74.34883994731406,790.3900270826956,1.5993355381834635,1.6005054072875096,1.12
P11,1.6,92,-0.13404481991766726,0.9613696849814413,91.93384497936917,830.3379418543669,1.5994944642789324,1.6000130469303886,1.12
P11,1.6,93,0.0,0.0,111.34243443846017,869.4400583221853,1.5993718659478056,1.6003637138394888,1.12
P11,1.6,94,0.0,0.0,131.4692336175864,905.651468436721,1.599328359050847,1.6014306786124162,1.12
P11,1.6,95,0.0,0.0,151.39283025225748,937.2737965088088,1.5993614425119438,1.6024989205136735,1.12
P11,1.6,96,0.0,0.0,170.75461691601382,963.6405251363607,1.5994130932327242,1.6040646104982683,1.12
P11,1.6,97,0.0,0.0,189.0222762218174,983.4038970121254,1.5994820247727286,1.60577523926895,1.12
P11,1.6,98,0.0,0.0,205.84527924827918,994.3946059208773,1.5993221725282323,1.6073496529502462,1.12
P11,1.6,99,11.834741314373987,11.390121467283656,221.31595490675778,994.8323384987211,1.5990728327791095,1.6083309038714781,1.12
P11,1.8,0,11.108969724810324,11.642820824486959,248.5741054280486,995.3902021211647,1.79935846102244,1.8083839388066694,1.04
P11,1.8,1,13.608530277742988,64.21812153613868,263.4598924753236,984.5835992706238,1.798917844841357,1.809444349126655,1.04
P11,1.8,2,10.418526402725751,153.67669817379686,275.17255081976185,956.311249933193,1.7987961984317318,1.8098426529628584,1.04
P11,1.8,3,-5.5152192114512335,276.0201291733244,282.17861469187227,907.4836468998803,1.7988977144090776,1.8095451403459761,1.04
P11,1.8,4,-40.727097338723866,407.36256833125753,281.8546222671396,836.3272781067014,1.7993863434949364,1.8095546783639709,1.04
P11,1.8,5,-89.62778471559938,521.1548893514038,270.0770572841661,741.0841611600982,1.7996633160482174,1.8090857525081958,1.04
P11,1.8,6,-135.4337857427843,613.9723323167506,245.21459320215737,625.0362766657719,1.8001709527477243,1.8079597139336738,1.04
P11,1.8,7,-171.74504266472314,692.5075917129826,209.68347130066718,500.3280457253241,1.8007532192352236,1.807761672431164,1.04
P11,1.8,8,-202.69875306186927,761.6964131315628,165.88557968668817,378.37433850389414,1.7921717023461794,1.808978019044066,1.04
P11,1.8,9,-227.55285663010275,825.8044719744202,119.41424168535625,266.70393584846886,1.76608508225332,1.8103278037258945,1.04
P11,1.8,10,-241.88913974889397,887.5887393877198,78.66499995690847,173.59868586355444,1.7388086782357404,1.809964995945681,1.04
P11,1.8,11,-246.91881374392509,946.6069564622293,47.07879744409701,105.42308402123763,1.7329994938379858,1.8065558511299902,1.04
P11,1.8,12,-245.48064880120685,997.256109357365,24.30810664302047,58.876987921982916,1.753371602828543,1.799431924950423,1.04
P11,1.8,13,-236.24108349109954,1034.0457507063077,10.009365851964821,28.16171383558052,1.7793913657433769,1.7891922750649158,1.04
P11,1.8,14,-221.3677089046699,1056.7539929953546,2.2445584240825958,11.000444524801349,1.7900715183372387,1.7816585344849203,1.04
P11,1.8,15,-205.07977954607833,1065.6792635129514,-1.628213755517327,3.905421048552938,1.7896380751446366,1.7808278275098728,1.04
P11,1.8,16,-186.17172283804405,1059.057665897082,-2.8753964434695263,1.3573287100257885,1.7883403777188491,1.7864262641393882,1.04
P11,1.8,17,-165.06040554961638,1037.7827166867821,-2.58425210218364,0.23874078151724953,1.7900131493728448,1.7940592997523008,1.04
P11,1.8,18,-144.36796518481725,1006.0161344674817,-2.2234390083219258,1.1609973374516416,1.794596855558818,1.7997501924690122,1.04
P11,1.8,19,-124.1430709122295,965.2512390483653,-1.396531664165412,2.9363032328611247,1.8013335946095248,1.8023215300458586,1.04
P11,1.8,20,-104.00473863576535,916.0412654108142,-0.6717062989998414,3.1823271061334353,1.8081059433363253,1.8020847689394157,1.04
P11,1.8,21,-86.38162624572381,861.5318419853647,-0.6953522001614042,2.6149762357760635,1.8130915271778991,1.800501718619982,1.04
P11,1.8,22,-71.47973159869106,805.1783672889915,-0.4043328763192307,2.8921232883507315,1.8157082228298365,1.799019568884004,1.04
P11,1.8,23,-57.52688727884461,749.0526377074177,0.09452962796506824,2.9612629054215516,1.816361178290238,1.798237793198991,1.04
P11,1.8,24,-46.107538069641464,695.5316052526405,-0.1457067348943786,1.8166226867276274,1.816361660845867,1.7981307904489094,1.04
P11,1.8,25,-37.41139690131735,647.6589020044647,-0.3688622823545175,1.2382308932819697,1.816111359021594,1.7987996432973228,1.04
P11,1.8,26,-29.513037916414998,606.3770824719786,0.20132812465201722,1.5763862248604028,1.815974986259783,1.7997891933461845,1.04
P11,1.8,27,-22.355131803662843,571.2234684285313,-0.093407254878408,1.192180168521418,1.8156653827570894,1.8005894283858808,1.04
P11,1.8,28,-16.739614394099572,543.2737161920351,-0.7347015053758427,0.4857032321214135,1.8147583219232164,1.8007221934773046,1.04
P11,1.8,29,-11.755554548410032,523.9786776797781,-0.3251752790979495,0.8632898138258488,1.813567947578675,1.8001315782132385,1.04
P11,1.8,30,-6.934188624462928,511.9354265137722,-0.18064809963743253,1.4598826234808522,1.8117258563218572,1.7993463035391022,1.04
P11,1.8,31,-2.969894189698914,504.6984633430681,-0.6652571182489334,1.0385924714088923,1.809975267168634,1.7986375657958251,1.04
P11,1.8,32,0.6785821060537615,503.1346407784249,-0.5246527803913369,0.5883537263904093,1.8084195997253973,1.7987372271549715,1.04
P11,1.8,33,4.501203150974735,508.73983751892234,-0.23343501183720072,0.8977909663086794,1.8069078295031011,1.7997586156637055,1.04
P11,1.8,34,8.28845610819335,520.1943823980392,-0.5386476837329526,1.0501066552702976,1.8054060392798454,1.8004653789408356,1.04
P11,1.8,35,12.617153073123166,536.0721132929607,-0.5058496591118877,0.5609756457249009,1.8035772440478295,1.800048608064409,1.04
P11,1.8,36,18.059665007229473,557.1814456984379,-0.23179824100401902,0.4970973671174171,1.8024172942175278,1.7992573768273858,1.04
P11,1.8,37,24.819789570991624,583.9195178146042,-0.5659006029849655,1.1008520726283046,1.8019570658823192,1.799138205891743,1.04
P11,1.8,38,33.2466636920617,615.0652070685065,-0.6909071915792765,1.352283865244743,1.8013546459135248,1.7994128596015289,1.04
P11,1.8,39,43.93739008525588,650.0029548998916,-0.49402342931757326,1.3767763081941875,1.8011218240168811,1.7998416430064739,1.04
P11,1.8,40,57.25266706743893,688.2396289423962,-0.7527876275932524,1.7084100858692741,1.8005079169364053,1.80000361678027,1.04
P11,1.8,41,73.18628175105584,728.1365841350888,-1.017529031829742,1.6741389165033436,1.7996927935283469,1.7995047387699683,1.04
P11,1.8,42,91.36364727944999,768.4822471563658,-0.9796825220416068,0.8045126162349105,1.7991400660326067,1.7987529565813452,1.04
P11,1.8,43,111.15849696963338,809.0766066419593,0.0,0.0,1.799242077194827,1.798435207693091,1.04
P11,1.8,44,132.04562894830175,848.3705311915622,0.0,0.0,1.800531076723174,1.7992637658358923,1.04
P11,1.8,45,153.00722398629156,883.531917339722,0.0,0.0,1.8019772320564902,1.8002118134372531,1.04
P11,1.8,46,173.0714881424328,913.3562752356195,0.0,0.0,1.8034979661249246,1.8000126302752464,1.04
P11,1.8,47,192.06178520601011,937.593216851231,0.0,0.0,1.805279712436952,1.7994859720923515,1.04
P11,1.8,48,209.88636480768608,954.2664426217285,0.0,0.0,1.8069024203078612,1.7991314772910811,1.04
P11,1.8,49,226.49205612519197,960.5346041948758,4.7734239512942365,4.668846034611006,1.8083641456386845,1.7991386867337735,1.04
P11,1.8,50,242.18596544186775,954.7795653344119,4.183595387415353,46.71890208843625,1.8089945915817571,1.799635596573534,1.04
P11,1.8,51,256.54806199854244,935.7240979570525,-0.30705865315547737,122.90470970692432,1.8091493307446038,1.8000433930099629,1.04
P11,1.8,52,267.9654463091666,901.0210363184534,-12.568479243992073,232.95111498551435,1.8086738549435726,1.800013275721349,1.04
P11,1.8,53,274.389294879176,847.8574601789248,-37.36595452179624,359.83516171889454,1.8081450184268681,1.7993945186172977,1.04
P11,1.8,54,272.79040223054045,773.590491716978,-75.00941527499198,477.27111259368394,1.8086379039340712,1.7988183403571292,1.04
P11,1.8,55,259.9338963013052,678.0283954436234,-117.4691532172633,572.077109680273,1.8094875468917977,1.7985188197746858,1.04
P11,1.8,56,235.21797960532965,567.0897026826723,-156.41562042196796,649.5709808200456,1.81059436758623,1.7965950328626927,1.04
P11,1.8,57,199.22229118136838,449.91849706645667,-190.9600184130143,720.5010206825156,1.8112804829427294,1.79002339049152,1.04
P11,1.8,58,155.1249963825463,334.5355810110967,-222.0631619809934,792.9436998906277,1.8113337046477869,1.7736117041035022,1.04
P11,1.8,59,110.59473990855167,229.43235904562414,-246.00678937871714,868.800100293348,1.8105105313786767,1.751487557407031,1.04
P11,1.8,60,72.32000798884228,144.3039568794924,-259.05220538436095,942.4668605464685,1.8079467350004048,1.7415692844130848,1.04
P11,1.8,61,42.23928359547534,82.81349872985565,-261.8161227515359,1005.3472918824086,1.804406576285523,1.7517474261089516,1.04
P11,1.8,62,20.431098366013675,41.253097633549245,-255.39142294767268,1052.4963135454514,1.798134768662443,1.7716674837586712,1.04
P11,1.8,63,7.204689607547786,16.14464823980741,-241.11350594272636,1083.3124641757067,1.7888602709818995,1.7838321628925304,1.04
P11,1.8,64,0.6420126729275798,4.7291869419027845,-222.4142081086631,1097.280274821576,1.7814189787946775,1.7826064849724594,1.04
P11,1.8,65,-1.9942721153175895,1.4039388775799946,-201.6555600169323,1093.6236097333046,1.7799869198724743,1.7785230409156398,1.04
P11,1.8,66,-2.3915535253493974,1.0519032943042574,-179.16436810626564,1074.226457039861,1.7851934034166066,1.780654411181618,1.04
P11,1.8,67,-1.594340050511718,2.5331119908309874,-156.86680021593767,1042.9155621074212,1.792295778781422,1.789042976342085,1.04
P11,1.8,68,-0.5208652502222945,5.137268852879222,-135.88490310669738,1001.5467645216964,1.7979064774778686,1.800436884339201,1.04
P11,1.8,69,0.4429406259422422,6.907715551996275,-115.70166222496646,950.941180942105,1.800826365756203,1.810957029093794,1.04
P11,1.8,70,1.0019966547541,7.254898133749862,-96.89401768515177,894.6440844417999,1.8012355465554661,1.8170145570231429,1.04
P11,1.8,71,1.1209798628928462,7.290344430721275,-79.98416900151362,836.1801329904972,1.8006063334656564,1.8183635035294257,1.04
P11,1.8,72,1.3153457143235763,7.636431318388574,-64.55917592679072,776.5005709341408,1.799550153008092,1.8174692964546324,1.04
P11,1.8,73,1.5443823918308726,7.63243525468749,-51.06414098966135,717.7989812127325,1.7992920339607583,1.8159605536528405,1.04
P11,1.8,74,1.6086604545232415,7.112514114375347,-40.17152455591021,664.1340474426208,1.7995528646614964,1.8154954349973167,1.04
P11,1.8,75,1.6193593831107551,6.667732358924872,-30.931903171736668,616.8469319875286,1.7994712037679634,1.816821910989668,1.04
P11,1.8,76,1.6564794424877314,6.330804811116078,-23.224640071089638,575.445876198214,1.7993448725369559,1.8176259777734878,1.04
P11,1.8,77,1.7181692539315085,5.926219669541831,-17.7370073411586,541.2771375127447,1.7990868183805122,1.8171093833771743,1.04
P11,1.8,78,1.7617022818263628,5.706556803938606,-13.400410405372316,515.3630549551334,1.799251950060518,1.815888298880369,1.04
P11,1.8,79,1.6704212053681493,5.604035011044579,-9.500130407931401,496.28865085839897,1.7999343369525387,1.8143627877083508,1.04
P11,1.8,80,1.541417608005142,5.152129569283741,-6.697247126373885,483.09212076451536,1.8002559729690757,1.8130883264272557,1.04
P11,1.8,81,1.6500682337041055,4.417770653210904,-4.475223558422863,476.8499783500995,1.7999188159138635,1.811118897569645,1.04
P11,1.8,82,1.7006564918602984,3.786545669794603,-1.677134229516082,477.8931388877016,1.799460734313123,1.807926819106317,1.04
P11,1.8,83,1.2948488466055406,3.4054906943152967,1.642144589909557,484.7754034469788,1.7992403784864817,1.8052644644637013,1.04
P11,1.8,84,0.9629904074474752,3.1360624072689114,5.440047018493847,497.0757743509835,1.7993727983945726,1.8035458737972754,1.04
P11,1.8,85,1.028202863140482,2.6795740965360495,10.438205713507086,515.9851250729101,1.7993183280905585,1.802174516238119,1.04
P11,1.8,86,1.1748350971459127,2.096579683822944,16.765869819774657,541.3560853730631,1.7994108854569848,1.801895326859886,1.04
P11,1.8,87,1.228304837873013,1.78319635359925,24.531522709172688,571.9258460071399,1.7997241404454611,1.8020974851368947,1.04
P11,1.8,88,1.124234737717706,1.8205211712694171,34.347747698823696,608.0112518400686,1.799600639379428,1.8009622275510753,1.04
P11,1.8,89,0.6340067970587019,1.9375551757464706,46.455001944809005,649.865130087692,1.7995350382230189,1.7994250460665389,1.04
P11,1.8,90,-0.0689148090786711,1.9043925016187722,60.9506724417499,695.4327871810314,1.7998931352072562,1.7990577561629808,1.04
P11,1.8,91,-0.5448677035546304,1.5445767168304376,78.23073320475324,742.5540524430821,1.800051279993674,1.7995365497259659,1.04
P11,1.8,92,-0.8475941001213976,0.6306820053628333,98.29507275401716,790.4323549195974,1.7996611614082032,1.8006530468312183,1.04
P11,1.8,93,0.0,0.0,120.37449377796356,837.5289485110421,1.7988754537843017,1.8010787687606744,1.04
P11,1.8,94,0.0,0.0,143.46103925818224,881.1039885794439,1.7987247021898298,1.8008403994876652,1.04
P11,1.8,95,0.0,0.0,166.6480156780039,919.4349173692743,1.7992553140617993,1.8012403718559444,1.04
P11,1.8,96,0.0,0.0,189.0470981768569,951.9159546360877,1.7997868903283287,1.8020358110710997,1.04
P11,1.8,97,0.0,0.0,209.93201879753482,977.0773757225259,1.8000458476599517,1.8037936922844091,1.04
P11,1.8,98,0.0,0.0,228.95606683296396,992.4113019150986,1.7999907131880235,1.8062125865912613,1.04
P11,1.8,99,11.000579146700243,11.61505461081713,246.06165563081692,995.804854042263,1.799597362471364,1.8078611749909888,1.04
P12,1.0,0,8.957685704991146,10.620175476431587,51.59358532587653,552.7748510329345,0.9994980831018004,0.9975525421988987,1.12
P12,1.0,1,16.61796854934445,30.375460489344796,59.32895880422073,550.1617079291602,0.9997243554504933,0.9984732410857655,1.12
P12,1.0,2,23.419676734266474,59.506906955724865,67.83919030426993,540.3593215625967,0.9996126645320068,0.9997980174019887,1.12
P12,1.0,3,24.305646939711643,94.64343993450473,76.2043426954327,522.3073628711081,0.9990186643445776,1.0013504342076582,1.12
P12,1.0,4,18.312602229084483,131.7605245635662,83.18356881384177,495.0012600390111,0.9985046020324007,1.002865966073817,1.12
P12,1.0,5,9.0481315009817,167.3274006133197,88.32008564366028,458.25669717855465,1.0006733889323332,1.0043955952460921,1.12
P12,1.0,6,-1.2842868101449583,198.8355797924854,90.39736422511695,412.412397778833,1.0046615372446657,1.0056644346537233,1.12
P12,1.0,7,-11.995630728754973,226.78709466351356,87.84460817918412,358.4443184604705,1.0026672746536627,1.0063570253852983,1.12
P12,1.0,8,-21.645908721956626,254.2036392939646,80.54277331625472,299.2051557667819,0.9931159237168311,1.0070843120734487,1.12
P12,1.0,9,-30.116774896158056,284.23496139472934,68.57597709001647,238.74900194535516,0.98470605205019,1.0078178695756352,1.12
P12,1.0,10,-38.05486883656935,317.96243388474886,52.832459625300885,180.89064648289374,0.9830994222585903,1.0081279090810193,1.12
P12,1.0,11,-44.566420418725,354.9779493591644,36.317145941857206,129.32578993760072,0.9870879704010973,1.0074509015182467,1.12
P12,1.0,12,-49.506128467391555,394.67546124001234,21.408250722759306,87.01069810660825,0.9921425426891727,1.0058140107981572,1.12
P12,1.0,13,-53.38711989835042,435.3335366135163,9.791731916898732,54.71100651613891,0.9943940515974943,1.0035083531038984,1.12
P12,1.0,14,-55.67112204289632,474.19969784106786,2.7252245502818013,31.272719082675888,0.9934032097163087,1.000758029859229,1.12
P12,1.0,15,-56.60918480638698,509.00648893965183,-0.6969706552795709,15.281010969292742,0.991105612865278,0.9978470383173683,1.12
P12,1.0,16,-56.80686115916437,538.1281236513373,-1.9852924476493634,5.651902892331174,0.989562877922815,0.9960348093803099,1.12
P12,1.0,17,-56.12628903359032,560.317548037532,-1.9137987551111457,0.8351674622771711,0.9896240746495908,0.9960721557235139,1.12
P12,1.0,18,-54.792995227516165,574.9550939374794,0.0,0.0,0.9913077194289321,0.9980015590983242,1.12
P12,1.0,19,-53.11596186992419,581.7388321928513,0.0,0.0,0.9936324668886461,1.0006299238952359,1.12
P12,1.0,20,-50.80581434425578,580.8962915173457,0.0,0.0,0.9956915559166403,1.0023991322009846,1.12
P12,1.0,21,-48.03031440484461,573.4514950005473,0.0,0.0,0.9972668617514048,1.002501001922162,1.12
P12,1.0,22,-44.905016982832784,560.7358649178628,-0.08792580551231707,0.3426298202031567,0.9984088647830957,1.0012365692073424,1.12
P12,1.0,23,-41.161545917786285,544.1054584401578,-0.0013865289488586923,0.5356002603980157,0.999412449212762,0.9998146639330765,1.12
P12,1.0,24,-37.050597206847065,524.9522052787464,0.05078344423319183,0.5825568805430564,1.000321930793374,0.9991388425655598,1.12
P12,1.0,25,-32.820379296741365,504.60283008953047,0.006479299832192423,0.5251343117764375,1.001373634820937,0.9989141873687657,1.12
P12,1.0,26,-28.51205872443301,484.15134702454606,0.04982900292467859,0.43559695734170045,1.0026788230081134,0.9992263280800012,1.12
P12,1.0,27,-24.360024650523414,464.38501936119246,0.09133371881939414,0.36407534192898794,1.0040004147310408,0.9999553092593102,1.12
P12,1.0,28,-20.493130240755256,445.9948029566875,0.05104427482837444,0.3029535752184459,1.0049591172120578,1.0002457311151134,1.12
P12,1.0,29,-16.95326187297217,429.63057218498307,0.04956618755515725,0.24059986132536845,1.005235866478722,0.9999108724433127,1.12
P12,1.0,30,-13.894211928170469,415.62574999857105,0.07776844259217348,0.19671114242335339,1.005087240005552,0.999716977346397,1.12
P12,1.0,31,-11.136992143096368,404.21685331868406,0.06617665976774281,0.17533802818099076,1.0047796172093029,0.999802944691847,1.12
P12,1.0,32,-8.551568520725233,395.77755222968756,0.05861716735563051,0.1530483430681244,1.004381274500203,0.9997520814941039,1.12
P12,1.0,33,-6.138998937779499,390.4421040469184,0.05639511838455321,0.1330771201011093,1.0040730474630863,0.9997895812615016,1.12
P12,1.0,34,-3.677136845476634,387.91527556527694,0.04753574226520343,0.11883269379891348,1.0035909878081126,0.999430527800568,1.12
P12,1.0,35,-1.0013143810485379,387.8310861475146,0.06196463590942426,0.10329630384944508,1.0029374952829908,0.9991151601784818,1.12
P12,1.0,36,1.8785225053885561,389.93477976674,0.07046680635719685,0.1069155587992261,1.0024639419024441,0.9993972517291896,1.12
P12,1.0,37,5.076031750385445,394.0378654972724,0.051891500702771445,0.14193883544989627,1.002208544646045,0.9997596184382633,1.12
P12,1.0,38,8.594875607472265,400.0833030444286,0.0483278195260972,0.183686328432759,1.0017964454447184,0.9997560465120137,1.12
P12,1.0,39,12.363043111492475,408.13405256536873,0.038299991296781216,0.2138522756729962,1.0012659986630639,0.9996482799969325,1.12
P12,1.0,40,16.39624480472774,418.3721119396161,-0.030705771716370685,0.1916502234490012,1.001151742554965,0.9996953429894229,1.12
P12,1.0,41,20.53323799078413,431.12507074297565,-0.18200883539269982,0.019836307308465632,1.0008919675583923,0.9996258180757589,1.12
P12,1.0,42,24.59676856563305,446.5897889241056,0.0,0.0,1.0004454453882903,0.999614683693008,1.12
P12,1.0,43,28.567586136851453,464.35634246754023,0.0,0.0,1.0002613317631606,0.9994751972429727,1.12
P12,1.0,44,32.416839431548865,483.3442537194226,0.0,0.0,1.0000212274423563,0.9992891813231604,1.12
P12,1.0,45,36.20183833313565,502.3205774128893,0.0,0.0,1.0000404710778512,0.999589900199503,1.12
P12,1.0,46,40.19214083589477,520.1326702497282,0.0,0.0,1.0003737442817884,0.9996034212564217,1.12
P12,1.0,47,44.6897271415179,535.4004599028999,0.0,0.0,0.9998729467605845,0.9993249635928618,1.12
P12,1.0,48,49.93240160151791,546.6998385952609,8.256580082964314,7.351418842179397,0.9990312216551466,0.9997942443966709,1.12
P12,1.0,49,56.06897814083593,552.8677992542787,16.44199930756733,23.05728305041851,0.99901209303629,1.0003045604283698,1.12
P12,1.0,50,63.02170083098341,552.7679352111207,25.048814740136628,47.31466956475854,0.9991474389681029,0.9997724127564274,1.12
P12,1.0,51,70.3615829744805,545.2748073060467,29.436019627761464,77.9017405927083,0.9993193978663854,0.9990555441187983,1.12
P12,1.0,52,77.29575984251237,529.454323638984,26.40724069485669,110.93131483866713,1.000213863501408,0.9992725977548703,1.12
P12,1.0,53,83.31986217682879,504.81520857055875,17.72074491027066,143.47570392108332,1.0014845868562687,1.0004296289225194,1.12
P12,1.0,54,87.78077373709633,471.59307348864047,6.953068526511174,173.33250093921188,1.0031127747373723,1.0031859807842962,1.12
P12,1.0,55,89.50404291157956,430.3230517499721,-4.022472278351641,198.57863180449334,1.004972379855951,1.004387779678627,1.12
P12,1.0,56,87.92917526849831,381.9730426375529,-13.919307063663329,219.24169519373737,1.006011277274167,0.9990825168828389,1.12
P12,1.0,57,82.92888763675677,328.79136982000745,-22.189945929991204,238.26471518029786,1.0066670555817763,0.9904536011991878,1.12
P12,1.0,58,74.26758963593626,273.5305077076545,-29.7975561496537,259.70495635699234,1.0075122215633716,0.984099425040729,1.12
P12,1.0,59,62.73905247386741,218.5679360997527,-37.09351228140676,285.8628178971235,1.0075207102711004,0.982634592245479,1.12
P12,1.0,60,49.677535686369836,166.6987375517144,-43.57799961576356,316.84580038888976,1.0064010935201593,0.9871347735123897,1.12
P12,1.0,61,36.12644213447051,120.88794190751021,-49.167533003059006,351.6494394498855,1.0051395551750604,0.9939596659265153,1.12
P12,1.0,62,23.62964236785357,82.75575217414107,-53.37415079628882,388.26140433506083,1.0038830857350576,0.9974499169137742,1.12
P12,1.0,63,13.58159912803068,52.49101839550242,-55.86541665067822,424.3022297409889,1.0023437650780962,0.9963396813212638,1.12
P12,1.0,64,6.3635833265694846,29.90888566904461,-57.119843952194174,458.14432180543764,1.0007916685493876,0.9927941798338379,1.12
P12,1.0,65,1.9858715192092298,14.557116162620357,-57.32794902476918,488.4231974423953,0.9990156862687126,0.9898186467165597,1.12
P12,1.0,66,-0.062112288005718344,5.235195912036959,-56.685438456921055,513.8061887747274,0.9979173572389518,0.9889278416120877,1.12
P12,1.0,67,-0.6973249213011921,0.391763493678553,-55.68949010145425,533.5619615739034,0.9977360512126585,0.9904864897602044,1.12
P12,1.0,68,0.0,0.0,-54.224662390391494,547.2599943249049,0.9981861168134103,0.9930617232762697,1.12
P12,1.0,69,0.0,0.0,-52.228868205068544,554.538308315179,0.9992818423426799,0.9950775941637205,1.12
P12,1.0,70,0.0,0.0,-49.86294348326527,555.4984403297728,1.0005861925814086,0.9966812885189537,1.12
P12,1.0,71,0.0,0.0,-46.88174109629638,550.8339658161206,1.0010005487456526,0.9976792185501839,1.12
P12,1.0,72,0.0,0.0,-43.30273232104377,541.5250880394759,1.0005814153625,0.998133810186245,1.12
P12,1.0,73,0.19560307867334822,0.022628957898288372,-39.40076456044809,528.616397935432,1.000223969013056,0.9988641698157131,1.12
P12,1.0,74,0.15478442769759612,0.09051439346338316,-35.177892265926225,513.4180541269802,0.9997619592212447,0.9995975921247456,1.12
P12,1.0,75,0.13014176021514196,0.08656636704679478,-30.820545471444326,497.14465412573344,0.9995259744438252,1.0007673607321288,1.12
P12,1.0,76,0.11901117029702635,0.04984232322727951,-26.61776816418539,480.4610917858683,0.9997870183890909,1.0025745843597877,1.12
P12,1.0,77,0.1161772257252531,0.007927814564726037,-22.632175721020054,464.0169209944662,0.9998810333125373,1.0040053166606806,1.12
P12,1.0,78,0.0,0.0,-18.95343283869774,448.47765888829355,0.9997495462132996,1.0044289235862147,1.12
P12,1.0,79,0.04852174086100526,0.010988476452432458,-15.686530462683814,434.16898042998645,0.9996514763473472,1.004469317403124,1.12
P12,1.0,80,0.0029321783064860827,0.017085357115072218,-12.778587857674781,421.54313129528634,0.9996020840674307,1.0044040728990205,1.12
P12,1.0,81,0.0,0.0,-10.113082110171778,411.17047484360637,0.9997191646012571,1.004140004384515,1.12
P12,1.0,82,0.0,0.0,-7.516211326974407,403.3364959174522,0.9998657670673895,1.0038690866795603,1.12
P12,1.0,83,0.0,0.0,-4.832860370597478,398.17441996076064,0.9997685933545724,1.0039160097729904,1.12
P12,1.0,84,0.0,0.0,-1.9203675217876732,395.72994633921456,0.9997732080583853,1.003740506110682,1.12
P12,1.0,85,0.0,0.0,1.3063954485878522,395.90180527365953,0.9998920519237455,1.0030949314068769,1.12
P12,1.0,86,0.0,0.0,4.836567629484205,398.4477043133451,0.9997660939838259,1.0022936497301502,1.12
P12,1.0,87,0.03226827522672433,0.027238446660979205,8.621498295479052,403.14576250322614,0.999538656636725,1.00172890680289,1.12
P12,1.0,88,0.041947078337794916,0.0818307253067708,12.554739504359485,409.9603634835382,0.9995150581100664,1.0017467119698698,1.12
P12,1.0,89,0.048119979677945277,0.1448122669658702,16.443016743932574,418.8626097036548,0.9995221253072382,1.0015789224674634,1.12
P12,1.0,90,0.0317070456741458,0.18599354179169386,20.11643067528912,429.89614125750387,0.9994076692586722,1.0010977397420462,1.12
P12,1.0,91,-0.03585259322613486,0.14494275607643464,23.363712344091482,443.24222940520895,0.9995791834802088,1.00066148704255,1.12
P12,1.0,92,0.0,0.0,26.055469387374206,458.773213428051,0.9998469153368632,1.0008589268962542,1.12
P12,1.0,93,0.0,0.0,28.300770163205648,475.9584476056236,0.9999618823624248,1.001179556242185,1.12
P12,1.0,94,0.0,0.0,30.37586070472771,493.9628696854911,0.9999847368702707,1.0010957709847583,1.12
P12,1.0,95,0.0,0.0,32.66430340630601,511.5778114925882,0.9999975102257166,1.0006281647144055,1.12
P12,1.0,96,0.0,0.0,35.647962619144366,527.4745657420629,0.9998717108043506,0.9997156105860918,1.12
P12,1.0,97,0.0,0.0,39.689019913288455,540.396936357222,0.9996822494748929,0.9988805207074801,1.12
P12,1.0,98,3.387041053886059,0.16162931554483545,44.969321334975405,549.1823236723706,0.9996151954049888,0.9978605901830075,1.12
P12,1.0,99,8.934953472856437,10.623835905056,51.551744893208465,552.7971698194909,0.9995096545880624,0.9973871939086016,1.12
P12,1.2,0,7.389077892432381,10.781848114109064,65.93979457311916,572.7611515448051,1.1991553960494215,1.1979048036161282,1.047
P12,1.2,1,13.465542659346783,34.051187061673936,75.05207551073795,567.0415868578337,1.1990955214204062,1.1981620581921355,1.047
P12,1.2,2,19.313305605645873,69.70469222842401,84.61503744123439,551.9349125588291,1.1992830436797786,1.1997065604761041,1.047
P12,1.2,3,20.138716595117472,114.79770475455744,93.71951901660259,526.8601433365716,1.1993915661938501,1.2018924961865596,1.047
P12,1.2,4,12.624623838493587,163.55889643771835,100.30633032750147,491.14584143362544,1.1987136149632234,1.2038220519583294,1.047
P12,1.2,5,0.1678754970366275,210.03093273083738,103.27225273337955,444.8716954621158,1.1993126684001212,1.2056706309308338,1.047
P12,1.2,6,-12.732253742959546,249.704921983068,102.18095777917941,389.5450222151743,1.2028313995519764,1.2070696651051525,1.047
P12,1.2,7,-25.420061593994088,281.75131164516733,95.23323025582845,327.4857027995167,1.203147545813264,1.2079654953806167,1.047
P12,1.2,8,-37.59898965320305,309.70697268711604,82.07908265997085,262.32257147660374,1.19408137969825,1.2091237396449057,1.047
P12,1.2,9,-48.062476804070705,338.71327557214823,64.9305611959914,199.38291048436983,1.1818745857289417,1.2098300641558137,1.047
P12,1.2,10,-57.419547425701815,371.76159889471705,45.834903996342,143.5578908257132,1.1763742102975019,1.2095490115960807,1.047
P12,1.2,11,-65.91400390379717,408.0781361340887,27.611761291966523,97.17289546975954,1.1800099949300877,1.2080058506473428,1.047
P12,1.2,12,-71.82592461087376,445.56501634664784,13.79709186527293,61.07194298567531,1.1878377869863315,1.204884991208295,1.047
P12,1.2,13,-75.00470987703034,482.6440755962367,4.732936594376617,35.27803538358178,1.1939069877561606,1.2008389217437705,1.047
P12,1.2,14,-76.53571187114143,516.987303667976,-0.3942023352173859,18.083047775308057,1.195191797784157,1.196976545140568,1.047
P12,1.2,15,-75.74657237332603,545.5795668272609,-1.8513084325882037,7.117343570267575,1.1924012620358257,1.1943752011293585,1.047
P12,1.2,16,-72.88494035982553,566.7444752973392,-1.4758771667175106,0.9772818844811026,1.1892796646928334,1.1941664430246675,1.047
P12,1.2,17,-69.25554654027295,580.3427538293375,0.0,0.0,1.1882016271898406,1.1962729224882405,1.047
P12,1.2,18,-65.01772655624025,586.2080992241591,0.0,0.0,1.1900204050619148,1.1995655603943658,1.047
P12,1.2,19,-60.26227589172443,584.0671845860761,0.0,0.0,1.193921906952904,1.2025558105803855,1.047
P12,1.2,20,-55.76994203546246,574.3695784927228,0.0,0.0,1.197760703162767,1.2034516271650748,1.047
P12,1.2,21,-51.37732080368589,558.3710635986112,0.0,0.0,1.2006086543212533,1.2024926615301252,1.047
P12,1.2,22,-46.696103999997504,537.9094527299849,1.4948754691969874,0.08026310636444976,1.202398449831758,1.201190455786531,1.047
P12,1.2,23,-42.108764533272044,514.9343596180458,1.1815671330545061,0.215852063488003,1.203132061606832,1.1997298637259721,1.047
P12,1.2,24,-37.30872402917335,491.11288055252555,0.9840945734510838,0.26553754201243046,1.2031224074074385,1.1984357896861748,1.047
P12,1.2,25,-32.05789387538113,467.72298352184913,1.2647746866550817,0.32757646730104145,1.2030315577705961,1.197986148037665,1.047
P12,1.2,26,-26.97272871900687,445.75318018695344,1.203785810245622,0.2880275772846586,1.203502932146889,1.1987048939558997,1.047
P12,1.2,27,-22.279336743490475,425.86414133660287,1.0069291797316569,0.22143995675623154,1.2047802966231154,1.1999087523816225,1.047
P12,1.2,28,-17.896645373226605,408.46749653973706,1.1868620352209291,0.22763189179240206,1.2060328745269584,1.2004567171003402,1.047
P12,1.2,29,-14.177599912290033,393.74830718235313,1.0763963729765145,0.19406452383468087,1.2066620209509769,1.2005537241987576,1.047
P12,1.2,30,-11.062734010809175,381.63854998837576,0.6717806683883792,0.07142959847447372,1.2067547556762428,1.2003177966459992,1.047
P12,1.2,31,-8.374384484566534,372.29737636855884,0.0,0.0,1.2060504707748578,1.1993354175953503,1.047
P12,1.2,32,-6.293839353816542,365.9728913948435,0.0,0.0,1.2049131428702065,1.1985434555940202,1.047
P12,1.2,33,-4.372101188318492,362.48690978804007,0.0,0.0,1.204087018151627,1.1990929746094368,1.047
P12,1.2,34,-2.0343682352532033,361.66931799899584,0.0,0.0,1.2035335654043813,1.199936331959037,1.047
P12,1.2,35,0.47300607307279297,363.9318633223872,0.0,0.0,1.2029220082664713,1.2000414641278547,1.047
P12,1.2,36,3.381216723853965,369.4675717405166,0.0,0.0,1.2022351630653572,1.1994670131669443,1.047
P12,1.2,37,7.169493761192162,377.6697780087225,0.700932019349092,0.00226240447102863,1.201321291465133,1.1991050981289202,1.047
P12,1.2,38,11.437237322093498,388.066660065634,0.694869482995345,0.04341655052163407,1.2006192767623296,1.1993599878805867,1.047
P12,1.2,39,15.93015822039283,400.79109833186124,0.527502811264374,0.11002406410161202,1.2003077220064458,1.1994764322764693,1.047
P12,1.2,40,20.8405804186885,416.050889324937,0.36974483097515803,0.10617168818465529,1.200187577043911,1.1998541630874784,1.047
P12,1.2,41,25.650565106748232,433.8885626770583,0.0,0.0,1.2003958360624822,1.20051031617397,1.047
P12,1.2,42,30.02903962262154,454.2708570422502,0.0,0.0,1.200625034708571,1.2002159476208327,1.047
P12,1.2,43,34.42881924948061,476.9001983809621,0.0,0.0,1.2005883793958494,1.1994629966936745,1.047
P12,1.2,44,38.71502926119259,501.0986423810663,0.0,0.0,1.2003485113648173,1.199159234631901,1.047
P12,1.2,45,42.81977406989693,525.7553828999373,0.0,0.0,1.200007079254151,1.199256404418609,1.047
P12,1.2,46,47.57166687673695,549.0423107965993,0.0,0.0,1.1997668975154185,1.1997523883127077,1.047
P12,1.2,47,53.314588761192034,568.6844699945465,0.0,0.0,1.199434563173877,1.2001556430642295,1.047
P12,1.2,48,59.86767922961376,582.7763950214584,5.810376772176023,2.2169178061581305,1.1988068130119478,1.1999388397993997,1.047
P12,1.2,49,67.64354285427166,590.0000792934326,12.61389114100973,15.17236799882343,1.1979973004729234,1.199313069605888,1.047
P12,1.2,50,76.60575340368622,589.0334019390903,21.09598468253126,37.638583913173825,1.1977298712556839,1.1988982617545778,1.047
P12,1.2,51,85.84366287710978,578.3772872383937,27.89301891855373,69.2402922682226,1.1984818254718026,1.1992836855911388,1.047
P12,1.2,52,94.51773620780581,556.9745642836854,28.021179343606974,106.71487183152729,1.2002297872143404,1.1998346656416332,1.047
P12,1.2,53,101.41929539957965,524.6447078302043,19.8705552503064,146.3684750936518,1.202293686167558,1.199813105775266,1.047
P12,1.2,54,105.40526613115225,482.24969727713807,7.063894219358788,185.4136296959613,1.20450962903682,1.201133461301438,1.047
P12,1.2,55,105.59176494358303,431.27149664190654,-6.509625186159069,220.82767127196385,1.206771812540818,1.2042155867680477,1.047
P12,1.2,56,100.96411325416864,373.29660690491176,-19.553702382869627,250.33175978209354,1.2082954990234287,1.2039326566129458,1.047
P12,1.2,57,91.52208204095716,310.85003211448026,-31.251949183701477,274.7457865982758,1.208992672739638,1.1959644978324493,1.047
P12,1.2,58,78.33520435942219,248.17199932687825,-41.09323409002084,297.97093120036214,1.2093742050837466,1.1843898067202374,1.047
P12,1.2,59,62.59307778749294,189.48434734068084,-50.109354853030595,324.0407249929681,1.2094395870846053,1.1776331847894101,1.047
P12,1.2,60,46.0464191387688,137.11547578021762,-58.52393179024058,354.3120906529038,1.208209873017683,1.1781001249838263,1.047
P12,1.2,61,30.91213559049581,92.88956172030673,-65.21419812896,387.9178243729293,1.2057512681983356,1.1844920159972916,1.047
P12,1.2,62,18.377384736645286,58.75729074177299,-70.00366804967604,423.1102841333039,1.2025389500999015,1.1929862220977003,1.047
P12,1.2,63,9.137193554179598,34.53912895540492,-72.87190875433213,457.41683139723165,1.1997794445395817,1.1972277997730678,1.047
P12,1.2,64,3.5899667574023386,17.851556321006584,-73.12095680333485,488.15391631598226,1.1981582876387251,1.1962130077579332,1.047
P12,1.2,65,0.8568912148634689,6.945552886180067,-71.29297461164286,513.6622387121756,1.1972104171268583,1.1922161190260716,1.047
P12,1.2,66,-0.220715502300234,0.9763729627809229,-68.40173728986892,533.3615888324141,1.196989849847679,1.1888277359342718,1.047
P12,1.2,67,0.0,0.0,-64.39230355006225,546.700155644391,1.197555854016911,1.188039639760853,1.047
P12,1.2,68,0.0,0.0,-59.758066631065546,553.2583393732266,1.1988427679943656,1.189822932033582,1.047
P12,1.2,69,0.0,0.0,-55.218615667499456,553.2332985247054,1.2000330222073943,1.193693224390738,1.047
P12,1.2,70,0.0,0.0,-50.52542064370543,547.0284733450968,1.2007969716081037,1.1978586300891436,1.047
P12,1.2,71,0.0,0.0,-45.64361362679399,535.2086114270751,1.2009931800804217,1.201271221991428,1.047
P12,1.2,72,0.7858837803010117,0.11274635262636523,-40.85736741727707,519.1408194199771,1.2007651758841895,1.2029058628758593,1.047
P12,1.2,73,0.5173782201450658,0.18943530540578682,-35.768850222841685,500.649356279325,1.200065058856077,1.2027411173403828,1.047
P12,1.2,74,0.38858692758042584,0.21201439349213036,-30.369015136065748,481.1179074817044,1.1990278949973328,1.2022187969259084,1.047
P12,1.2,75,0.348125561062076,0.19337637341644354,-25.276113238197254,461.73483706998525,1.1985949558192925,1.2024862027524317,1.047
P12,1.2,76,0.34566143113842046,0.1423102365262967,-20.353586878698337,443.68853660193344,1.198902124349415,1.2035433233659387,1.047
P12,1.2,77,0.3887496578399367,0.07777633889087673,-15.564482168764902,427.5111346493905,1.1997018463189468,1.2050496503444548,1.047
P12,1.2,78,0.447190513516375,4.9388177172975235e-06,-11.475285787480106,413.1379854080861,1.200289668674405,1.2062920564320994,1.047
P12,1.2,79,0.0,0.0,-7.963069247221477,400.73338274784624,1.2002050558039894,1.2067561224583336,1.047
P12,1.2,80,0.0,0.0,-4.640649219050484,390.6435240900522,1.1996720083428043,1.20627097406667,1.047
P12,1.2,81,0.2572127257493744,0.04125596445449004,-1.6949336553391485,382.85276265347665,1.1991386560427457,1.2048800037899472,1.047
P12,1.2,82,0.08967009123482206,0.06193557533197493,0.9903795150971482,377.314045226802,1.1990366832797863,1.2036475576941594,1.047
P12,1.2,83,0.0,0.0,3.8009047765189745,374.4035130000411,1.1994751972202904,1.2031797822613606,1.047
P12,1.2,84,0.0,0.0,6.715126359305395,374.4242233102902,1.19999530481634,1.203102005586336,1.047
P12,1.2,85,0.0,0.0,9.85170308418433,377.21931379544765,1.2001225840005576,1.2030948859407449,1.047
P12,1.2,86,0.0,0.0,13.350259006491164,382.69945310617965,1.1998901572439258,1.2025253557723787,1.047
P12,1.2,87,0.08036066001401602,0.056663111601490006,16.848616916196114,390.9276721094852,1.19932168102369,1.2016075068088732,1.047
P12,1.2,88,0.062289580975959845,0.14898522210874027,20.236731149909097,401.55787074160554,1.1990191204874028,1.201109506545078,1.047
P12,1.2,89,0.058006486854094104,0.2355763589373107,23.60696412031418,414.0888736379355,1.1993078823010594,1.2012435619695165,1.047
P12,1.2,90,0.05356128357212436,0.26640347470499554,26.60748407784246,428.5070958583042,1.1999199136627356,1.2014017537189057,1.047
P12,1.2,91,0.004545007944520333,0.1489811859884471,29.15117543321595,444.9428037443717,1.2002025998097794,1.2011397997238085,1.047
P12,1.2,92,0.0,0.0,31.615104359661963,463.18250954927487,1.1997420425268122,1.200228560444896,1.047
P12,1.2,93,0.0,0.0,34.08503860065569,482.98236179908923,1.199336370548361,1.1992213363346524,1.047
P12,1.2,94,0.0,0.0,36.77825888335714,504.00395545465324,1.1994438736896984,1.1988126994024966,1.047
P12,1.2,95,0.0,0.0,40.289116238214,525.0880275599783,1.1996651098116606,1.1985422034314064,1.047
P12,1.2,96,0.0,0.0,44.82107315347938,544.3013240467212,1.1998781632590072,1.1988125057584345,1.047
P12,1.2,97,0.0,0.0,50.45164316702867,559.7343272235909,1.2000593049416213,1.1990530452991932,1.047
P12,1.2,98,0.0,0.0,57.505273255603505,569.7209180756776,1.1997275600769042,1.1986111214988953,1.047
P12,1.2,99,7.393747139954936,10.786103340129088,65.8463848643624,572.5798239627791,1.1992321051677355,1.197982883109886,1.047
P12,1.4,0,5.608710629468484,11.064111655840724,90.60516172977745,586.9101309909377,1.3996733636332586,1.3990467218683507,0.985
P12,1.4,1,8.665258909668216,39.479497636432576,100.80429151867502,574.5469191132462,1.4001007405692818,1.399654993855285,0.985
P12,1.4,2,11.163220196141587,84.39091136655681,110.37735941567988,551.2912597662004,1.4002883549037726,1.4006876152084058,0.985
P12,1.4,3,9.717150813769365,143.54778075351777,118.21686001806168,516.6833402315079,1.4000316642582298,1.401775254990504,0.985
P12,1.4,4,-0.08760690866379045,209.19632140158527,122.04000356039448,470.48599814494395,1.399426896169406,1.4030336397238534,0.985
P12,1.4,5,-16.837522627357366,271.45898553865567,119.8432614459681,413.6175766085749,1.398566655678602,1.4047019389796402,0.985
P12,1.4,6,-34.19902176531918,323.2767881969377,111.66873004493486,348.9332518230344,1.3983313062760143,1.4067043243394397,0.985
P12,1.4,7,-49.93056172312135,362.85290663740756,97.70955048753457,280.8103433516699,1.3997601937704867,1.4088949041086358,0.985
P12,1.4,8,-64.84140224223987,393.9610939908759,78.11375923599856,214.07465750543113,1.3997254564244077,1.4105994180295627,0.985
P12,1.4,9,-77.9268089139975,422.7348069973011,56.50504777710084,153.59636152774368,1.3916087366978265,1.4110786027958087,0.985
P12,1.4,10,-88.18618629910425,453.23921361471724,36.987209771304585,103.35901721169223,1.3775256047455,1.4102411911041224,0.985
P12,1.4,11,-95.80872475270792,485.43032874026534,20.79022984735019,64.80426484268268,1.3685808997627305,1.4087341550522872,0.985
P12,1.4,12,-100.38048665642721,516.6905836387293,9.461340583033827,36.611126239077215,1.371147800732006,1.4060350027381467,0.985
P12,1.4,13,-100.46089745201564,544.593200396288,3.4919589400950475,17.16286250775967,1.382421232417546,1.4014621665137215,0.985
P12,1.4,14,-97.08789537966628,567.4640420239207,0.7573260164958091,5.440397799742569,1.392667616737085,1.3962328916219948,0.985
P12,1.4,15,-92.04829644936711,583.5666467757657,0.0,0.0,1.3959962527899459,1.39253100279662,0.985
P12,1.4,16,-85.15055142188083,591.6056539411697,0.0,0.0,1.3936765919885528,1.3916685599810965,0.985
P12,1.4,17,-76.82959936090113,591.5288163346729,0.0,0.0,1.3906681624886892,1.3936567958959267,0.985
P12,1.4,18,-68.90526945143843,584.0656601579756,0.0,0.0,1.3903556056122925,1.3979706645299799,0.985
P12,1.4,19,-61.51262121596769,569.7518038670411,0.0,0.0,1.3931405050672934,1.4023032821619938,0.985
P12,1.4,20,-54.30296064172341,549.397007372819,0.0,0.0,1.3976356988329914,1.4040241450904107,0.985
P12,1.4,21,-48.00330370186795,524.6592175999822,0.0,0.0,1.4022445327487336,1.4029507986624292,0.985
P12,1.4,22,-42.45995113178667,497.27328751276536,0.0,0.0,1.4057284714604896,1.4006870895665662,0.985
P12,1.4,23,-36.91617278514047,468.91877577610654,2.32315784584013,0.22174748757115154,1.4075114850397732,1.3989706738772816,0.985
P12,1.4,24,-31.45432879410734,441.42692037021055,2.311677218884913,0.19176752803802022,1.4074766083325365,1.3985277709386579,0.985
P12,1.4,25,-26.43332741149826,416.1758118078224,1.9625736250920909,0.0778147980011691,1.4066875677676556,1.3986779441998831,0.985
P12,1.4,26,-21.431373327330903,393.67778665244674,2.177016161556534,0.15800226520861071,1.4061318113231271,1.398966397388099,0.985
P12,1.4,27,-16.68763698919065,374.16439274581273,2.440229162165349,0.2266943988010467,1.4059334027274963,1.3995889859761088,0.985
P12,1.4,28,-12.764889205456283,358.06021348933643,2.0789007736375087,0.06299368127954713,1.4062565353148806,1.400127262620797,0.985
P12,1.4,29,-9.360550078245929,345.6096200962368,0.0,0.0,1.4068761842019522,1.4000478731089114,0.985
P12,1.4,30,-6.357924273015908,336.82637169040345,0.0,0.0,1.4071204321021056,1.3996317790752235,0.985
P12,1.4,31,-3.8671567286386526,331.6020802958976,0.0,0.0,1.4067812876441317,1.3994610889678676,0.985
P12,1.4,32,-1.4443568166995484,329.6521818778888,0.0,0.0,1.4061831003435883,1.3993959387506274,0.985
P12,1.4,33,1.2708255673501354,330.7854850215676,0.0,0.0,1.405101817707708,1.399271497190117,0.985
P12,1.4,34,4.091750073464214,334.957095258704,0.0,0.0,1.4036831115893265,1.3994514427417803,0.985
P12,1.4,35,7.319954020043719,342.0490598550339,0.0,0.0,1.4027019497546322,1.3998210803510167,0.985
P12,1.4,36,11.259770004312763,352.0423740902869,0.0,0.0,1.4020861855808433,1.4000532656101847,0.985
P12,1.4,37,15.396260527664044,365.0822290642641,0.0,0.0,1.4012853391607372,1.4000395401842165,0.985
P12,1.4,38,19.560099698757984,381.0888523042863,0.0,0.0,1.400338907086291,1.3997974373156294,0.985
P12,1.4,39,24.14559412708572,399.76545238764237,0.0,0.0,1.400088133736944,1.399462835894665,0.985
P12,1.4,40,28.827967499560874,421.1268297147516,0.0,0.0,1.400588574367202,1.399490105279439,0.985
P12,1.4,41,33.26143671404022,445.2613219608742,0.0,0.0,1.4008308562186254,1.3998418128541665,0.985
P12,1.4,42,37.99406685427536,471.74970679669457,0.0,0.0,1.4003913806180857,1.399947346065737,0.985
P12,1.4,43,43.18675528385104,499.83421015185286,0.0,0.0,1.3998588330373123,1.3997772256757437,0.985
P12,1.4,44,48.587666371411,528.5407599117565,0.0,0.0,1.3997963336376387,1.3995317593736236,0.985
P12,1.4,45,54.74028222194023,556.2627317880817,0.0,0.0,1.3996898461669753,1.3994748067501779,0.985
P12,1.4,46,62.15650147375442,580.7975885445568,0.0,0.0,1.3989151453525788,1.3997975877183186,0.985
P12,1.4,47,70.4841137650434,600.0757285275091,0.0,0.0,1.3984526149672425,1.3999725303503103,0.985
P12,1.4,48,79.70530657127073,612.3455655395023,0.0,0.0,1.3985808509641777,1.3995345976534437,0.985
P12,1.4,49,90.10043259315653,615.7457601365663,10.042948703923534,11.07207018737391,1.3985141584102958,1.3993965142712967,0.985
P12,1.4,50,100.8552458542967,608.5075715427159,15.896545124112109,34.68572592913549,1.3985066064800624,1.3997081801867726,0.985
P12,1.4,51,110.76717737660398,589.5985833631784,20.994596213473294,71.0476036587315,1.3993574847632504,1.3996161510100014,0.985
P12,1.4,52,119.07989141303456,558.6779231662975,21.50082664056394,118.3891559846672,1.4010512209282395,1.399408348302363,0.985
P12,1.4,53,124.06394098673846,515.7343108000714,13.780353101774963,171.53354002798446,1.4028281008764982,1.3995661367278944,0.985
P12,1.4,54,123.74407785512676,461.66733926627785,-1.1606818266953312,224.46537082527246,1.4045565471406463,1.3994528959558328,0.985
P12,1.4,55,118.05220558123897,399.23319636447195,-18.160345872666845,272.1687602296898,1.406458306776607,1.3992713038941322,0.985
P12,1.4,56,107.20816255814441,332.3356999310843,-33.766950893710835,311.19895556572374,1.4083151525123063,1.4011277296310343,0.985
P12,1.4,57,91.41477434696482,264.7959333747662,-47.703923879360666,341.3623727732912,1.409766370398025,1.4031401821265708,0.985
P12,1.4,58,72.96909093979278,200.61553532183615,-59.45435582607306,366.11081985540466,1.4106715593468933,1.3990299640191004,0.985
P12,1.4,59,54.68074497917,144.1051511771191,-68.5863223514204,390.24886055594544,1.4107219676913538,1.3867399561694727,0.985
P12,1.4,60,37.59118407540029,98.08011063689315,-76.1713932643747,416.7659279859924,1.4092456917627245,1.3737911620562107,0.985
P12,1.4,61,22.96321304256391,62.446003859123614,-82.17717814917792,445.491651956604,1.406308277893668,1.369864446795655,0.985
P12,1.4,62,12.578300216135354,36.10566451833998,-85.25082382987266,474.5499790324382,1.4022708146808653,1.3755576785789858,0.985
P12,1.4,63,6.063285280383798,18.57259694249021,-85.67303501478094,501.7653374940138,1.3983525246447492,1.3862791978352536,0.985
P12,1.4,64,2.016546128363118,8.589891238748862,-84.1890130337208,524.7142036124666,1.3957522199910704,1.3956631041981074,0.985
P12,1.4,65,0.23076915280363539,3.563950001651569,-80.28017842609164,541.3663401229211,1.3946340670132986,1.398944181207436,0.985
P12,1.4,66,0.1316968229855872,1.368740001629063,-74.4812191778018,551.005088386907,1.3949614127816747,1.3965841243390917,0.985
P12,1.4,67,0.337340218580772,1.1282906297069404,-68.40353915630689,553.8389826854673,1.3964206181354728,1.3921908108702943,0.985
P12,1.4,68,0.579555825159969,1.8463838283220526,-62.07040306400332,550.0139035473466,1.3982384446643696,1.3892968014326703,0.985
P12,1.4,69,1.068423373930657,2.3804057863799417,-55.23391113627977,539.8929904402362,1.3997383898528395,1.3903467450273392,0.985
P12,1.4,70,1.367370945840821,2.4528242107869342,-49.039142187491876,524.7232279900916,1.4005369047032628,1.3943916702842516,0.985
P12,1.4,71,1.4504653604365054,2.377453536105966,-43.51800824310338,505.9194244083356,1.4004518394776089,1.399189350359707,0.985
P12,1.4,72,1.761686999746354,2.247392006581008,-37.82077145847114,484.49297852067326,1.3997949771276392,1.403535778827809,0.985
P12,1.4,73,1.815691672438349,1.8571018890786062,-32.39446336386301,461.69823364666445,1.3994129582058767,1.4064511597471847,0.985
P12,1.4,74,1.2766493068674467,1.2628068702418036,-27.57581848735825,439.21154510183726,1.3995134931794675,1.407308359805714,0.985
P12,1.4,75,0.8830720452915958,0.8377555989021429,-22.612459713223473,418.20488134645973,1.3994574410866114,1.4064352732514844,0.985
P12,1.4,76,0.8789552227062288,0.6635057133671413,-17.683722837705787,399.07473345566336,1.399307156537461,1.4053716300661083,0.985
P12,1.4,77,0.8815500759465614,0.5372278680119974,-13.631049074090285,382.3214962640521,1.3995477441517539,1.4048791038934165,0.985
P12,1.4,78,0.8222688648859175,0.3853706525612324,-9.869085351052997,368.64332405690425,1.4000293810428734,1.4050266236825584,0.985
P12,1.4,79,0.8486023862891078,0.2757595794013728,-5.984247290075717,358.1423632376379,1.4001184002633842,1.4056077571421242,0.985
P12,1.4,80,0.8469515579865927,0.1965444245031856,-2.6799029628275965,350.4629040841655,1.39967583028943,1.4061175748314854,0.985
P12,1.4,81,0.8372603075009522,0.07154337653880781,0.29342110666463944,345.6703886550321,1.3994818301755871,1.4061976159039433,0.985
P12,1.4,82,0.0,0.0,3.78404024284438,344.1410537623427,1.3995116020101974,1.4055738933713195,0.985
P12,1.4,83,0.0,0.0,7.438926904475244,345.7869405509228,1.399511243632648,1.404711587405139,0.985
P12,1.4,84,0.0,0.0,10.887602124283102,350.29067642800214,1.3995371953530007,1.4040209674336808,0.985
P12,1.4,85,0.0,0.0,14.624930001555892,357.7878513792984,1.399707604374457,1.40319156698857,0.985
P12,1.4,86,0.0,0.0,18.497280137205006,368.4522398972887,1.3997961624844555,1.402194023515771,0.985
P12,1.4,87,0.9337954310904029,0.03421821982188241,21.9863698205413,381.7797363756199,1.3996195221986925,1.4014705915617898,0.985
P12,1.4,88,0.7427315847307884,0.24250255687389277,25.411346595063407,397.09956132065855,1.3994292195936715,1.4012872444702758,0.985
P12,1.4,89,0.669600286024912,0.39255278163893126,28.977161797744778,414.3952580712331,1.3996673373185395,1.4013866951539662,0.985
P12,1.4,90,0.6307693212040443,0.4173671681403885,32.337747218326356,433.8132606576178,1.39989871069006,1.4014232903785928,0.985
P12,1.4,91,0.5560360938986656,0.1961461059374778,35.819670607373425,455.01048002519354,1.3994943788914453,1.401273782717351,0.985
P12,1.4,92,0.0,0.0,39.900432125239405,477.58907358282283,1.3991357874012198,1.400561474215682,0.985
P12,1.4,93,0.0,0.0,44.36730157484038,501.3380694478504,1.3993290212478406,1.3993715338527026,0.985
P12,1.4,94,0.0,0.0,49.368010913172704,525.3972385550483,1.3995525564637257,1.3985590050640548,0.985
P12,1.4,95,0.0,0.0,55.47857411227122,547.8997807506555,1.3995717866736281,1.398640359163132,0.985
P12,1.4,96,0.0,0.0,62.64639591909887,566.8663930757349,1.3995542713163422,1.3990113660757943,0.985
P12,1.4,97,0.0,0.0,70.68921025857348,580.6751506796384,1.3995791770391965,1.3990091237870002,0.985
P12,1.4,98,0.0,0.0,79.8832632303126,587.5238248334289,1.3995834701579917,1.3988494797700293,0.985
P12,1.4,99,5.600211252161381,11.055397949465506,89.98461954654888,585.4552375591354,1.39974258577551,1.3989725022395645,0.985
P12,1.6,0,4.31134827717413,11.151458015407515,118.16984984499828,607.7347361692703,1.5995857571560224,1.5997290206521726,0.942
P12,1.6,1,4.8687659913893135,43.04230226012811,128.8365950791227,590.1310369559507,1.599580458793752,1.60014001402292,0.942
P12,1.6,2,3.9205741936416834,93.66443562879728,137.5692024211766,559.6991938802639,1.599571644948156,1.6011325919624138,0.942
P12,1.6,3,-0.8079880740270354,161.46777387793492,142.51127905310958,516.2468745031521,1.5997153203632961,1.6026255081479719,0.942
P12,1.6,4,-12.822389060503877,238.24779016228055,141.90406722483576,461.05163037751686,1.5996929987606108,1.6043383551446402,0.942
P12,1.6,5,-32.16761374728837,311.9137823277028,134.25244963756,396.39081088558686,1.5988684218214684,1.6063789525546308,0.942
P12,1.6,6,-52.87405396337165,373.08907469261965,119.27500398774679,325.5769656473358,1.597607490802113,1.6086564246932187,0.942
P12,1.6,7,-70.84366775925768,418.84897737378145,99.06936154341828,253.7396053658564,1.597235304337297,1.6108125610650446,0.942
P12,1.6,8,-87.03676185497221,452.98476953265947,75.83702221644191,186.54505163821247,1.596229557519334,1.6123364890706329,0.942
P12,1.6,9,-101.64549194987272,482.4297136455847,52.35036210789068,128.43765436216287,1.588322936111477,1.6124699820695396,0.942
P12,1.6,10,-113.32086483701403,512.0688666795663,32.714953165365635,81.93364514894574,1.5732411779263993,1.6107225892836996,0.942
P12,1.6,11,-120.43554952436536,542.2397611152427,17.819825085152264,47.60578086931726,1.5628917052884845,1.6070276995464545,0.942
P12,1.6,12,-123.30919971987073,570.3037980092515,7.6137627083882276,24.172662510088976,1.5660126723734045,1.6018481758821284,0.942
P12,1.6,13,-121.93798558528142,593.3742570148977,1.959661259990517,9.448892802920428,1.5786300218094003,1.5962274901541422,0.942
P12,1.6,14,-115.81935151454577,609.6641083571022,-0.4111534101354308,1.5282223187076585,1.5914348540270784,1.5918639174931362,0.942
P12,1.6,15,-106.7662467591738,618.0280212690666,0.0,0.0,1.596736671363428,1.5903857177011735,0.942
P12,1.6,16,-96.52050112173409,617.5427466742639,0.0,0.0,1.5949417173049647,1.5922061475044742,0.942
P12,1.6,17,-85.45469709256787,607.9608740412036,0.0,0.0,1.5918070469825443,1.5961430972344595,0.942
P12,1.6,18,-73.92521998120161,590.0468601662676,0.0,0.0,1.5914383278927338,1.6002140232120532,0.942
P12,1.6,19,-63.49713636009311,565.4441121989473,2.0069192426341744,0.42766177650549225,1.5947264739130145,1.6027448305381102,0.942
P12,1.6,20,-54.52160208239938,535.8248101186705,2.208128478383578,0.9957159015660291,1.6006241151890244,1.6031932005160077,0.942
P12,1.6,21,-46.37343561560311,502.829873779505,2.450330723470529,1.2450350243945345,1.6066175798067877,1.6020347755542448,0.942
P12,1.6,22,-39.21638401091681,468.40955475108507,2.3439515740462835,1.324246344822399,1.610386865882067,1.600230987656338,0.942
P12,1.6,23,-33.11640662836476,434.2946312546943,2.0592201189195696,1.230353839057043,1.6117547628087339,1.5988045507443356,0.942
P12,1.6,24,-27.684660911015946,401.9957230854045,2.3302569419119945,1.0039604493615004,1.611402237398103,1.5982764832626704,0.942
P12,1.6,25,-22.264623762521335,372.8456823908346,2.650990989848381,0.810308739077317,1.610251130424402,1.5985080065351018,0.942
P12,1.6,26,-17.357573682184622,347.64678004654047,2.587870578063277,0.7169899805115739,1.6089953033378472,1.5991482035120912,0.942
P12,1.6,27,-13.15785032581363,326.59287539190825,2.502720941077146,0.6774134336719171,1.6078429020414908,1.5998895500258874,0.942
P12,1.6,28,-9.279238687573006,309.6564284537801,2.518271111761584,0.6480288970659119,1.6071657067719523,1.6003323424412133,0.942
P12,1.6,29,-6.01140820806023,296.94392583259804,2.3238758040927006,0.6184654790754113,1.6069563158655806,1.6001681436139579,0.942
P12,1.6,30,-3.343906656213858,288.5805226419382,1.9950575075213024,0.6134359362875025,1.6069227998473392,1.5996783614552965,0.942
P12,1.6,31,-1.0962749811441195,284.6389447081593,2.206664494269685,0.649159758468819,1.6068643838405599,1.5992888211418845,0.942
P12,1.6,32,1.1451372199088836,285.1630728910953,2.5489354917312155,0.7167384252790798,1.6065046844642248,1.5990873589882262,0.942
P12,1.6,33,3.6515749520908294,289.748967911745,2.481730178079805,0.7886176525836958,1.6057100470457044,1.599056740774838,0.942
P12,1.6,34,6.560394233045183,297.7696976388568,2.2971285230766667,0.8683587552154168,1.6045063199857057,1.5991926488988943,0.942
P12,1.6,35,9.979755489656654,309.18351367509166,2.183180646112688,0.9779836737837385,1.602827020385069,1.5995682812309249,0.942
P12,1.6,36,13.838520488000869,324.30723309899815,1.9268312101255296,1.1120770047927477,1.6012283130557465,1.5996325766207151,0.942
P12,1.6,37,18.243458684110248,343.04839042828246,1.5212330797415168,1.2507241178475736,1.6002821267025764,1.5993107677057594,0.942
P12,1.6,38,23.103661586909904,365.0362398235338,1.3785679825825612,1.370572553437306,1.5997174517161876,1.5992417701567145,0.942
P12,1.6,39,28.21569298844926,390.22806786295246,1.4158704918186857,1.4470858022406121,1.5994365166519093,1.5993261459445547,0.942
P12,1.6,40,33.65586030865035,418.6942811881363,1.3175052795650637,1.4147672292094258,1.5995799075049015,1.5993072226063811,0.942
P12,1.6,41,39.72577906583094,449.97683832483244,1.1565673313885387,1.110933965458049,1.6000027373311303,1.5991576562228236,0.942
P12,1.6,42,46.34759299576291,483.2752614823099,1.0468637178364357,0.32069527657714914,1.6001819587753525,1.599182602480939,0.942
P12,1.6,43,53.50926833013366,517.6994559852969,0.0,0.0,1.5998628957937018,1.5993621498008748,0.942
P12,1.6,44,61.76268727300474,551.8549933194636,0.0,0.0,1.5992938054087034,1.5993339489081344,0.942
P12,1.6,45,71.21615054867536,583.679543723612,0.0,0.0,1.5987351175943847,1.5993153192065022,0.942
P12,1.6,46,81.61102437383337,610.7962400044598,0.0,0.0,1.598285801978417,1.5994231183514516,0.942
P12,1.6,47,92.99842646647106,630.8552055416766,0.0,0.0,1.5982445993884613,1.5994857731146632,0.942
P12,1.6,48,105.4315251728744,641.5238583798267,0.0,0.0,1.5987368361622978,1.5994117427351378,0.942
P12,1.6,49,118.12894137552288,640.6392604990045,7.844739517341661,10.488001083536492,1.599374654920934,1.599581033497909,0.942
P12,1.6,50,129.83698632166252,626.6712191320255,11.169752992119722,37.731017922335624,1.599889318613295,1.599911847071832,0.942
P12,1.6,51,139.5886485770022,598.8361852796172,13.287306714900481,81.26357166601457,1.600740500360797,1.5999129734440989,0.942
P12,1.6,52,145.95956996212306,557.028549574862,11.266106900669843,139.97889612591413,1.602369372336564,1.5996577578838298,0.942
P12,1.6,53,146.81676305611785,502.10433916580064,1.2163530609248292,207.66134102935496,1.6045677459309038,1.5995277459737933,0.942
P12,1.6,54,140.60067181690263,436.4059835520761,-17.022098202883825,275.35235224788534,1.6067231194843203,1.5993984277008624,0.942
P12,1.6,55,127.84973167178785,364.0438334126397,-37.95606998095001,334.8038357531218,1.6087809159211068,1.599208329606245,0.942
P12,1.6,56,110.1714373092892,290.1557657580883,-56.254903409968016,380.55558166080124,1.6105860474977434,1.6001341442389854,0.942
P12,1.6,57,88.94138246563458,219.45279043586163,-70.9569232431603,412.11270778474375,1.6117522774761122,1.6010122864550718,0.942
P12,1.6,58,66.73534906840555,155.84979112680907,-82.78200586169883,434.3501216173695,1.6120743141610292,1.5960518049018555,0.942
P12,1.6,59,46.7117238101717,102.78689897046455,-91.66029088951157,454.3068224989037,1.6110256274615353,1.582957562408231,0.942
P12,1.6,60,30.068004316225114,62.45158840440882,-97.98015272878938,476.6635437109575,1.6080520398929727,1.5682981544805554,0.942
P12,1.6,61,16.93547265606655,34.12219857247555,-102.2821357773628,501.60967819756814,1.6031191906301088,1.5613400902608632,0.942
P12,1.6,62,8.116411455306174,14.975590661423501,-103.90447387713225,526.6217104912789,1.597511129400242,1.5673024949090866,0.942
P12,1.6,63,3.358384755278171,3.0845867128649007,-102.31180839587503,549.1106819846409,1.5936403706490365,1.5827609956700055,0.942
P12,1.6,64,0.0,0.0,-98.28100845043888,566.7342428626093,1.5920831634257366,1.5972927416480394,0.942
P12,1.6,65,0.0,0.0,-92.34863459405136,577.1675417028157,1.5926408065168076,1.6040948120990266,0.942
P12,1.6,66,0.0,0.0,-84.36895225487356,578.9651931045059,1.5946386991236954,1.602317425880486,0.942
P12,1.6,67,0.0,0.0,-75.32545283732503,572.2204017627458,1.596984378807492,1.5960166090388566,0.942
P12,1.6,68,0.0,0.0,-66.55360985542262,558.1626477127975,1.5989561157654688,1.5910762851088511,0.942
P12,1.6,69,0.0,0.0,-58.01659225880971,538.1614873751661,1.6001760856179852,1.590483627895414,0.942
P12,1.6,70,1.6270389160741294,0.40118478431181587,-49.71249039872077,513.6122916734597,1.6005802134123746,1.5940029176017227,0.942
P12,1.6,71,1.7111891047865044,0.5026200406580907,-42.46146301509189,486.4188720107408,1.6001824415867625,1.5999460050097507,0.942
P12,1.6,72,1.5701805169081404,0.46432022617438184,-36.193954191527006,458.452998554474,1.5994635185444661,1.605649736644889,0.942
P12,1.6,73,1.8447557084545172,0.43610682183008154,-30.27051683633882,430.74609794419496,1.599075452186553,1.6092998166009933,0.942
P12,1.6,74,2.0246100249416337,0.21515645936466435,-24.87970839837373,403.9910645566729,1.5991420386307502,1.610957860701219,0.942
P12,1.6,75,0.0,0.0,-20.192771802545508,379.361083980528,1.5992870119851341,1.610987860242559,0.942
P12,1.6,76,0.0,0.0,-15.666657067364529,357.8844216510773,1.5993399160816448,1.609710896795637,0.942
P12,1.6,77,0.0,0.0,-11.256245975750545,339.6422439770822,1.5994526551067598,1.607855673470729,0.942
P12,1.6,78,0.0,0.0,-7.623112658240364,324.5806837638728,1.5996033828199057,1.6065915281895469,0.942
P12,1.6,79,0.0,0.0,-4.496417077564198,313.2874617437018,1.599725444042496,1.6063364762514452,0.942
P12,1.6,80,0.0,0.0,-1.1540899297445826,306.14943355908224,1.5997926822688773,1.6065018266590922,0.942
P12,1.6,81,1.4177244901036736,0.09111786282017421,2.0722589742148205,302.79820741342576,1.599761789937037,1.6064821842938712,0.942
P12,1.6,82,1.3697990373125635,0.011390224100347623,5.002415552774111,302.96619918101754,1.5997595510162153,1.6061502436527773,0.942
P12,1.6,83,0.0,0.0,8.357567171695372,307.0191467659983,1.599761342414474,1.605289551554191,0.942
P12,1.6,84,0.0,0.0,12.27163830559146,315.2011100565592,1.5998500352590541,1.6041260875622982,0.942
P12,1.6,85,0.0,0.0,16.15114116695245,327.1149797122989,1.5997070036322105,1.603145879965618,0.942
P12,1.6,86,0.0,0.0,20.05206878483313,342.33626538432856,1.5992836056662623,1.6024592341954527,0.942
P12,1.6,87,0.0,0.0,24.347332373802818,360.8470461514441,1.5991144217229027,1.6016581720174803,0.942
P12,1.6,88,0.0,0.0,28.785691502595895,382.4693608836435,1.5994263664458979,1.6006379585094652,0.942
P12,1.6,89,0.0,0.0,33.30578498598678,406.46004039253154,1.5997546540389949,1.6001231430625964,0.942
P12,1.6,90,1.013503183546315,0.031868322996173946,38.43364598188212,432.1973907260471,1.5997623367123486,1.6001351878351535,0.942
P12,1.6,91,0.0,0.0,44.216210567694304,459.70865740795807,1.599627064370496,1.6000978463493976,0.942
P12,1.6,92,0.0,0.0,50.38653102605842,488.81282497457624,1.5997059631894082,1.5995909655925047,0.942
P12,1.6,93,0.0,0.0,57.35921656122018,518.3346173554637,1.5997928876415963,1.5988089907527072,0.942
P12,1.6,94,0.0,0.0,65.48458379238915,546.7008060543518,1.5997231310945235,1.5982047868976652,0.942
P12,1.6,95,0.0,0.0,74.41663332733728,572.4992831643682,1.5997040916860217,1.5978739401757749,0.942
P12,1.6,96,0.0,0.0,84.12639900049132,593.8907831684361,1.5997661472883782,1.5980428168032454,0.942
P12,1.6,97,0.0,0.0,94.97451189502597,608.2989079958056,1.5996916077754457,1.5987256976818476,0.942
P12,1.6,98,0.0,0.0,106.60546200542645,613.3692418742455,1.5996283753609852,1.5993657612542476,0.942
P12,1.6,99,4.326336187966498,11.145959908108427,118.11209763155641,607.6806350774017,1.599626792505215,1.599627561074493,0.942
P12,1.8,0,4.687829083377249,11.371950410797767,136.19130034990658,620.785690726583,1.800076607115481,1.8006335082813576,0.894
P12,1.8,1,4.489910735291616,45.817372883515766,146.01358093403414,596.6100989889134,1.7999632492114508,1.8014535458015455,0.894
P12,1.8,2,2.138857308257105,100.76225584954324,152.13478822260004,558.4706575037609,1.7995602222529143,1.8032602245280522,0.894
P12,1.8,3,-4.250179292299309,175.5635554981549,153.04181508908215,507.6271174634555,1.799540666456918,1.8057530670953819,0.894
P12,1.8,4,-17.54938159909945,262.4154720235384,147.92495654937602,446.446196751636,1.7996018849877211,1.8078516061590435,0.894
P12,1.8,5,-38.7526457271147,347.93493858653244,136.0820843755368,377.8541726417472,1.7991191854459954,1.8094556981460146,0.894
P12,1.8,6,-62.92795953168057,420.45824551709484,117.69857744386714,305.35634395733774,1.7981299808290896,1.8110779750825816,0.894
P12,1.8,7,-84.08239909685834,474.9045613666813,95.74421821818994,233.91358123097254,1.7970109866854567,1.8123201479110451,0.894
P12,1.8,8,-101.88515815751562,513.6229161396833,73.32202221293869,168.74984618965019,1.7966356901336864,1.8123967746436525,0.894
P12,1.8,9,-117.14568070876938,543.5343569315703,51.19503406505618,113.55073696088583,1.7949793980619442,1.8110137448870964,0.894
P12,1.8,10,-129.05097392959004,570.5499546313414,32.12153664267661,69.85449578355711,1.7860727080969778,1.807639114102284,0.894
P12,1.8,11,-135.66891212516435,596.0734597007769,18.336804785684397,37.7154899244061,1.7692957610085946,1.8023966212212792,0.894
P12,1.8,12,-136.39382369061687,618.57744656844,8.869567862556682,16.359890493316744,1.7563478652308846,1.7972311900294469,0.894
P12,1.8,13,-132.90126856466154,635.843479332399,2.854773080248267,3.7892152994834047,1.7582393252343012,1.793119185145669,0.894
P12,1.8,14,-125.18728586941882,645.9421791842611,0.0,0.0,1.7717802293677656,1.7907364130900376,0.894
P12,1.8,15,-113.61001172791819,647.772481490279,0.0,0.0,1.7863825898754189,1.7908359443293778,0.894
P12,1.8,16,-100.39110109376712,640.6999155943449,0.0,0.0,1.7952707764058813,1.793161470923008,0.894
P12,1.8,17,-87.2307032024213,624.3822802521433,0.0,0.0,1.7974646258457256,1.7966567537862208,0.894
P12,1.8,18,-74.04424401997662,599.251887464486,0.0,0.0,1.7965933645104635,1.7998309941292772,0.894
P12,1.8,19,-60.98267311271454,566.8382932346934,0.0,0.0,1.7965161166252348,1.8013627563945582,0.894
P12,1.8,20,-49.83313696060542,529.6046375972763,0.0,0.0,1.798680543733621,1.801303860187137,0.894
P12,1.8,21,-40.677515779406356,489.8418059796403,1.0207089154359852,0.41405424651832096,1.802808037577932,1.8006832685392578,0.894
P12,1.8,22,-32.572418004996834,449.4152404834936,1.6059746485140463,0.5969985596873225,1.8075419241269646,1.8000820586140514,0.894
P12,1.8,23,-25.619256656798335,410.0995284019785,1.8332281072332506,0.4070338726739858,1.811674772170715,1.799475465179534,0.894
P12,1.8,24,-20.11659465459374,373.1976487327855,0.0,0.0,1.8140517119194757,1.7990660401837446,0.894
P12,1.8,25,-15.901541620119758,339.71638460548303,0.0,0.0,1.8146706874919565,1.799123637918069,0.894
P12,1.8,26,-12.065054720200452,310.7360678703318,0.0,0.0,1.8140783096191797,1.7993249554369997,0.894
P12,1.8,27,-8.886970267899668,287.0686599388177,0.0,0.0,1.8126326676824005,1.7993879279542853,0.894
P12,1.8,28,-6.775153436543445,268.8343054188488,0.0,0.0,1.8109730913467588,1.7994790343351745,0.894
P12,1.8,29,-4.797865600639225,255.60470307934037,0.0,0.0,1.8096957412821106,1.7996412571809672,0.894
P12,1.8,30,-2.7959107048622363,247.2012822448251,0.0,0.0,1.8087594456832516,1.7997531774913056,0.894
P12,1.8,31,-0.9643018893584232,243.96709301550223,0.0,0.0,1.8079225273376334,1.7998913082394852,0.894
P12,1.8,32,1.05965178040216,246.08020759106464,0.0,0.0,1.8071495034489424,1.7999944636352476,0.894
P12,1.8,33,3.8460864671830213,253.2493825153554,0.0,0.0,1.8060666265121756,1.7997964997671174,0.894
P12,1.8,34,7.545231026860184,265.06124772992337,0.0,0.0,1.8045767760529654,1.7995255507277328,0.894
P12,1.8,35,11.760567260414277,281.20379788281025,0.0,0.0,1.8033404341834478,1.799444139056553,0.894
P12,1.8,36,16.560536127857283,301.62902603834175,0.0,0.0,1.8022191834527477,1.7994320009125877,0.894
P12,1.8,37,21.947942896302344,326.4106366745103,0.0,0.0,1.8011059328395067,1.799547218883037,0.894
P12,1.8,38,27.542314407686746,355.2979066937085,1.663759051224115,0.2161137184975576,1.8003266666071218,1.7996939676409007,0.894
P12,1.8,39,33.360620995560765,387.6731189603299,0.9411414848858061,0.44207574843549097,1.7998377072995444,1.7996408878918841,0.894
P12,1.8,40,39.81126353524658,422.93235935459785,0.5435732846580974,0.27504418472372183,1.7995593459675818,1.7994573091682415,0.894
P12,1.8,41,47.08200941893337,460.60553037147395,0.0,0.0,1.799579402663357,1.7992665723698413,0.894
P12,1.8,42,55.114121549210445,499.838538960186,0.0,0.0,1.7996147590583382,1.799028433330461,0.894
P12,1.8,43,64.39102028553305,538.8821464584485,0.0,0.0,1.7992633902652078,1.7988341955504474,0.894
P12,1.8,44,75.28144932263628,575.5014187515815,0.0,0.0,1.7988101181985878,1.799084156627623,0.894
P12,1.8,45,87.5032443435418,607.5292298608997,0.0,0.0,1.7983657315037704,1.7996351832265864,0.894
P12,1.8,46,100.90380865640832,632.7541492714172,0.0,0.0,1.7979114165393797,1.799942909765201,0.894
P12,1.8,47,115.24980955454136,648.8201051547242,0.0,0.0,1.7977654912526986,1.7997854587440396,0.894
P12,1.8,48,129.69324248370694,653.4943071435847,0.0,0.0,1.7978220933820588,1.799346555217319,0.894
P12,1.8,49,142.8853513946546,644.9959263397695,5.397271129801322,10.098118255939902,1.7982020630836786,1.7991851840984652,0.894
P12,1.8,50,153.56417911455497,622.1776347488953,5.915295256414884,41.76592011017921,1.7995522191569222,1.7995492068714554,0.894
P12,1.8,51,160.56494762236844,584.812413737345,4.464370832935309,92.48653420784517,1.8015874406963837,1.7997233650292472,0.894
P12,1.8,52,162.32976363853464,534.038691925633,-1.168114490814681,162.04441619511422,1.8037613816147178,1.7995938547320902,0.894
P12,1.8,53,157.64436019862717,472.33500593408803,-14.164923538833934,243.921448580964,1.805972328186847,1.7994039410011138,0.894
P12,1.8,54,146.26707772804022,402.83902099317106,-35.36611981046112,326.3411701801803,1.808244328993391,1.7991323263173038,0.894
P12,1.8,55,129.0546986457191,329.0910968697732,-60.27903240922161,397.7517383241737,1.8104868634513547,1.7984937933867857,0.894
P12,1.8,56,108.29904924236192,255.68585571244645,-82.65381395342953,451.3380829671578,1.8124300393619466,1.7977998456913657,0.894
P12,1.8,57,86.2248388903623,187.78872147103223,-100.01868580573979,486.8841164096728,1.8134349071951765,1.7961332383937691,0.894
P12,1.8,58,64.10246296560221,129.41022418718117,-112.99780848712129,510.04325216865345,1.8132155523962832,1.7892119302750777,0.894
P12,1.8,59,43.96269593171323,82.33673009879084,-121.94609947533375,528.1581842995815,1.8115903987922557,1.7746123404197147,0.894
P12,1.8,60,27.68504921223952,46.7023024306676,-126.52684097916459,545.9324180756557,1.808132833332869,1.7590870851772744,0.894
P12,1.8,61,15.421331226804044,22.007345165892794,-127.30371792413678,564.2188370397697,1.8031980342958076,1.7538138920229813,0.894
P12,1.8,62,6.9234022163511915,6.802182780549139,-125.29065603228504,581.2297405461599,1.7978463868868098,1.7620172004918078,0.894
P12,1.8,63,0.0,0.0,-120.33358494406956,594.5956815145062,1.7934755488475342,1.779478374208059,0.894
P12,1.8,64,0.0,0.0,-112.58475167565088,602.4768442653427,1.7910756237557044,1.7970250259865816,0.894
P12,1.8,65,0.0,0.0,-103.26882871279638,603.3231495094489,1.790823284625605,1.8059309882350973,0.894
P12,1.8,66,0.0,0.0,-93.25031315938217,595.9221840842428,1.7921942789929677,1.8056648493514056,0.894
P12,1.8,67,0.0,0.0,-82.51179202710676,580.1485521233215,1.7943360976854004,1.8009862831671049,0.894
P12,1.8,68,0.0,0.0,-71.42807679938055,557.2439852445153,1.7966638220359181,1.7968448005846507,0.894
P12,1.8,69,0.0,0.0,-61.25542699443571,529.2184459653827,1.7987090835532795,1.7959865854106827,0.894
P12,1.8,70,0.5595818819894723,0.24044346723922683,-52.063130326291926,497.9226237436448,1.800201563968015,1.7985480285687996,0.894
P12,1.8,71,0.890119778213121,0.3955483030792805,-43.330467557942406,464.847733221101,1.800945950660593,1.802779776337102,0.894
P12,1.8,72,1.0746928474239161,0.24462028161306607,-35.71054355581541,431.6481660834464,1.80071244369166,1.8076062830099704,0.894
P12,1.8,73,0.93960183100081,0.03779234231217587,-29.595459023076284,399.9121069900433,1.7999550181304402,1.8118399057683108,0.894
P12,1.8,74,0.0,0.0,-24.448638893180085,370.45816277335297,1.7994995089201025,1.8139620393089138,0.894
P12,1.8,75,1.306274900263593,0.03866221070077827,-19.83367799868048,343.53812341157595,1.7992094163888166,1.813967289782692,0.894
P12,1.8,76,1.3801181697476015,0.05496490277862066,-16.044567760217753,319.63419172030524,1.7990253965507277,1.8126400742196078,0.894
P12,1.8,77,1.247773090845583,0.020324659859983076,-13.185618337816466,299.51157378046315,1.7991184040637354,1.8104548738730923,0.894
P12,1.8,78,1.203523334908673,0.015690132456423384,-10.532878615060548,283.5180231488107,1.7994587403528952,1.8085856074079947,0.894
P12,1.8,79,0.0,0.0,-7.868856895261546,271.583565094131,1.7999008805201955,1.807470694969191,0.894
P12,1.8,80,0.0,0.0,-5.495907834806366,263.97452067832455,1.800167944806509,1.8066648815187623,0.894
P12,1.8,81,0.0,0.0,-3.0008255897281733,261.2445459041902,1.8000351768559215,1.8059838747262016,0.894
P12,1.8,82,0.0,0.0,0.25068445099548514,263.4979836978,1.7996277556197293,1.8055341253136272,0.894
P12,1.8,83,0.0,0.0,4.049865100801118,270.3631129253468,1.799413666185531,1.805047559616769,0.894
P12,1.8,84,0.0,0.0,8.043460411575499,281.6600422818496,1.7993594962566757,1.8042357633629884,0.894
P12,1.8,85,0.0,0.0,12.50913944573198,297.55623959672783,1.799265998374234,1.803295317749282,0.894
P12,1.8,86,0.0,0.0,17.475289511249237,317.9725165296162,1.799283249206486,1.8023307233134318,0.894
P12,1.8,87,0.9375114648113263,0.12284708215482325,22.516181422899493,342.309481170136,1.7992967664751849,1.8015475597170874,0.894
P12,1.8,88,0.7040355911643106,0.3435450386761193,27.641268521938876,369.8536573846642,1.7993856381120474,1.8010781219277612,0.894
P12,1.8,89,0.7427404875008269,0.3957645369746327,33.32769642579757,400.11875115191464,1.7996438065276192,1.8006505366556769,0.894
P12,1.8,90,0.9966447840747364,0.16912091782266014,39.747351605037856,432.6344372191547,1.799882885321222,1.7998998216175848,0.894
P12,1.8,91,0.0,0.0,46.74643935956291,466.5317427958326,1.7998155190843703,1.7991596945989061,0.894
P12,1.8,92,0.0,0.0,54.6114611127472,500.6918506316063,1.799519213575986,1.7989100400561,0.894
P12,1.8,93,0.0,0.0,63.719085069774934,534.1432996659886,1.7993833516225048,1.798614339413965,0.894
P12,1.8,94,0.0,0.0,73.93547167451322,565.7408085886736,1.7995360868524517,1.7980220026684,0.894
P12,1.8,95,0.0,0.0,85.19201572286494,593.5478315926372,1.7995542301398586,1.797673099544137,0.894
P12,1.8,96,0.0,0.0,97.60542563634843,615.0240969240718,1.7994440557431428,1.7978933143015117,0.894
P12,1.8,97,0.0,0.0,110.77074100808969,627.7975058334816,1.799458765294497,1.7984920138628868,0.894
P12,1.8,98,0.0,0.0,123.74634404050637,629.9501823317688,1.7996178009002504,1.7994530194146696,0.894
P12,1.8,99,4.637291494146578,11.354589087866358,135.6520003075594,619.7681959683401,1.8000059552344183,1.8004319216334375,0.894
P13,1.0,0,11.26116010409149,10.868857157023328,103.61588898530658,931.252621156756,1.000045690531017,1.0017516721525068,1.189
P13,1.0,1,20.862689324161373,37.87073909813335,109.98270242385743,934.8084603419123,0.9999332042392891,1.0013612943126153,1.189
P13,1.0,2,28.67921596966343,79.70243956136517,116.79879696921697,931.9515913848641,0.9996943213614856,1.0012689730149484,1.189
P13,1.0,3,26.191137707347135,129.98431081793166,124.35676779031834,921.5600922721982,0.9992222446831883,1.0016753385993937,1.189
P13,1.0,4,11.869676504913102,183.59113654973584,131.6955747636171,902.5531866038481,0.9996506057842731,1.0014443415296566,1.189
P13,1.0,5,-6.092217739384399,241.9544957608189,140.10720910202912,874.8874016647034,1.003832109168776,1.0019923597488323,1.189
P13,1.0,6,-24.01861030199244,305.7377157703043,148.87797174237082,838.2715572905007,1.005096001927539,1.0034623970874006,1.189
P13,1.0,7,-42.42606725197582,371.27149382573236,155.76869492146793,790.7336396339325,0.9949810348427157,1.0049815314944586,1.189
P13,1.0,8,-59.5585069848927,435.74855311860284,160.68572040362986,731.3599017703548,0.9807845670137418,1.0065586257506625,1.189
P13,1.0,9,-75.72434192731386,497.0099816520441,161.5019176599355,660.5063382516621,0.974250687122153,1.007911435059332,1.189
P13,1.0,10,-90.49381010206713,549.0536961574679,156.2922760546979,577.3025273921096,0.9771493314950408,1.009348136987039,1.189
P13,1.0,11,-100.99609344330725,587.6356132105143,145.11051029841917,483.3139634409603,0.9832563653918116,1.0104458998249886,1.189
P13,1.0,12,-109.19451776984282,617.0242645034242,126.17128717393463,384.19147292394416,0.9875523431970263,1.010372389516833,1.189
P13,1.0,13,-116.10930883974898,644.0621555668126,101.04036488079024,286.448662775528,0.9864828974066941,1.0091157288793033,1.189
P13,1.0,14,-120.19018513038613,672.5901113295931,73.47762539203322,197.42620348512773,0.9851905142802223,1.008264642780585,1.189
P13,1.0,15,-122.53215563153682,705.7671981080084,45.813869129983864,124.52411456238765,0.9884395207681518,1.006778396593689,1.189
P13,1.0,16,-123.05446122687572,744.5101532965382,23.66986916552258,70.79845863711935,0.9931464234051359,1.0046149635501647,1.189
P13,1.0,17,-121.14740446422043,785.8572430924896,9.394479452622873,34.631227292824484,0.9958857183639463,1.0012010344934006,1.189
P13,1.0,18,-117.99010865451173,826.1844531798772,1.239720348530382,12.994841681860203,0.9958864422128219,0.9969960086711288,1.189
P13,1.0,19,-112.9739607902434,862.8813875742105,-1.4545310843920836,2.1979083292861987,0.994483771695007,0.9941127488464802,1.189
P13,1.0,20,-106.34262981161488,893.4077236175276,0.0,0.0,0.9941342021495356,0.9932623282859725,1.189
P13,1.0,21,-99.1861096087457,915.0780011044724,0.0,0.0,0.9946857735544113,0.9953227597251506,1.189
P13,1.0,22,-90.95140966132513,925.9469942729011,0.0,0.0,0.9956345665430224,0.9991497364793115,1.189
P13,1.0,23,-82.34301279111715,925.4002846549695,0.0,0.0,0.9976455985611892,1.0028240062320484,1.189
P13,1.0,24,-74.08122151336987,913.9763093098511,1.2833387307589386,0.3294934377247955,0.9997783281757096,1.003004296955828,1.189
P13,1.0,25,-65.96951913760243,893.9213042672188,1.8612213232730406,0.8749776198266382,1.0010612321202557,1.0013130432456598,1.189
P13,1.0,26,-58.43829207244742,868.2519979126106,1.6258140750948473,0.9181003299400999,1.0023179579617802,0.9996697375877656,1.189
P13,1.0,27,-51.29334159866921,839.3631887438385,1.1239043166087246,0.5871129520337116,1.0040362253110586,0.9988921336364031,1.189
P13,1.0,28,-44.597616149709935,809.7488806651606,1.1925553624971699,0.3921134303403892,1.005652730227071,0.9990163807727185,1.189
P13,1.0,29,-38.67963596589977,781.370927000773,1.0788479879883606,0.24866183688718768,1.0067969703338535,0.9994331437514693,1.189
P13,1.0,30,-32.67302652380321,755.1094140915795,0.0,0.0,1.0068885098601053,0.999914680771536,1.189
P13,1.0,31,-26.863270698584955,732.4640882920337,0.0,0.0,1.006532229278649,1.000101747385032,1.189
P13,1.0,32,-21.49836878902408,714.7799203387387,0.0,0.0,1.0063063248015496,0.9999756245978361,1.189
P13,1.0,33,-16.03504279373485,701.7038045540352,0.0,0.0,1.00594783047963,0.9992206121541504,1.189
P13,1.0,34,-10.937564454434517,692.7163711709505,0.0,0.0,1.0051714703216978,0.99909235866661,1.189
P13,1.0,35,-6.08490479668787,688.1006089741661,0.0,0.0,1.0048123272870992,0.9996269502619841,1.189
P13,1.0,36,-1.2149321830753042,688.080559049744,0.0,0.0,1.0045814221367282,0.9998217488871382,1.189
P13,1.0,37,3.243905216103468,692.3978801530136,0.0,0.0,1.0037421000968183,0.9997217974604997,1.189
P13,1.0,38,7.952244224262607,700.5024958156772,0.8420342840549737,0.008936300683043066,1.0029484970293068,0.9995166511969631,1.189
P13,1.0,39,13.047823516907393,712.2449939837346,0.6930325471488202,0.14854132083957497,1.0022128487358055,0.9994207047411107,1.189
P13,1.0,40,18.233210164344282,727.9645203923425,0.5913664733357118,0.2783942003837767,1.001837649209366,0.9993272594780297,1.189
P13,1.0,41,24.492404670997516,747.1411133984375,0.5420432063667282,0.4117078585365042,1.0015518143351037,0.9994196741416713,1.189
P13,1.0,42,31.858223846443,768.3589931932994,0.4026651819608134,0.3604310323963664,1.0007045368840923,0.9998445293773828,1.189
P13,1.0,43,40.14822487044932,790.9121873179765,0.0,0.0,0.9999356560865592,1.0005474990206638,1.189
P13,1.0,44,49.740138101213084,814.650802815902,0.0,0.0,0.9997724692451622,1.0001320136323162,1.189
P13,1.0,45,59.88859900035187,838.6597755485985,0.0,0.0,0.9998276189802457,0.9990810686291454,1.189
P13,1.0,46,70.10262599564597,861.4256326274705,0.0,0.0,0.9999832806684134,0.9992461645639766,1.189
P13,1.0,47,80.22666599599088,881.6917170678926,0.0,0.0,1.000577307029671,0.9998530608544383,1.189
P13,1.0,48,89.35846581882346,898.4874062888257,0.0,0.0,1.0013591238858428,0.9998082569533157,1.189
P13,1.0,49,97.55542897060852,910.6937891421703,7.139136077880299,3.329790605745271,1.001716599004751,0.999489053506334,1.189
P13,1.0,50,105.11480567405327,916.935592965926,15.899584753911949,23.727496261230666,1.0017239980332642,0.9993638034728984,1.189
P13,1.0,51,111.90713767737324,916.1033562278498,26.18336170781038,60.13262449987848,1.0016439277166638,0.9993107780345902,1.189
P13,1.0,52,118.53468025338083,907.7947491510059,32.01929948528843,110.32940249848052,1.0020768468961203,0.9994814571205671,1.189
P13,1.0,53,124.89089553013709,891.4230360999306,26.04411496294084,166.6664945907461,1.002232659835434,0.999607129121183,1.189
P13,1.0,54,130.9149475901062,866.0740689700524,9.787462700558926,224.17016653722203,1.0020489301536635,1.0008384947520441,1.189
P13,1.0,55,137.88559211880047,831.9879728685606,-9.171144935612746,283.14067397190564,1.0026827174546717,1.003818734953935,1.189
P13,1.0,56,144.21480864631238,789.1236713895377,-28.600809854817463,343.6389800434429,1.0039085050899577,1.0035031817411622,1.189
P13,1.0,57,148.7166511810958,735.6920429808226,-47.974439795422,402.8141711886951,1.004766117099632,0.9941607383992548,1.189
P13,1.0,58,151.0412335047347,671.4110033898754,-66.10173399672107,458.13783813670415,1.0059374904041403,0.9803779250039527,1.189
P13,1.0,59,148.7252977240588,597.3078294310886,-83.52116519659694,508.32139283297255,1.0076697231942473,0.9742964725153862,1.189
P13,1.0,60,141.0085246815597,513.1557422871947,-98.50915519948708,552.4868425368298,1.0091554134950154,0.9762033208681573,1.189
P13,1.0,61,127.67247757031267,421.5063152462401,-110.2827404568388,592.6080057008943,1.0096928581329985,0.9826973553749334,1.189
P13,1.0,62,107.69280785272917,329.0070437043264,-119.99472735065217,633.2984185868962,1.0089057295441832,0.9875206489113431,1.189
P13,1.0,63,83.39122432496589,241.46312480359,-125.7123844042753,677.1524100078423,1.008042877925775,0.9875473040643326,1.189
P13,1.0,64,57.86350909015772,164.18753049949223,-127.20119553883609,724.3224930292482,1.0071547511770214,0.9871357745395438,1.189
P13,1.0,65,34.267817559579626,102.70956509395107,-125.66636729446272,774.1547763883397,1.0055433302127452,0.9881102131718438,1.189
P13,1.0,66,16.832499232367066,58.21885743994526,-120.5768511028609,823.836480324635,1.0032082635907802,0.9899612805324629,1.189
P13,1.0,67,6.016275599187979,28.07709901942009,-113.72831065721749,869.3473895519146,1.000055714821298,0.9910706177304657,1.189
P13,1.0,68,0.7397942034029361,9.984869687130983,-106.18262399387665,907.781445567292,0.9966486968108103,0.991737292696066,1.189
P13,1.0,69,-0.21586167731201342,1.2898615547638088,-97.30839358162,936.5214661249746,0.9941173404016856,0.9932761591299811,1.189
P13,1.0,70,0.0,0.0,-88.36963430365802,953.1963356179492,0.9944879168620402,0.9956084883797652,1.189
P13,1.0,71,0.0,0.0,-79.03208930990748,957.1303931826776,0.9975773722120188,0.9968888676478755,1.189
P13,1.0,72,0.0,0.0,-68.97231410631554,948.5855579931366,1.0016528627426378,0.9977702233806296,1.189
P13,1.0,73,0.0,0.0,-59.60411473916914,928.4267532211933,1.0037194840117278,0.999464164236124,1.189
P13,1.0,74,0.0,0.0,-50.31039442266511,899.3869992050919,1.0025732075770775,1.0011971216662023,1.189
P13,1.0,75,0.0,0.0,-41.28623448563066,864.9334581811655,1.0003545359438932,1.0027611933284686,1.189
P13,1.0,76,0.0,0.0,-33.52814980434123,827.9245861387609,0.9988430929147754,1.0047136623819104,1.189
P13,1.0,77,0.0,0.0,-26.278108718227386,791.4872804470974,0.9983900967089809,1.006930964453108,1.189
P13,1.0,78,0.0,0.0,-19.828043544295713,758.3176838007737,0.9986358586865408,1.0085478352824155,1.189
P13,1.0,79,0.0,0.0,-14.403118218800998,729.6625246678299,0.9995919400864842,1.0091053125748275,1.189
P13,1.0,80,0.0,0.0,-9.26535409464798,706.6647014896403,1.0002096588074891,1.0084081575924093,1.189
P13,1.0,81,0.0,0.0,-4.732626402237921,690.2721871857885,1.0004698241797263,1.0082621484188332,1.189
P13,1.0,82,0.0,0.0,-0.4359619885086924,680.1141740366802,0.9997311527336978,1.007962906733621,1.189
P13,1.0,83,0.0,0.0,3.905513573609996,675.6779613827099,0.999008608582213,1.0062442606335646,1.189
P13,1.0,84,0.0,0.0,7.7683575683873896,676.9140069313406,0.9993618387963189,1.0048766020580429,1.189
P13,1.0,85,0.0,0.0,11.725584111304665,683.1322648153946,0.9996539567993672,1.0038375102486496,1.189
P13,1.0,86,0.0,0.0,15.783987676905625,693.5564990603449,0.9995377265045712,1.0030470247218963,1.189
P13,1.0,87,0.0,0.0,19.665197075418874,708.0341128762049,0.9996284445652418,1.002211022453521,1.189
P13,1.0,88,1.5547403873719563,0.03704492069071988,24.16130736849365,725.851707490541,0.9996978489349843,1.0012752058815007,1.189
P13,1.0,89,1.4309791763714461,0.12107457311762551,29.274383806560884,745.8612828958351,0.9994460692272431,1.0006722269261195,1.189
P13,1.0,90,1.1346085628977496,0.24005341267243238,35.063230332948535,767.4286383795243,0.9993353343331889,1.0004366863181704,1.189
P13,1.0,91,0.8744112884206794,0.3156385539381918,42.03278420858691,789.6101772505399,0.9993705776091555,0.9998004400927563,1.189
P13,1.0,92,0.5742920464107047,0.18352988936942224,49.73776441274105,811.2445638557261,0.9996423788809393,0.9987889958364227,1.189
P13,1.0,93,0.0,0.0,58.10483772279388,832.2156408291041,0.9998749033352319,0.999037412124197,1.189
P13,1.0,94,0.0,0.0,66.98425269356966,852.7950930563105,0.9994808553558663,0.999729688490422,1.189
P13,1.0,95,0.0,0.0,75.4677662687757,872.6427347924607,0.9994724418844165,1.0000273065390395,1.189
P13,1.0,96,0.0,0.0,83.44760825150706,891.346049597977,0.9998170471973061,1.0003671155455058,1.189
P13,1.0,97,0.0,0.0,90.82195420560546,908.3081317207211,0.9996979160848971,1.0007661963199481,1.189
P13,1.0,98,0.0,0.0,97.33905759831613,922.1009556272053,0.9996341874424304,1.0014189498460029,1.189
P13,1.0,99,11.25789766257838,10.867882868271549,103.60589102193008,931.2656695237121,0.9999668357987809,1.0017603008112173,1.189
P13,1.2,0,12.870077658419724,10.909977537197754,132.54297367235154,982.6209117422569,1.1995465189672105,1.2022871367193972,1.113
P13,1.2,1,22.438677354877093,39.94302772939291,144.08408410202742,989.42385547451,1.1995049170595233,1.2023338651547562,1.113
P13,1.2,2,30.21170971315557,85.92305721749383,156.29127872825643,987.4417263072557,1.1993726396946465,1.2020421248326592,1.113
P13,1.2,3,27.907908235829364,143.74446692622735,169.36075505524283,975.1710575663252,1.1992133791720698,1.2023534762658667,1.113
P13,1.2,4,11.570488152639783,207.0806482722633,181.74765622580014,950.9532584776725,1.1993144454170412,1.2034285876240318,1.113
P13,1.2,5,-11.315108966117126,275.62179152765344,193.191672997132,913.6019100644812,1.202085541670215,1.204886180530606,1.113
P13,1.2,6,-34.05625894572913,350.70177611201444,203.67401519420116,863.0786088717344,1.205731951593484,1.2061844695507529,1.113
P13,1.2,7,-56.69542868346943,428.35442909703295,209.7089564305967,798.6214353495564,1.1992415628143782,1.2077947929629915,1.113
P13,1.2,8,-78.69841117898703,502.45469289742886,209.96200504486944,718.9584053423102,1.1818065916687654,1.2095394156121713,1.113
P13,1.2,9,-98.48269789364333,569.8851555422395,203.23722586411375,625.7763009883496,1.1681685787880518,1.211182930083368,1.113
P13,1.2,10,-116.1646270918058,626.415465689635,186.84428790545758,522.2859391175974,1.1665730252324433,1.2125926076029934,1.113
P13,1.2,11,-129.6710993364336,666.873096197495,161.4451892767609,411.97796421303894,1.1734498811059098,1.2124731694210669,1.113
P13,1.2,12,-139.44103844084003,694.9401691760535,128.96579789286005,302.8577317625695,1.1809171186839311,1.210920115737776,1.113
P13,1.2,13,-148.0601921856378,721.8277536885009,91.44225550447668,206.02449784005026,1.1832329483635593,1.2090572972403673,1.113
P13,1.2,14,-154.26785296565956,753.5102197222134,56.856804076347984,128.32575044233803,1.1833124756765168,1.2068589756233568,1.113
P13,1.2,15,-156.35318860263155,788.7990519720363,30.151437736212795,71.26823621492251,1.1869155126291624,1.203890092847922,1.113
P13,1.2,16,-155.69094199914116,826.1767732444272,11.723564021585345,34.040678930162734,1.1923686522694241,1.1992876294135677,1.113
P13,1.2,17,-151.90034960607292,863.3321896872325,2.4674194764646207,12.884837267148107,1.195187244569207,1.1931296089374492,1.113
P13,1.2,18,-145.207013304662,896.0799634717748,-0.49741637628409907,2.024276481790145,1.194653682054944,1.1880511459105814,1.113
P13,1.2,19,-137.09320947360092,921.9865742784465,0.0,0.0,1.1928511188757032,1.1870512704103908,1.113
P13,1.2,20,-126.98715388515434,940.8750772984774,0.0,0.0,1.1924427454352253,1.1913443191928537,1.113
P13,1.2,21,-115.22665056681699,951.1251909380946,0.0,0.0,1.1946108727237197,1.198133376682298,1.113
P13,1.2,22,-103.65148548014696,950.1252872878158,0.0,0.0,1.1979773731011558,1.2030602426565307,1.113
P13,1.2,23,-91.83765224074808,937.2630433456368,2.663939358080243,0.9380051866073819,1.201347899061583,1.2043694451469709,1.113
P13,1.2,24,-80.18468920188567,913.6833957140663,3.410676216399439,1.820526303256223,1.2037987937907284,1.20253085601112,1.113
P13,1.2,25,-69.43972578598616,881.0838250213435,2.6741864337523915,1.7534085849442531,1.2051529229164082,1.1996887431636531,1.113
P13,1.2,26,-59.242176298930275,842.9293219600345,2.6624190067468985,1.4876408231346454,1.2061198782705287,1.1979870338960297,1.113
P13,1.2,27,-49.87692502042615,803.3591591102254,3.094230864707157,1.4544035567418023,1.207098574772595,1.1980949856201633,1.113
P13,1.2,28,-41.539828980794226,764.2667295143145,2.718460585090963,1.094090211898424,1.208461193097703,1.1992358795775513,1.113
P13,1.2,29,-33.48468736864341,727.1444798354219,2.6412352335515075,0.5423925727964638,1.2097827790449889,1.1998274375430855,1.113
P13,1.2,30,-26.4861089156509,694.7340295184484,2.623775669272916,0.391021846887997,1.2104881710525779,1.2003116980223072,1.113
P13,1.2,31,-20.488487318389236,667.9357931044748,2.0868082566662345,0.3644913067451087,1.2106596862018029,1.200471575175191,1.113
P13,1.2,32,-14.413246764593454,645.9281551296993,0.0,0.0,1.2096614706632918,1.1997760965925006,1.113
P13,1.2,33,-8.903217525179356,629.6869815674448,0.0,0.0,1.2084261254895308,1.1993817504387714,1.113
P13,1.2,34,-4.0591431449367965,620.1530320260031,0.0,0.0,1.207524717646638,1.199469262305969,1.113
P13,1.2,35,0.9370084445329223,615.7825440516756,2.6424499617262094,0.0589070662822942,1.2065094769225102,1.1994747877046144,1.113
P13,1.2,36,5.637988541048983,615.3836000105359,2.66161521632618,0.08236176333709325,1.2055043999680695,1.1994747538311696,1.113
P13,1.2,37,10.37461729997155,619.5720772827829,2.16955177541675,0.35717547044806824,1.2045081426653634,1.199450784514028,1.113
P13,1.2,38,15.757676894089945,628.8174367289337,2.187831862522577,0.45422724020400146,1.2033988750542703,1.199821647162552,1.113
P13,1.2,39,21.176392097182564,643.2472987417575,2.3291426937179356,0.38100215621909433,1.2025226363531611,1.199966237233036,1.113
P13,1.2,40,27.266402380881868,663.1949059379199,2.20623781567416,0.5819884525863176,1.2019456943630977,1.1995870053696067,1.113
P13,1.2,41,34.998423765952424,688.373831795159,2.0589182133391257,0.8916453873135054,1.2015056976663017,1.1994694518139137,1.113
P13,1.2,42,43.73234111751645,718.1758026020011,1.6754023576962387,0.8302646605382372,1.2010393371068377,1.1994656101264782,1.113
P13,1.2,43,53.886443646024034,752.0841890619204,1.23812236843975,0.32498365784964145,1.2004748694733707,1.1995177215220238,1.113
P13,1.2,44,65.95352008278024,788.2989009268189,0.0,0.0,1.1998397994748329,1.1998107459031941,1.113
P13,1.2,45,78.72023402528893,823.7177893475518,0.0,0.0,1.199314873997861,1.1998612531152053,1.113
P13,1.2,46,91.614684362908,856.305141564261,0.0,0.0,1.1992114135785141,1.1997353975013882,1.113
P13,1.2,47,104.27081539450243,885.3465864578125,0.0,0.0,1.1995315679266108,1.1996496655649076,1.113
P13,1.2,48,115.64245851022274,909.4621374414213,0.0,0.0,1.2004010225277097,1.1996544832031333,1.113
P13,1.2,49,126.0778680329385,926.747176657988,10.598105780554421,7.516027963272782,1.2014432792598624,1.1996234758813615,1.113
P13,1.2,50,136.27616242555578,936.3796957093217,19.050134381237832,35.68320041415292,1.2023941239114726,1.1993057407983059,1.113
P13,1.2,51,146.02571572052906,938.171647231331,27.918599717868336,83.87919470286703,1.2029634105761968,1.1995147027950177,1.113
P13,1.2,52,155.96126768395735,931.1084430608469,30.62107334590374,148.75777196497904,1.203101700015609,1.199809866879935,1.113
P13,1.2,53,165.95717255142776,913.1053613039863,19.756889196356227,221.26400178056255,1.2029331646708252,1.1993831589000397,1.113
P13,1.2,54,175.07832828241263,882.4799320415588,-2.8174182486886523,295.35009380106607,1.2031661039156758,1.1999092617737008,1.113
P13,1.2,55,183.95074650979302,839.4086404468941,-28.494323852298756,370.36615209357103,1.2037723987093467,1.202479065995649,1.113
P13,1.2,56,190.591416055302,783.9950495709626,-54.10514614927817,445.68056379665256,1.204705862315206,1.2029706420676876,1.113
P13,1.2,57,192.51086978544575,714.4804482324824,-80.08453589191669,517.4990906651035,1.2065858143379742,1.1936413646458643,1.113
P13,1.2,58,189.16781954241213,630.8833409555004,-104.74371932665997,581.6918722321282,1.2091115402977506,1.1761190140637408,1.113
P13,1.2,59,178.50073890027718,536.8012825340174,-127.19173413788089,636.0881563845044,1.211387536872781,1.1651217135595426,1.113
P13,1.2,60,158.99968374172514,435.6976829125987,-146.03407147560546,681.0421197058914,1.2121452746039438,1.1662070097066148,1.113
P13,1.2,61,132.39698882449957,332.28536468143204,-160.0789334297531,720.7970792959562,1.21129778497648,1.1738324408468583,1.113
P13,1.2,62,100.2828163066912,235.9501067686804,-170.02461493690276,761.3068641983376,1.2097218770769997,1.1806603224711147,1.113
P13,1.2,63,66.91831523659411,155.078103443816,-175.01838456967755,804.9457232771953,1.2078996776885762,1.1830954527955295,1.113
P13,1.2,64,38.28366503277019,92.28992845902391,-173.34135556704857,849.974557462727,1.2056771698915036,1.1849331681920323,1.113
P13,1.2,65,17.430608012432202,47.96342887278352,-167.10027083528627,893.4527451053283,1.202269285684554,1.1872298346786316,1.113
P13,1.2,66,5.20712758617852,20.870594643683713,-157.553273066837,931.7550106393048,1.1971826422995908,1.1891212081050377,1.113
P13,1.2,67,0.5433793965537781,6.319194776728077,-145.20153285884916,960.7508763075398,1.1918323063303669,1.1904296541045554,1.113
P13,1.2,68,0.0,0.0,-132.38358340442798,978.2913913035045,1.1884609450324273,1.1919226629485253,1.113
P13,1.2,69,0.0,0.0,-119.34702060326673,984.313977874918,1.1898265407338966,1.1947168377275073,1.113
P13,1.2,70,0.0,0.0,-105.48654596717358,978.2387325718438,1.195508229701376,1.1984367601985144,1.113
P13,1.2,71,0.0,0.0,-92.27470913414098,959.7928464236455,1.201942781049655,1.2020350944834595,1.113
P13,1.2,72,3.371295877678449,0.14676676328713767,-79.41084014188766,930.9351002402636,1.2053949742051713,1.2045022148504938,1.113
P13,1.2,73,3.5267521218135327,0.5429682626400733,-66.44338245333888,893.7921639895422,1.2045286042412262,1.2057473536934278,1.113
P13,1.2,74,3.119236036334463,0.6205756055297537,-54.781568663388434,850.2646720683634,1.2014812732164346,1.2069043056280555,1.113
P13,1.2,75,2.5192047879945525,0.43637738361247547,-44.12278347522755,804.1369638826425,1.198892330503012,1.2081789540035381,1.113
P13,1.2,76,2.1264848001006333,0.28520498238171205,-33.82666866048646,759.21907990147,1.1979345561154142,1.209345194722621,1.113
P13,1.2,77,1.9209170548862775,0.22169404127889825,-25.201541499631347,717.2427878387488,1.198199219182257,1.2105111874226346,1.113
P13,1.2,78,0.0,0.0,-17.99233160925677,679.907969611733,1.1992008080358345,1.2118750684076638,1.113
P13,1.2,79,0.0,0.0,-11.567554753903067,649.2723119378915,1.2001383982893268,1.2124477554364668,1.113
P13,1.2,80,0.0,0.0,-6.422205313075787,625.7749211515603,1.2001866311178604,1.2120183143521204,1.113
P13,1.2,81,0.0,0.0,-1.9752106060139976,609.0942736429904,1.1997338574333452,1.2110854138247402,1.113
P13,1.2,82,0.0,0.0,2.3214095934112295,599.7833745470723,1.1995253181738532,1.2095876969842594,1.113
P13,1.2,83,0.0,0.0,6.1785569785802865,597.7145295667119,1.199400524142194,1.2073783381584,1.113
P13,1.2,84,0.0,0.0,10.282166016058113,601.3777999606085,1.1994730146508061,1.205545534877436,1.113
P13,1.2,85,0.0,0.0,14.692723851865756,610.2341788706024,1.1996720357949873,1.2046522006651799,1.113
P13,1.2,86,0.0,0.0,18.94273917617707,624.599796681187,1.199749420348103,1.2037809834427444,1.113
P13,1.2,87,1.563449051465633,0.0709569778541556,23.620239740649627,643.5364153654864,1.1999005785805557,1.20248505422708,1.113
P13,1.2,88,1.6103238362241425,0.32084285903908083,28.77734384062839,666.2749248166816,1.1998574200820407,1.2010796635365557,1.113
P13,1.2,89,1.8321185604513386,0.6234424411090123,34.15961547343801,693.3964259835379,1.1995345246605658,1.200330582859839,1.113
P13,1.2,90,2.144103430966157,0.8990266487115779,40.6301340762687,724.378267252519,1.1993307305525445,1.2000163834731785,1.113
P13,1.2,91,2.1519041271943844,0.937986618685643,48.34296440707166,757.4598275451605,1.199334970982576,1.1999176488882735,1.113
P13,1.2,92,1.5931968884393866,0.5406245372786175,57.127099809331504,791.8943003575787,1.199588309678322,1.1995086383443536,1.113
P13,1.2,93,0.0,0.0,67.32057780917775,827.1151487421582,1.1999074386928195,1.198908728108515,1.113
P13,1.2,94,0.0,0.0,78.28123022446023,861.4144164616276,1.2000584678504076,1.1985276695438236,1.113
P13,1.2,95,0.0,0.0,89.27406352906421,893.4145783282383,1.200018789934083,1.1982476237288753,1.113
P13,1.2,96,0.0,0.0,100.39467961210414,922.6564798286213,1.1997587310829354,1.1984701397257969,1.113
P13,1.2,97,0.0,0.0,111.15795469096211,948.1045749029383,1.1995446005451145,1.1994864710018212,1.113
P13,1.2,98,0.0,0.0,121.53810478923229,968.2301042926078,1.1995272889668478,1.2009101695307056,1.113
P13,1.2,99,12.859338230727113,10.920843534918266,132.4357891844036,982.1819262080669,1.199601377582201,1.2020405650337012,1.113
P13,1.4,0,12.18259158725063,11.023260874763988,159.58978356490354,1031.9511310185983,1.3995638492879847,1.4018540477565455,1.034
P13,1.4,1,19.693181926402417,44.01580109257914,176.623578671381,1038.5412435038413,1.3997342938077841,1.4029983275503566,1.034
P13,1.4,2,25.30422314791814,97.35471365890426,193.96673920448265,1033.3264275819313,1.3998490116104096,1.4037424594744285,1.034
P13,1.4,3,22.482795629203927,167.48691636392417,211.1872409523787,1014.2917032404546,1.3995434394432231,1.4043964773359439,1.034
P13,1.4,4,5.982130184717909,246.3168896722106,226.9371760106939,979.6299608576761,1.3991351113865673,1.405506630995514,1.034
P13,1.4,5,-19.85033790315541,329.73429966450874,239.1053995949322,927.7655544490221,1.3998458082519643,1.4069913535421574,1.034
P13,1.4,6,-47.1166970212928,417.7364406379482,247.20510535095465,858.619022129734,1.4023412450302744,1.409124453774561,1.034
P13,1.4,7,-73.36184698910075,507.03489298140283,248.51844486445378,773.0749676336849,1.4017057982978685,1.4116434574126084,1.034
P13,1.4,8,-99.39427671895761,590.4672281005717,239.8182199748738,671.7009634033361,1.3908226095659026,1.4133991932779935,1.034
P13,1.4,9,-123.43969431332995,663.2779722662981,220.16513777469987,557.6245402759264,1.3730577644616204,1.4142319794830704,1.034
P13,1.4,10,-144.0400179841062,723.7623709051529,189.54482150825598,438.77365185014804,1.3601578185570111,1.4151026222767904,1.034
P13,1.4,11,-160.76311684304875,770.0979671753622,149.68805322962874,323.73694274895246,1.3597241561445463,1.4155303772769081,1.034
P13,1.4,12,-173.8339802979824,803.9186628645261,106.77261896215857,220.0834967117467,1.3678145441780483,1.413740479604814,1.034
P13,1.4,13,-182.9871314995757,833.3868983199706,66.66387296147083,135.93513682873706,1.3759892746793863,1.4101011733757,1.034
P13,1.4,14,-188.21518700908064,865.8873690399689,34.57350638253053,75.77980006600689,1.3805504038612504,1.4057905152837573,1.034
P13,1.4,15,-188.83918842069298,900.1690485707043,13.975269576953655,36.34516796139628,1.3843431574041696,1.3998738114508742,1.034
P13,1.4,16,-184.23790539992999,930.3949166443332,2.9901753412409517,12.206204465447643,1.3893779612912858,1.3917883169751402,1.034
P13,1.4,17,-175.91724500505964,954.0391867828783,-2.0681453068898064,0.1661147574241917,1.392939698216858,1.3843896721024134,1.034
P13,1.4,18,-164.7816082743102,970.9023695953218,0.0,0.0,1.3932724444077158,1.3821667757346663,1.034
P13,1.4,19,-151.60111026310074,979.3052832533466,0.0,0.0,1.3923394151697583,1.3859272599022554,1.034
P13,1.4,20,-137.09225064321598,977.6578206307789,0.0,0.0,1.3931395287183437,1.3934305379463856,1.034
P13,1.4,21,-121.78910701945604,966.5490794953823,0.0,0.0,1.3967911792263419,1.4010572896396472,1.034
P13,1.4,22,-105.9938523272056,946.1278035402885,0.0,0.0,1.4014266562859443,1.405453278423708,1.034
P13,1.4,23,-91.09402378488782,915.447075831066,1.1787593667281286,0.028064129434951048,1.4055242285059488,1.4054396700819725,1.034
P13,1.4,24,-77.18066121524909,875.4025917235981,1.5036787116342563,0.47509090545472676,1.408734002315236,1.4020158377163514,1.034
P13,1.4,25,-64.49543181424535,829.0540530497179,2.6359429515771997,1.1643507467943934,1.4103056462387626,1.3987880947401252,1.034
P13,1.4,26,-53.05808854144534,779.3114831179279,2.993087498699091,1.33727983107944,1.4107688217255174,1.3974352796588208,1.034
P13,1.4,27,-42.855707675425556,728.9395224171384,2.5796135695808258,0.8334509393189213,1.411261101099284,1.3975703103012482,1.034
P13,1.4,28,-33.88575169446611,681.5206517968702,2.7110892600420504,0.7687050634551325,1.412153405384418,1.398649850690375,1.034
P13,1.4,29,-26.5417307770849,639.8542944473022,2.9546240908349226,1.0983579556191756,1.4128277517466552,1.3998243726334727,1.034
P13,1.4,30,-20.29156577371673,604.3748867882838,2.4832552912253067,0.5928415978864209,1.4131354329414456,1.4003268099077986,1.034
P13,1.4,31,-14.688415545812585,575.0311266249198,0.0,0.0,1.4134068554110322,1.3999597433474056,1.034
P13,1.4,32,-10.352592055703788,553.2028599012965,0.0,0.0,1.412744221681229,1.3994587228221382,1.034
P13,1.4,33,-6.77366216626501,539.7104746816119,0.0,0.0,1.4110248203902709,1.3994360288719747,1.034
P13,1.4,34,-2.8345601569532017,533.2414416938494,0.0,0.0,1.4092080506682758,1.3996326431310362,1.034
P13,1.4,35,1.3631759703178998,532.9123910723423,0.0,0.0,1.4076353499639902,1.3994507744328617,1.034
P13,1.4,36,5.598129466303703,539.4433802342058,0.0,0.0,1.4057634459025925,1.399429778457219,1.034
P13,1.4,37,10.725465602486896,552.9282870019242,0.0,0.0,1.4038848020003916,1.3998655419782002,1.034
P13,1.4,38,16.550508008377292,572.5922725346801,0.0,0.0,1.402733946661019,1.4001476207874548,1.034
P13,1.4,39,22.810235139260037,598.408424226917,0.0,0.0,1.401955997550785,1.3997462327687216,1.034
P13,1.4,40,30.173688370393887,630.5673418886438,1.3658812672173537,0.27127772252970767,1.4011029029639686,1.3994343235901532,1.034
P13,1.4,41,38.874382904643404,668.2608350273679,1.2658822976552084,0.28424303560666486,1.4003786719459352,1.3994443157431484,1.034
P13,1.4,42,48.49172628342388,710.1700669545172,0.0,0.0,1.4002129639186216,1.3992132537497302,1.034
P13,1.4,43,59.816491278804556,754.6264680004132,0.0,0.0,1.3999468142766296,1.3989614934677472,1.034
P13,1.4,44,72.93068228523258,799.288580160168,0.0,0.0,1.3990334573279792,1.399237514528069,1.034
P13,1.4,45,86.59498254880312,841.8754813599496,0.0,0.0,1.3982287412267465,1.3996239507629709,1.034
P13,1.4,46,100.34983883641702,880.8984003049484,0.0,0.0,1.3980825923461073,1.3994788196897183,1.034
P13,1.4,47,114.43971582582577,915.0161929073124,0.0,0.0,1.398284398798209,1.399286511527498,1.034
P13,1.4,48,128.35154883931557,942.486077599226,0.0,0.0,1.3988926571681655,1.399587215023959,1.034
P13,1.4,49,142.14269493082404,962.0549095880832,9.261051657187018,9.67878119192524,1.4005092330778361,1.3998712050770168,1.034
P13,1.4,50,156.68683924349762,973.2728472886812,15.543620029909304,43.45077380646116,1.402401814096091,1.3994255664560245,1.034
P13,1.4,51,171.78753126103925,975.0227489084316,20.92677129383283,99.86254583065514,1.4032158408385813,1.399081137381499,1.034
P13,1.4,52,186.90393100636246,964.8894870339549,20.222052403889272,176.0318859704279,1.403507047035245,1.399478627527945,1.034
P13,1.4,53,201.47594229650772,940.3558165405174,7.337072145788035,262.94931466956615,1.4042351212131,1.399749794713414,1.034
P13,1.4,54,213.92019199547073,899.9512949436237,-17.502075414365002,352.69811505016673,1.4050643163596133,1.3991977715488433,1.034
P13,1.4,55,223.37740978244412,843.7634706646384,-46.96102541571121,441.58085109623596,1.4060642471954707,1.3996935002592978,1.034
P13,1.4,56,228.24130578174234,772.5429997861663,-75.94227838803845,527.142241739942,1.4080651309264918,1.40128888297448,1.034
P13,1.4,57,225.43285435374065,686.0279865027816,-104.70400775403472,605.6235622794978,1.4105270017033735,1.3970273392996384,1.034
P13,1.4,58,213.38921702795392,585.0180821649703,-132.70158666678253,673.4760202181526,1.4125509793515183,1.3823789005034088,1.034
P13,1.4,59,191.65460667060188,475.5160131609105,-157.36369613186025,729.5426779735079,1.4141599054574598,1.365182981965131,1.034
P13,1.4,60,160.19552831487417,366.32870235811725,-177.4521922338672,775.9689094849699,1.4150736162958628,1.357942514756981,1.034
P13,1.4,61,122.16885997814833,264.1716383129719,-192.8290024197159,817.5575991187618,1.4142265464233221,1.3616960351509542,1.034
P13,1.4,62,83.2507167717271,175.0934212706754,-202.21545587350042,858.9570078545773,1.411390672304835,1.370024620881501,1.034
P13,1.4,63,48.966549021895695,105.24386192909326,-205.00755980288943,901.4664468144134,1.4077502031006932,1.377158070677489,1.034
P13,1.4,64,23.279447374937106,56.06937493270772,-201.34169653553624,942.8379962598167,1.4033804235169482,1.3823220170666912,1.034
P13,1.4,65,7.543383570058301,23.924108956274427,-191.24291910846458,978.9491306353023,1.3972349855597745,1.386338438444172,1.034
P13,1.4,66,-0.024234781906454686,5.1568114283372015,-176.7094797510773,1005.7638619483946,1.3900151762393322,1.3885170547250179,1.034
P13,1.4,67,0.0,0.0,-160.06943436738322,1020.6922456339571,1.384747785255152,1.3894818687419106,1.034
P13,1.4,68,0.0,0.0,-142.3815202432574,1022.4484800668682,1.384326056874226,1.3904246397672078,1.034
P13,1.4,69,0.0,0.0,-124.55802634097826,1011.0706167777327,1.389356338187265,1.3928510209586156,1.034
P13,1.4,70,0.0,0.0,-107.5019641905175,987.982657204242,1.397173049960947,1.3977623309983411,1.034
P13,1.4,71,0.0,0.0,-91.10824089241885,954.3750334430222,1.4039012122442176,1.4040451046378681,1.034
P13,1.4,72,3.1089341328615996,0.8559920100912815,-75.695195375959,911.2082180453045,1.4062299083859604,1.409162148938622,1.034
P13,1.4,73,3.0102237515893853,1.2540629562044208,-61.660836010733384,861.0326510650394,1.404062143887852,1.4121430132902546,1.034
P13,1.4,74,2.3969992958811677,1.0284126434483143,-48.79314018086598,807.0672399151794,1.4004312155312066,1.4134555295476645,1.034
P13,1.4,75,1.7455280844834622,0.7012467227641656,-37.02553649140678,751.6749467303564,1.3981161183224935,1.4134693638728928,1.034
P13,1.4,76,1.1279952471040673,0.3561143702800423,-27.076004387123444,697.5071654478371,1.3974960129507201,1.4128021627005645,1.034
P13,1.4,77,0.7222595007295046,0.041905055833159774,-18.715951382968132,647.7355708084322,1.398028918992427,1.4128710855964806,1.034
P13,1.4,78,0.0,0.0,-11.594663006934814,604.2593233209151,1.3993352708427824,1.4138978024018671,1.034
P13,1.4,79,0.0,0.0,-6.212038438022191,567.8751673477587,1.4006445170254702,1.4144601306814164,1.034
P13,1.4,80,0.0,0.0,-2.327388071337797,539.6458854719292,1.4008142070949285,1.414200494943751,1.034
P13,1.4,81,0.0,0.0,0.9463905822929615,520.6272286305528,1.3999763443158564,1.4136662147700554,1.034
P13,1.4,82,0.0,0.0,3.9004341752781273,510.86526464649273,1.3995668966622512,1.4126754851673673,1.034
P13,1.4,83,0.0,0.0,6.826844302000095,509.64199683134126,1.3995898332744954,1.4104895041902057,1.034
P13,1.4,84,0.0,0.0,10.151602671626996,516.7016496661838,1.3990488793469578,1.407833241697331,1.034
P13,1.4,85,0.0,0.0,13.759497536295706,531.9612776251305,1.3987145758191706,1.405903665195346,1.034
P13,1.4,86,0.0,0.0,17.704270707036283,554.304747748293,1.3994866692145944,1.40405394887094,1.034
P13,1.4,87,0.0,0.0,22.179768066994725,582.560409770161,1.4000216353969135,1.4018101486366898,1.034
P13,1.4,88,0.3204385469951301,0.19103935724553786,26.99305733189093,616.5606799801169,1.399797178413229,1.4003294780065745,1.034
P13,1.4,89,0.18354835377536843,0.38496059301999724,32.36512192403896,655.5688330825544,1.3997104219495538,1.4000606605027444,1.034
P13,1.4,90,0.06675733464296314,0.499503360569395,39.25696013294575,697.816916349666,1.3997492117036106,1.399718399182469,1.034
P13,1.4,91,-0.05970511444037852,0.4163455854498615,47.88663965424966,742.3547408743098,1.399540266287332,1.3988240504022853,1.034
P13,1.4,92,0.0,0.0,58.21807724599136,788.7357015921191,1.3992885032669242,1.3978073528532273,1.034
P13,1.4,93,0.0,0.0,70.40029038721573,835.2477732490167,1.3995437082371291,1.396886368044224,1.034
P13,1.4,94,0.0,0.0,83.94606408844398,879.6975953417809,1.39976011882098,1.3963132380305872,1.034
P13,1.4,95,0.0,0.0,98.12584230744208,920.98076346634,1.3994918972022194,1.3962480000185564,1.034
P13,1.4,96,0.0,0.0,112.82746013748176,958.3972773803329,1.3992850528943208,1.3970422760380425,1.034
P13,1.4,97,0.0,0.0,127.94926037480326,990.4484061551602,1.3995649389049747,1.3985440738064947,1.034
P13,1.4,98,0.0,0.0,143.36090231380564,1015.3009413902747,1.3997599444438382,1.400083902514204,1.034
P13,1.4,99,12.162284904329281,11.018772141571613,159.50207900093042,1031.691398187398,1.3995729541035595,1.4014943622352631,1.034
P13,1.6,0,12.416399818502319,11.330485787478217,188.49487312001344,1047.6962402332122,1.6001003755848324,1.603246971556687,0.976
P13,1.6,1,17.713271379206073,48.708005127219934,209.91203198114658,1051.1884200251159,1.6001416732881861,1.6046449017016375,0.976
P13,1.6,2,20.719240622807025,109.44365882835146,231.02679638811006,1039.9378525281193,1.5996606066363857,1.6060176143953233,0.976
P13,1.6,3,16.202407105203985,191.7286199606247,250.75256620713756,1011.9394897130298,1.5989082649465016,1.6075240355487088,0.976
P13,1.6,4,-1.4893672355400485,288.2241365482614,267.2356165106449,965.0881875873597,1.5982041889249416,1.609156687405613,0.976
P13,1.6,5,-30.80689975428244,392.3912841443501,276.8905821357319,897.1669350293495,1.5984143781900924,1.6106582085965941,0.976
P13,1.6,6,-64.03554901362219,501.0633048234985,277.58717963340564,808.4614790058181,1.6003271802999255,1.612124164444371,0.976
P13,1.6,7,-95.84152019749976,610.1376147326491,267.55839206562183,702.4779946916917,1.599708019638234,1.6140024348960447,0.976
P13,1.6,8,-125.74506979045351,712.1842359234237,243.97004081081582,583.7853738684155,1.5885900937397575,1.6160332685912118,0.976
P13,1.6,9,-153.0428356763695,800.5087746096466,207.16837855035226,458.6174123286372,1.5686229856173604,1.617339305480318,0.976
P13,1.6,10,-175.34695190183953,872.3113317801094,161.89207654169655,337.48156027241794,1.5527294114941035,1.6176868416060106,0.976
P13,1.6,11,-191.40072868394853,926.6107735364839,114.39883818225655,231.31864360534883,1.5491393113830176,1.6165469080768695,0.976
P13,1.6,12,-201.83086240642533,963.3968880699281,71.53352202318432,145.18354762890075,1.5561755362671512,1.6125630871397505,0.976
P13,1.6,13,-207.367478441023,986.586708934726,38.5855568081285,79.81867303931467,1.5668559865182883,1.605236493804932,0.976
P13,1.6,14,-207.59201809956943,1003.2218368880801,16.136050270882233,35.68051578740027,1.5754895741101913,1.5951149197213177,0.976
P13,1.6,15,-203.72886157483646,1017.1810203880692,3.1371768547243426,10.692626628673814,1.5828715923816652,1.5845731794256865,0.976
P13,1.6,16,-196.01469674794376,1026.0950223621883,0.0,0.0,1.5906963558604714,1.5779926596097447,0.976
P13,1.6,17,-184.52571224081146,1026.444028924189,0.0,0.0,1.5969765821631365,1.5785568514405144,0.976
P13,1.6,18,-170.30429223075444,1018.3913410235047,0.0,0.0,1.599705324283477,1.5856731483627424,0.976
P13,1.6,19,-154.63596494899923,1003.4414295563852,0.0,0.0,1.5999725232690374,1.595321777959246,0.976
P13,1.6,20,-138.06727564557536,981.0189788885292,0.0,0.0,1.600690940791601,1.603193346640748,0.976
P13,1.6,21,-120.7580012041723,950.3247108417162,0.0,0.0,1.6029573909547148,1.6066265648238245,0.976
P13,1.6,22,-103.46165916135688,912.5920907796786,0.0,0.0,1.6064133351903853,1.6057092721080324,0.976
P13,1.6,23,-86.61900243459858,869.1315279234856,2.7101870371339625,1.0317785127815344,1.6100006473104949,1.6022556180169367,0.976
P13,1.6,24,-71.13810095147649,820.3321778043943,2.8171367903276634,1.4039396239952961,1.612611439620631,1.5987909502334583,0.976
P13,1.6,25,-57.50903770744951,767.5836250767007,2.1264419210156578,0.8312488238837126,1.6141787098849603,1.597004791159015,0.976
P13,1.6,26,-46.021316884054556,713.5775763660455,1.6821373546126395,0.41452636897453005,1.6150911261876013,1.5970061693087765,0.976
P13,1.6,27,-36.445991961142965,660.53200481317,1.806562010573124,0.5202362788669062,1.6155704287910484,1.5980281753731238,0.976
P13,1.6,28,-28.655328755087655,610.4507339286548,1.6919158484401629,0.3224946429563219,1.6159002070610848,1.5993529972142164,0.976
P13,1.6,29,-22.631400622830135,566.175270289982,0.0,0.0,1.6160155975212258,1.6000788136773318,0.976
P13,1.6,30,-18.02429605848008,530.0486382007283,1.8153279821701396,0.028710657307543196,1.6156462258485778,1.600070626988751,0.976
P13,1.6,31,-14.457401764949006,502.3181941710798,2.3446115038361306,0.5501195036943779,1.614443638685263,1.600004019230358,0.976
P13,1.6,32,-11.045850083616642,482.2965489725234,2.250694680623029,0.29265059746391625,1.612463712504673,1.599860672032296,0.976
P13,1.6,33,-7.561917884076881,470.48757002808924,0.0,0.0,1.6102017653549794,1.5996287301182424,0.976
P13,1.6,34,-4.016148756615502,468.06207603594993,0.0,0.0,1.6079865903775639,1.5995224539091464,0.976
P13,1.6,35,-0.1278861170856722,474.5732558527716,1.9491789606655074,0.483688833407632,1.6061095883444156,1.5994391361995908,0.976
P13,1.6,36,4.71484928600338,488.2474500046054,1.628407288539511,0.5114930468892813,1.6045300072833044,1.5994130993810243,0.976
P13,1.6,37,10.495415495394932,508.68495662068773,1.249236827550317,0.1626458737979813,1.603148447361174,1.5995379570943686,0.976
P13,1.6,38,16.73514150430257,536.9497689615949,0.9325369184101823,0.11734025254345078,1.6022715988714484,1.5996394779653194,0.976
P13,1.6,39,23.70413960363306,572.8572799749859,0.6514445648689765,0.3067301538602105,1.6018009278224987,1.5995599910936762,0.976
P13,1.6,40,31.826416595538205,614.457948138919,0.4649217267155306,0.2875759107942166,1.6011647387486643,1.599652514612312,0.976
P13,1.6,41,41.2895488810687,659.9782880470433,0.0,0.0,1.6003538579542864,1.5999617431109319,0.976
P13,1.6,42,52.37286069997293,708.294428360668,0.0,0.0,1.5993703716056467,1.6002735168378526,0.976
P13,1.6,43,65.38001743867002,757.9175683374967,0.0,0.0,1.5982497431727545,1.600381563032619,0.976
P13,1.6,44,79.78498259064644,807.0469853243403,0.0,0.0,1.5972956241269447,1.599932573873276,0.976
P13,1.6,45,95.02195839124919,853.876894448584,0.0,0.0,1.5968024810730364,1.5994751876090834,0.976
P13,1.6,46,111.08461477644194,896.1611879057517,0.0,0.0,1.5971117986851535,1.5993417310174811,0.976
P13,1.6,47,127.85441593290726,931.6690878130532,0.0,0.0,1.5982555011458077,1.5991655555731055,0.976
P13,1.6,48,144.94431116848463,959.4153315234815,0.0,0.0,1.6001885039001347,1.5991151491396092,0.976
P13,1.6,49,162.45463522166193,979.1791371740356,8.095614041298633,9.628466652525036,1.6024220006950012,1.5992843074844785,0.976
P13,1.6,50,180.90249040062687,989.4432453021992,11.680551668991866,47.67464415100675,1.6041537352513837,1.5993780112214022,0.976
P13,1.6,51,199.97650896781016,987.2386031624533,13.738824304628833,110.47941883093537,1.6051487877702564,1.5996236108905808,0.976
P13,1.6,52,218.86513560215505,970.2451766226983,10.379656732462992,197.3396345892205,1.6055345750087768,1.599971944619623,0.976
P13,1.6,53,236.3446359151869,937.2790796982487,-3.779134219127266,300.6790717949766,1.6060638822314939,1.599824121064326,0.976
P13,1.6,54,249.86950837510776,886.7621428010094,-30.243140386907015,409.6110374678685,1.6072193282590446,1.5989919286429133,0.976
P13,1.6,55,257.12127825987534,817.2782621020459,-63.407877543237035,516.0636401469743,1.6091808630055424,1.5981625673286008,0.976
P13,1.6,56,256.27057944479077,729.8300780690745,-96.51652346759053,616.1223194873287,1.6117205427328594,1.5972497418152514,0.976
P13,1.6,57,244.2825273100319,627.5670983450933,-127.51148223804798,706.5625114016793,1.614279959324569,1.5918868413447202,0.976
P13,1.6,58,219.40794258638698,514.7645435135416,-156.47570254063245,783.5932927933221,1.6163715715349936,1.5774865020359548,0.976
P13,1.6,59,183.5893121403118,398.6931956721357,-181.45759202580126,845.7911119688731,1.6177754485134266,1.56003404751403,0.976
P13,1.6,60,141.06082148364845,289.69542876807157,-200.3502601294497,895.9675192193033,1.6175322548366613,1.5496729217205603,0.976
P13,1.6,61,97.29897894608663,195.91572234687902,-213.20242223374854,938.5545272372209,1.6145979434773985,1.5517572202427838,0.976
P13,1.6,62,58.66715465830511,120.25240549431797,-219.8646724794622,976.4313279423648,1.6085517983538502,1.5620924475756424,0.976
P13,1.6,63,29.655699583506024,63.62563252024175,-219.2484064246576,1010.4509495363487,1.5997849806452988,1.572684455472308,0.976
P13,1.6,64,10.818020613722727,26.475204076409142,-212.10288026847135,1039.805899294599,1.590350757299252,1.5814303788182815,0.976
P13,1.6,65,0.46805158975688516,5.942066501460674,-199.65815601110592,1061.705497375684,1.582386451025804,1.587907746750577,0.976
P13,1.6,66,0.0,0.0,-182.53797895841632,1072.2568384330784,1.578976103394142,1.5914056500128906,0.976
P13,1.6,67,0.0,0.0,-162.56352815369004,1069.3266824586883,1.581616396423115,1.5924972520895193,0.976
P13,1.6,68,0.0,0.0,-142.135898829528,1053.3917177540181,1.5892085935136706,1.5936631289593692,0.976
P13,1.6,69,0.0,0.0,-121.8089939175394,1025.3677314622685,1.5985699855422428,1.5964593567537413,0.976
P13,1.6,70,0.0,0.0,-101.86067195262453,986.0919728840801,1.6049865518662918,1.6014284259084939,0.976
P13,1.6,71,0.0,0.0,-83.42634575282204,937.7858927689731,1.6065635056067629,1.6075414999505975,0.976
P13,1.6,72,2.282637896945033,0.011427912888409419,-66.76954427218595,883.1837939335511,1.6040976168088352,1.6133690435607884,0.976
P13,1.6,73,2.945886284905081,0.941805004327498,-51.569000679632374,824.0449246444801,1.6000831931554023,1.617148436390374,0.976
P13,1.6,74,3.198027037151253,1.3169945760314197,-38.31222201830431,762.2515583597024,1.5974534750706681,1.6184152139010874,0.976
P13,1.6,75,2.736537482460232,0.973746863493504,-27.466398041628302,700.7527716588481,1.5968676475912646,1.6180254888188315,0.976
P13,1.6,76,2.258476118113354,0.6502146278852325,-18.339011495331658,642.2440638467731,1.5976000522382996,1.6172038830216287,0.976
P13,1.6,77,2.0394096734457845,0.5725970725208592,-10.923637727446994,588.4778095810516,1.599068230406232,1.6165676981958388,0.976
P13,1.6,78,1.6825861530425588,0.3918965351486898,-5.745893579566079,541.3725601996239,1.6002886135630476,1.6161448149613673,0.976
P13,1.6,79,1.3527919046072556,0.18381371833142177,-2.0600642859429406,503.0900191304628,1.6008643678200063,1.6159197760923796,0.976
P13,1.6,80,1.3379612558670877,0.12064039352945245,0.9906764893734311,474.81181810826604,1.6008250027367241,1.6156610160990168,0.976
P13,1.6,81,0.0,0.0,3.2051179094722633,456.673802369404,1.6002032356286797,1.6149366319938718,0.976
P13,1.6,82,0.0,0.0,4.834736580169177,448.83920233065527,1.5992928289597141,1.6134741981793816,0.976
P13,1.6,83,0.0,0.0,6.891442565994286,451.66549663034857,1.5985605956554942,1.6112267614414926,0.976
P13,1.6,84,0.0,0.0,9.514952631449534,464.5809049155699,1.598498915193668,1.6083663739259801,0.976
P13,1.6,85,0.0,0.0,12.396058304855977,486.0083370837219,1.599065037283917,1.605308666828132,0.976
P13,1.6,86,0.0,0.0,15.745045409654923,514.8483911576551,1.5996442336781376,1.6027393826443195,0.976
P13,1.6,87,0.0,0.0,19.84175743546026,550.6466702916445,1.5999735926489724,1.6007540409400316,0.976
P13,1.6,88,0.0,0.0,24.73663748670124,592.1667049879318,1.6002533544776547,1.5992878939394841,0.976
P13,1.6,89,0.0,0.0,30.96543422558904,637.5508729759744,1.600505289920033,1.598349148386055,0.976
P13,1.6,90,1.0132630952663553,0.2974238610607555,39.09222916730091,685.773466054649,1.6004764666061282,1.5975782026814496,0.976
P13,1.6,91,0.6012538507522251,0.12013979753388197,49.13858066247567,736.2851416785655,1.6000709618861917,1.5969902723145477,0.976
P13,1.6,92,0.0,0.0,61.33067780701869,787.7332648475953,1.5993409525257134,1.596602771957238,0.976
P13,1.6,93,0.0,0.0,75.83251768321435,838.4386209572085,1.5986278212512455,1.596033496774481,0.976
P13,1.6,94,0.0,0.0,92.1027932333363,887.286072955525,1.5985301123294062,1.5953594250853027,0.976
P13,1.6,95,0.0,0.0,109.51512152568382,933.0207312273373,1.598997898125473,1.5955490548719482,0.976
P13,1.6,96,0.0,0.0,128.01674886972015,973.6126119837458,1.5994649815655937,1.596899784012091,0.976
P13,1.6,97,0.0,0.0,147.50125500001928,1007.1124074786455,1.599509974284161,1.598857731625221,0.976
P13,1.6,98,0.0,0.0,167.66531426688448,1032.3336736261604,1.5995527675345145,1.6009141893921566,0.976
P13,1.6,99,12.417243666444659,11.329180708703369,188.5317001655161,1047.9131110753256,1.5999293542581405,1.6027556424958227,0.976
P13,1.8,0,13.676745958990598,11.67844183640087,223.69924975799825,1026.2009193671606,1.7992532966610435,1.8024679608920864,0.927
P13,1.8,1,17.657150926375348,55.84334666274414,249.13666852281114,1025.5615564506995,1.798709014132789,1.805135935598829,0.927
P13,1.8,2,18.299438794033488,128.5454700663198,272.862558089377,1008.0994490339017,1.7989664029261483,1.8074441162944777,0.927
P13,1.8,3,10.898827738058126,229.86085889169854,293.13769693269626,971.3954045420816,1.7995844405147026,1.8091692936118637,0.927
P13,1.8,4,-10.353144508359861,351.886685765536,306.7750917816159,912.6520648550418,1.7995948783412135,1.8105454405427401,0.927
P13,1.8,5,-45.45509686941029,484.31347073451934,309.12139164831495,830.4652020803825,1.7990933125467854,1.8124566778385585,0.927
P13,1.8,6,-86.42683166870046,619.2514505196796,297.8071908745091,727.3153850550482,1.7991901761856877,1.81491584903976,0.927
P13,1.8,7,-125.57724723345977,749.7779408351713,272.779570407323,609.4066529058165,1.799679093948538,1.8171489808076937,0.927
P13,1.8,8,-161.06266147798638,867.3807690589938,233.74389914587488,484.56171685356503,1.795149211785969,1.8190596858473627,0.927
P13,1.8,9,-192.53501060819966,963.8819250636841,184.06790652166245,361.3756197803014,1.7789781389271409,1.8200516419680846,0.927
P13,1.8,10,-217.37682163148634,1035.6379030643552,132.35897891295107,249.62418614489252,1.754142386521767,1.818981971359603,0.927
P13,1.8,11,-233.29219328331118,1085.0144780938376,86.15238215838627,157.91239833402716,1.735068978747206,1.8157409416763561,0.927
P13,1.8,12,-241.5594551254676,1117.1765899795937,49.04284638201854,89.38217402556339,1.732967815970563,1.810255805788266,0.927
P13,1.8,13,-244.21967180203995,1136.8269380837332,22.805861137928105,41.79090750115714,1.7443814919617586,1.8011405567470642,0.927
P13,1.8,14,-240.21735719561266,1147.6452812856576,7.137066111800717,11.93496784284667,1.7604641893835786,1.788591753759132,0.927
P13,1.8,15,-230.02645956714207,1151.862549646088,0.0,0.0,1.7758820009016765,1.7770841402945117,0.927
P13,1.8,16,-215.62892215363487,1148.9586204648854,0.0,0.0,1.7889146230695205,1.7715149934368015,0.927
P13,1.8,17,-197.97079937213098,1136.3202006405982,0.0,0.0,1.7983693820030924,1.7743974294641032,0.927
P13,1.8,18,-177.5306244918454,1112.4285027631138,0.0,0.0,1.8025824188936097,1.7836541050340575,0.927
P13,1.8,19,-155.63525746214933,1078.4447128844322,0.0,0.0,1.8027089693865277,1.7948808954025643,0.927
P13,1.8,20,-133.6946790824503,1036.153505188482,0.0,0.0,1.8026410134271593,1.8039267861604988,0.927
P13,1.8,21,-111.63496023895682,986.1727288119224,1.564762709916366,0.16193128700365242,1.8048491705566538,1.8081016235608158,0.927
P13,1.8,22,-90.08865237242202,929.1008550628995,2.326048161854765,0.7578992250300786,1.809237719923445,1.8071597776414905,0.927
P13,1.8,23,-70.36508037511763,866.598388887107,2.3661880792875865,1.1424933049529507,1.8146505103383828,1.8029068951118707,0.927
P13,1.8,24,-53.16814573113464,800.729217007796,2.468881162671531,1.7078877828707988,1.8193802951480318,1.7985324944239571,0.927
P13,1.8,25,-38.38639610545331,733.3515874842489,3.041315342084209,1.8238493929236048,1.8222859411431584,1.7964530996204195,0.927
P13,1.8,26,-26.137686642563413,666.6411258356061,3.0030851607076454,1.2272415586809011,1.8234982886964208,1.79665493712053,0.927
P13,1.8,27,-16.950677505004194,603.2966674282956,2.512354235107721,0.7038937126581675,1.8232821689847878,1.797999792243282,0.927
P13,1.8,28,-10.182182999447837,545.8358612411823,2.5249036315604103,0.757732242519717,1.8218154864713874,1.799703072608387,0.927
P13,1.8,29,-5.297149289677499,496.3631314692836,2.841159301035988,0.8452238906741667,1.820081577604481,1.800714858222233,0.927
P13,1.8,30,-2.0179977226858226,456.52917670127715,2.4636077940228636,0.5114912326938748,1.8188466882005379,1.8005588841398936,0.927
P13,1.8,31,0.15883191567562152,427.17124821271926,1.9717681476655102,0.33039601195974655,1.8176092775259822,1.7997905718517468,0.927
P13,1.8,32,1.6545549385374652,408.30706541163204,2.34894003894421,0.7395514636499416,1.8158849402411692,1.7993247841606628,0.927
P13,1.8,33,2.9893702561820725,399.5521980105209,2.7305703596588975,1.0558651759248598,1.8135456277609252,1.7995356014694939,0.927
P13,1.8,34,4.570703966413745,400.4354065244859,2.5261369500155677,0.8255299960442238,1.8108726532156592,1.7997158002281923,0.927
P13,1.8,35,7.039967171071107,410.47051970529077,2.359322911950818,0.6554080616599544,1.808304989805903,1.799592467497671,0.927
P13,1.8,36,10.603136288869331,429.0237592872226,2.559067718249234,1.0045616209999837,1.8059080429656003,1.7996070210296427,0.927
P13,1.8,37,15.303138696882348,455.1208791026368,2.5175757686138542,1.3550782729110367,1.8036861028959845,1.7994930724401994,0.927
P13,1.8,38,21.675036286135892,487.6887361035575,2.114345154787724,1.1902163092544216,1.8015539496921849,1.798914061193417,0.927
P13,1.8,39,29.938604718275112,526.1158192172658,1.9288017654082517,0.8220161899748869,1.7995695991128475,1.79890392681657,0.927
P13,1.8,40,39.92532176994588,570.0875309451069,1.7750844454213746,0.6508121731453077,1.7982835153519041,1.7998283265322033,0.927
P13,1.8,41,51.70405215098201,618.7327974007077,1.3914012351143907,0.21272184250725845,1.7977559013184827,1.8004290070963076,0.927
P13,1.8,42,65.59213403761369,670.394725986751,0.0,0.0,1.7977437327433166,1.800060890532043,0.927
P13,1.8,43,81.23144463181364,723.2398702201262,0.0,0.0,1.7981162750435113,1.799219190288326,0.927
P13,1.8,44,98.05882056893947,775.4003639297744,0.0,0.0,1.7984134278703616,1.7985969940980466,0.927
P13,1.8,45,115.98823618610086,824.7057826234676,0.0,0.0,1.7986272405632793,1.7987791996487736,0.927
P13,1.8,46,134.7523169762705,868.9918095843561,0.0,0.0,1.7991096616295204,1.7994932392129401,0.927
P13,1.8,47,153.86510641683387,906.540757982503,0.0,0.0,1.7996247426104326,1.7998426502207863,0.927
P13,1.8,48,173.35969669667074,935.8098072640589,0.0,0.0,1.8003311598338134,1.7999656030676012,0.927
P13,1.8,49,193.82817505826694,954.9517864134365,9.374675436547983,10.41171368309335,1.8018662261462184,1.7999929719312575,0.927
P13,1.8,50,214.99550646689477,961.986325487828,11.70115857543982,56.190562539903105,1.80373990046382,1.7995627917919488,0.927
P13,1.8,51,235.72591261823206,955.0714863976816,11.224801959965115,132.1001033028182,1.8053046309752183,1.7989034302873308,0.927
P13,1.8,52,255.03674656261984,932.1101856055949,4.239368015700675,238.704392059031,1.8064655253657989,1.7992111858422117,0.927
P13,1.8,53,271.0807188111726,890.4158025398426,-14.18989712802016,367.03174042494624,1.8074929271843063,1.800042314994938,0.927
P13,1.8,54,280.0793696468891,827.7887357582823,-46.0013466289895,502.7359345227174,1.8087818625667533,1.8000217888461656,0.927
P13,1.8,55,278.76830845892994,744.5956845979096,-85.67052367337342,633.7996776001864,1.8107038537670828,1.7991149985804855,0.927
P13,1.8,56,265.99543076966467,644.6077257340559,-124.8286391096692,753.0772899145027,1.8131479583218293,1.7979623468694204,0.927
P13,1.8,57,240.34831523744862,533.6687042804098,-159.84527266611428,855.8085627398613,1.8158428994737332,1.7946691786092464,0.927
P13,1.8,58,201.97276151398907,418.39724822893135,-191.02388580268632,938.4238611286695,1.8182216946929792,1.7841038951523749,0.927
P13,1.8,59,156.14184670567911,306.736689819572,-216.9656234493927,1000.9914278970858,1.8192861576125503,1.7647421600715547,0.927
P13,1.8,60,110.40365879159924,207.88886460158204,-235.38608988645854,1048.5184110427297,1.818347287426653,1.7445666265447317,0.927
P13,1.8,61,69.84194676188234,128.74762038548567,-246.47074511076434,1087.2364002320649,1.8145909521164865,1.7350657707023207,0.927
P13,1.8,62,37.56100180767922,70.49662974591857,-250.71920297264273,1120.1244908058413,1.8073413449212812,1.7401315425605894,0.927
P13,1.8,63,15.890975635643864,30.44605500324383,-246.97255311458426,1146.8482945793087,1.79684608210644,1.754930949644478,0.927
P13,1.8,64,4.066279686462172,5.97682689640631,-235.43482729156634,1165.9053753022486,1.7853924751910204,1.7719192688966152,0.927
P13,1.8,65,0.0,0.0,-218.4914814203676,1175.0998461949946,1.7769340736010923,1.786081687027431,0.927
P13,1.8,66,0.0,0.0,-197.47975460830966,1171.3506345408452,1.7747552695053104,1.7942841798304798,0.927
P13,1.8,67,0.0,0.0,-173.10425337522514,1152.307873157818,1.7792890369835646,1.7968777039889654,0.927
P13,1.8,68,0.0,0.0,-147.78306021686691,1118.4199976068248,1.7886164959227973,1.7970491243179703,0.927
P13,1.8,69,0.0,0.0,-123.53186996596642,1072.1860741400892,1.798879502428866,1.7975257909957387,0.927
P13,1.8,70,0.0,0.0,-100.15096719742753,1015.9012363390643,1.8055571030250381,1.800510106675796,0.927
P13,1.8,71,3.2772592042779527,0.503585766238591,-77.98463054794533,951.4731075262937,1.806827390025912,1.8063253748638695,0.927
P13,1.8,72,3.50361075478239,0.8152783313790104,-58.64293569276003,881.6327163966355,1.8039307510239357,1.81355947694086,0.927
P13,1.8,73,3.3447959864416026,0.973317562375035,-42.23178800165323,809.5223404372283,1.8001286690576184,1.820394242280886,0.927
P13,1.8,74,3.7442958920668454,1.1453781879491987,-27.946554270458797,737.3691512626186,1.797901752810857,1.8249744584545649,0.927
P13,1.8,75,4.061568772411536,1.0320999704867104,-16.323639432427967,666.9395407146194,1.7972433790389981,1.8265731650509147,0.927
P13,1.8,76,3.576553107143289,0.7171538699290235,-7.920923138111667,600.7145123037985,1.7976881550740729,1.8257933712240846,0.927
P13,1.8,77,2.9728664414837676,0.6185761961811509,-1.7017585066153016,541.2803695843435,1.7990666269197686,1.8234613492084872,0.927
P13,1.8,78,2.8024563221501797,0.7425243134881562,2.984427732515329,490.15366462303354,1.800356720371652,1.8205623240406612,0.927
P13,1.8,79,2.629733800560258,0.6739234467742339,5.563225136213432,448.2704984292581,1.800598402097274,1.8186599474279497,0.927
P13,1.8,80,2.298013996253237,0.3855373983614068,6.604239628314453,416.9812231534749,1.800011289761445,1.8181086087926392,0.927
P13,1.8,81,2.2967582232652757,0.32371758983071597,7.566903543608318,397.47850182575155,1.7993014436082724,1.8174364787981487,0.927
P13,1.8,82,2.5369191052470934,0.48194640783655757,8.550989214600472,389.61321986763875,1.79897528915694,1.8157285137628816,0.927
P13,1.8,83,2.6341059258653066,0.3643064332941465,9.214287875576343,392.2716570682308,1.7990189334201219,1.8132128507608254,0.927
P13,1.8,84,0.0,0.0,10.525195900784432,404.5999306858652,1.7992173192975804,1.8102535931949766,0.927
P13,1.8,85,0.0,0.0,13.356017416421828,426.0606836045974,1.799485929254957,1.8071228752555717,0.927
P13,1.8,86,0.0,0.0,17.2775299654835,455.6067191668152,1.7999195818134195,1.8044734940216332,0.927
P13,1.8,87,2.337338967352401,0.3459799772444399,22.201342826125376,491.80935028943907,1.8000888006800835,1.8024601962316702,0.927
P13,1.8,88,2.229772661681699,0.6501977390958344,28.830736701930313,533.7750470603866,1.7997093946631488,1.8006072892465956,0.927
P13,1.8,89,2.312543388257548,0.7018632463808483,37.26645018146868,581.0725719025587,1.7994335706481988,1.7987370521826345,0.927
P13,1.8,90,2.0943299665635187,0.5977425253568484,47.32071162002678,632.7469778153247,1.799382075278079,1.7969580973830754,0.927
P13,1.8,91,1.6456649172438247,0.11804998040038103,59.477686923184294,687.3144639882076,1.7990857377657183,1.7960701589481103,0.927
P13,1.8,92,0.0,0.0,73.99176858473716,743.4957013940577,1.798893432912471,1.7966124368703205,0.927
P13,1.8,93,0.0,0.0,90.34661545893623,799.9585642043252,1.7991568380926224,1.7976938387007106,0.927
P13,1.8,94,0.0,0.0,108.45742438234858,854.5509972069663,1.7995239053591108,1.7980401970070647,0.927
P13,1.8,95,0.0,0.0,128.65672969528939,904.7342516940784,1.7998000874736233,1.7978290801744126,0.927
P13,1.8,96,0.0,0.0,150.58002727278438,948.6598386420878,1.8000811003845105,1.7977980235230213,0.927
P13,1.8,97,0.0,0.0,173.70997307248967,984.9229000910657,1.8002678563441854,1.7982642106738371,0.927
P13,1.8,98,0.0,0.0,198.17308950700956,1011.4582285628926,1.800126990095028,1.79941928312218,0.927
P13,1.8,99,13.662451125776938,11.67197890602551,223.74977357025696,1025.601722147303,1.7995508815497048,1.8015462826650914,0.927
P14,1.0,0,7.919230690345451,10.863164876318272,95.25032686340849,681.5933672219285,0.9993212563006639,1.0015830351747939,1.199
P14,1.0,1,10.458788438328966,41.83834693788714,104.1963403331472,673.7013904185785,0.9994148745865082,1.0023710744618761,1.199
P14,1.0,2,7.6325230029342555,92.09165499590782,112.91088156817051,657.7251942507917,0.9995389445293548,1.0033113023454872,1.199
P14,1.0,3,-4.230881587625387,159.34100474520102,120.2093769237947,632.3847317014141,0.9995965466380018,1.003839033200187,1.199
P14,1.0,4,-21.32392281413161,236.9213356461518,125.38641369709913,596.6523120427545,1.0006316543093543,1.004399730304849,1.199
P14,1.0,5,-38.60195474488226,310.2411858319987,128.15170814318168,549.758505784162,1.0010717567821534,1.005183321597267,1.199
P14,1.0,6,-53.02753600188559,365.0820382283898,126.00832728350788,490.5550843603681,0.9941881613385185,1.0061212277333034,1.199
P14,1.0,7,-62.34774302221115,399.2674619166788,118.59288314812345,420.34825730711447,0.9806284001218755,1.007009317241977,1.199
P14,1.0,8,-68.247860212811,421.19246277704167,105.27335059584718,343.5500147145801,0.970915620776227,1.0073206006395126,1.199
P14,1.0,9,-73.11922155842434,439.54322269521504,86.48482508902929,265.18587212003814,0.9720432019099989,1.0069389404603057,1.199
P14,1.0,10,-76.82887928375433,459.20656197716625,65.0617580518073,191.03888738414818,0.984054616252859,1.006600138789934,1.199
P14,1.0,11,-80.05844316932223,483.35348830186103,43.42617593136697,127.0992522142244,0.9973924481990281,1.0054627164543717,1.199
P14,1.0,12,-83.1860069479818,512.4252204999825,24.29549100825406,76.8189058805242,1.0033915507700233,1.0027584479158906,1.199
P14,1.0,13,-84.79495148644175,544.1458830549198,10.359509403910744,40.84962740312294,1.0008283172566943,0.99997566211878,1.199
P14,1.0,14,-85.14356645670507,575.9182945723702,1.5626521223664402,17.886590958305394,0.9949558533980949,0.9975544235288197,1.199
P14,1.0,15,-83.97138259610479,604.9314855873896,-2.406585281775772,5.1422633793164785,0.9910994061562395,0.9961496923392633,1.199
P14,1.0,16,-80.8672960124355,628.737860955225,0.0,0.0,0.9906302818658752,0.9955944287921369,1.199
P14,1.0,17,-76.73356144217539,646.1414648037136,0.0,0.0,0.9929322393887667,0.9963273302566219,1.199
P14,1.0,18,-71.51566193689744,656.1269739877918,0.0,0.0,0.9957187183224755,0.9983392621145973,1.199
P14,1.0,19,-65.56481797857431,658.0442325030651,0.0,0.0,0.9979358696460243,1.0012566596020598,1.199
P14,1.0,20,-59.79292000541189,652.4428939909487,0.0,0.0,0.9994266646749029,1.0025859488931563,1.199
P14,1.0,21,-54.0151721070273,640.7784532642248,0.0,0.0,1.0004342194977263,1.0019405485155377,1.199
P14,1.0,22,-48.48563452765864,624.2468250721715,0.4130333975160639,0.10721533414389563,1.0016946880557323,1.0005258400347694,1.199
P14,1.0,23,-43.47385513846258,604.3025230272204,0.38415440288266645,0.148623182926842,1.0028197999318929,0.998830835530771,1.199
P14,1.0,24,-38.71043377183816,583.277080620476,0.5011657645511364,0.13670041145821762,1.0034946090639527,0.9984981697747853,1.199
P14,1.0,25,-34.26369807741274,563.1104781506574,0.4386697354580179,0.09637995280540082,1.0041499835609742,0.9991448923046974,1.199
P14,1.0,26,-30.02156957555641,545.0685645664095,0.3426064146337435,0.03283129706959451,1.0047274484909634,0.9999833037212257,1.199
P14,1.0,27,-25.79926158818044,530.556019802551,0.0,0.0,1.0048820760742256,1.0002488712717623,1.199
P14,1.0,28,-21.7359611343772,520.2436498873122,0.0,0.0,1.0050132766957156,1.0000551032631582,1.199
P14,1.0,29,-17.6411443530734,513.9326842637664,0.0,0.0,1.0049152171888902,0.9995924970588619,1.199
P14,1.0,30,-13.482641928837545,511.53768940354814,0.0,0.0,1.0042546865870943,0.9992512903347616,1.199
P14,1.0,31,-9.287627087980294,512.9135650154205,0.0,0.0,1.0037151201879775,0.9994408637650022,1.199
P14,1.0,32,-4.8433045460270625,517.3967730200357,0.0,0.0,1.0029777769192738,0.999586915825458,1.199
P14,1.0,33,-0.3257273287743952,524.1110009726914,0.0,0.0,1.001982591831798,0.9998497585256684,1.199
P14,1.0,34,4.292957601409401,532.1596193820251,0.0,0.0,1.0014272589703117,1.000061700614541,1.199
P14,1.0,35,9.075185310219082,540.8598421893753,0.0,0.0,1.0011532557702674,0.9997861402864895,1.199
P14,1.0,36,13.917997218506244,550.1116957495564,0.0,0.0,1.0012065362615739,0.999387817836001,1.199
P14,1.0,37,19.013467914007062,559.9175579310705,0.0,0.0,1.0013042476792646,0.9993864988765258,1.199
P14,1.0,38,24.438599816512156,570.1549114480318,0.05916133960087025,0.028620322677139685,1.000927669515081,0.9993793936946224,1.199
P14,1.0,39,30.117718737483617,581.2334583330762,0.0029407296357518782,0.10036079262381213,1.000482054327501,0.9996771263976938,1.199
P14,1.0,40,36.22113289095258,593.5362163704999,-0.04547629516776168,0.16413778719470973,1.0006208411981246,0.9999106729223606,1.199
P14,1.0,41,42.605841949852895,606.7812898948001,-0.08717178277647593,0.14868812767494405,1.001106666210858,0.9998955358688258,1.199
P14,1.0,42,49.179349861314115,620.5970680925385,0.0,0.0,1.0014534909528852,0.9997794434165502,1.199
P14,1.0,43,56.05407709296886,634.6821441409027,0.0,0.0,1.0015949411323175,0.9993919645402659,1.199
P14,1.0,44,63.043036538818754,648.5016940087424,0.0,0.0,1.001599717589655,0.9991993640361109,1.199
P14,1.0,45,70.16869388990949,661.1129895570785,0.0,0.0,1.0015107195398338,0.999369704240635,1.199
P14,1.0,46,77.5847338336332,671.1675163994778,0.0,0.0,1.0013064228539357,0.999558446816659,1.199
P14,1.0,47,85.14735766208548,677.3489341165812,0.0,0.0,1.0013617133163806,0.9995222647905243,1.199
P14,1.0,48,92.8383771124788,678.4767010274016,4.096171995516813,4.159525381153367,1.001735581701413,0.9999675486722456,1.199
P14,1.0,49,100.59264246683412,673.466303381624,6.262701128031396,21.43173507901402,1.0023517367859156,0.9997081457559488,1.199
P14,1.0,50,108.0150010854852,661.4037812777335,6.692495007109357,53.80666105482431,1.002723329129655,0.9992309690135315,1.199
P14,1.0,51,114.75719798832499,641.5824215959649,2.5272765210814203,103.34501758014146,1.003573731502329,0.9993740944313259,1.199
P14,1.0,52,120.06331059726212,613.4436507800223,-8.115284214280898,167.34310891589755,1.0044619876065586,0.9993019662624353,1.199
P14,1.0,53,123.20027553314152,576.3853210514432,-23.51673555364831,238.13701260094987,1.0049959827195947,0.9996427337663225,1.199
P14,1.0,54,123.69635361932443,530.0164000380124,-39.65374147189618,304.9003939538939,1.0058257482541009,0.9989361241905008,1.199
P14,1.0,55,120.61797001640649,474.6033765995202,-53.460086406525484,358.5940076568192,1.0065722261376568,0.9941344665274809,1.199
P14,1.0,56,113.36617815581536,411.63870147597584,-63.55371255978348,396.9279814367441,1.0067565090551853,0.9845278847303769,1.199
P14,1.0,57,101.81556716670151,344.0968321685385,-70.36089315125152,423.8843643983344,1.0063392049679198,0.9762504280545009,1.199
P14,1.0,58,86.33726452692164,275.55507592023105,-75.4114781341302,445.1523455713524,1.005456820199716,0.9745273336462559,1.199
P14,1.0,59,68.48536908440028,209.69685903021593,-79.49093322707003,465.36041022841283,1.004800922534641,0.9816228695517333,1.199
P14,1.0,60,50.24745478484963,150.36190709587245,-82.9643979760606,487.66166742129735,1.0040939342834443,0.9924363037891137,1.199
P14,1.0,61,33.32677665095259,100.45961813392594,-85.96494049019535,513.4235057123403,1.0025969322819839,0.9990639754363928,1.199
P14,1.0,62,19.308305358544224,61.1991990166933,-87.96222904586375,541.9497306596312,1.0006774696415464,1.0004061949507677,1.199
P14,1.0,63,9.009037489551284,32.75264091695536,-88.66648097125534,571.3332332225064,0.9984114766131639,0.9975399565791859,1.199
P14,1.0,64,2.540378667793709,14.368766019825305,-87.83711142983644,599.1825181754737,0.9967680790359625,0.9941216965366004,1.199
P14,1.0,65,-0.6002562501913257,4.109596091504511,-85.20901549740069,622.9998577375778,0.9964174839012409,0.9921033082174823,1.199
P14,1.0,66,0.0,0.0,-81.10462343064816,640.9191482490473,0.9970221183276681,0.9926614137594133,1.199
P14,1.0,67,0.0,0.0,-75.82681428937846,651.9551951609046,0.9980912375227513,0.9944821454348516,1.199
P14,1.0,68,0.0,0.0,-69.74034553770764,655.6135814852317,0.9992883110152903,0.9962012394414375,1.199
P14,1.0,69,0.0,0.0,-63.36644849845479,652.0567523174918,1.0005867892086007,0.9976954835243198,1.199
P14,1.0,70,0.0,0.0,-56.9768668153356,642.3099925398868,1.0015081452761505,0.9994787875696111,1.199
P14,1.0,71,0.0,0.0,-50.736939485696396,627.763336241742,1.000857382116591,1.0015226628233362,1.199
P14,1.0,72,0.16150543082438235,0.0793476365195705,-44.892015720762195,610.0094348373161,0.9995281982881851,1.0030211180033075,1.199
P14,1.0,73,0.12208774845820163,0.10530122495844906,-39.33339662869641,590.8295761662656,0.9989406608992619,1.0039878584838424,1.199
P14,1.0,74,0.08072210619215102,0.08027940747350958,-34.07980724397273,571.7562083919491,0.9992192298227086,1.0047215644003704,1.199
P14,1.0,75,0.031114804465197234,0.04473175779895983,-29.175592773795643,554.0947430969804,0.9992839785117353,1.0047615627929811,1.199
P14,1.0,76,0.008090050610587507,0.025937216643043097,-24.403973153131876,539.0130736333102,0.9996175812533266,1.0045619629637328,1.199
P14,1.0,77,0.011989575877059122,0.004702581886729892,-19.80861159756476,527.222340934072,1.0001438691277205,1.0046040218005703,1.199
P14,1.0,78,0.0,0.0,-15.313977939428593,519.0541567404455,1.0000112305013305,1.0049617536112776,1.199
P14,1.0,79,0.0,0.0,-10.785861229127544,514.6980075095107,0.999905274330694,1.0049472458053916,1.199
P14,1.0,80,0.0,0.0,-6.236335089163599,514.0534574342815,0.9997084152066795,1.0043456830025133,1.199
P14,1.0,81,0.0,0.0,-1.6562244660673313,516.7515926692272,0.9995326774059823,1.003391432775699,1.199
P14,1.0,82,0.0,0.0,2.895749544777474,522.2955066805345,0.9996040158697922,1.0027294151656145,1.199
P14,1.0,83,0.0,0.0,7.321903884675118,530.0280525954056,0.9995413520363249,1.0023737395291488,1.199
P14,1.0,84,0.0,0.0,11.604583811998047,539.1254922960562,0.999222912329248,1.0020353251717216,1.199
P14,1.0,85,0.0,0.0,15.730998413003583,548.7667870106906,0.9993156150135751,1.0018207604502107,1.199
P14,1.0,86,0.0,0.0,19.71144712792967,558.4583652878715,0.9995802903287001,1.0014185712310577,1.199
P14,1.0,87,0.0,0.0,23.707608376805695,567.9145063100966,0.9998119861358588,1.0008124705136605,1.199
P14,1.0,88,0.02486543405575079,0.04663904300571598,27.80498680891364,577.1909783851404,0.9997142603092792,1.0002961530108783,1.199
P14,1.0,89,0.022916021395784737,0.13950343844904894,32.064804144784766,586.7086097807619,0.9996184048181189,1.000047973484939,1.199
P14,1.0,90,0.0106079893460446,0.24800441442266627,36.60905881567696,596.754791781982,0.9994723569445644,1.000565700924703,1.199
P14,1.0,91,-0.039885527931156316,0.3114172841157591,41.32619402319256,607.5479619969003,0.999289545635028,1.000852871864421,1.199
P14,1.0,92,-0.1473240300727326,0.19491939859076862,46.25615295059969,619.2875080934001,0.9992979855639453,1.0007432175293853,1.199
P14,1.0,93,0.0,0.0,51.51575355201946,631.8262277458375,0.9993941419673382,1.0010548863352167,1.199
P14,1.0,94,0.0,0.0,57.091765053800245,644.7528808714778,0.9996720860516748,1.0010639801139771,1.199
P14,1.0,95,0.0,0.0,63.285590998634,657.4350171566329,0.9997122361767475,1.0010061767525573,1.199
P14,1.0,96,0.0,0.0,70.2238230939046,668.8725490918747,0.9996857569575283,1.0009253665964233,1.199
P14,1.0,97,0.0,0.0,77.86958353254302,677.6880959446155,0.9995520490460701,1.0010004038603557,1.199
P14,1.0,98,0.0,0.0,86.25196353163192,682.3335243232542,0.9993722441832695,1.001262493524547,1.199
P14,1.0,99,7.940344131146148,10.853950674474666,95.09433705317588,681.3609073643923,0.9992618103646026,1.0014948573175804,1.199
P14,1.2,0,10.454746125340147,10.98496276023302,117.47518422105361,696.4629500940521,1.199578154245707,1.202452570917112,1.087
P14,1.2,1,13.723257148506416,43.464883510562196,128.08869766825075,689.6718236809957,1.1994352650939095,1.202924174848874,1.087
P14,1.2,2,11.766829838166558,96.14007086151544,138.20906354110286,672.466349364232,1.1994633271856787,1.2033969883365405,1.087
P14,1.2,3,-0.592945949336833,166.68140678812256,146.7155801796919,643.0365645670652,1.199750014390141,1.203734663928312,1.087
P14,1.2,4,-21.788614574105857,249.10538465601903,151.7835065405637,600.1508782361273,1.200175934516674,1.2043538183144662,1.087
P14,1.2,5,-44.66792379631243,331.7872736555139,152.76589794920903,543.8611260556373,1.2018295304125304,1.2053418777415117,1.087
P14,1.2,6,-65.49184516764184,400.47818115453,147.69928464602393,474.61113400593837,1.2032614444851841,1.2065083639442842,1.087
P14,1.2,7,-82.05926878863099,449.26233243426435,134.16222077709668,394.7316968279964,1.1957718161793311,1.2079527776249601,1.087
P14,1.2,8,-93.79496731200742,483.3648447705902,113.70031951609977,310.2374291738089,1.1788166124595367,1.2091604542496015,1.087
P14,1.2,9,-102.55816926678568,512.1243124295304,88.20746120373396,228.538500885185,1.1637360980969498,1.2094131701017012,1.087
P14,1.2,10,-109.88851058522053,540.2779066802073,61.38670600976905,155.56071127708825,1.160243502826697,1.2088366378774207,1.087
P14,1.2,11,-114.55120483533747,568.3479861508663,37.386521978060905,96.05204368522065,1.1723114008431987,1.2072388849878464,1.087
P14,1.2,12,-116.41386278392959,596.4724244042808,18.79194682129715,52.76285639476895,1.1894384515789287,1.2040842511413854,1.087
P14,1.2,13,-116.5104993899646,623.511679287131,6.482264206544924,24.463492806450372,1.2004734742207643,1.1997067596553819,1.087
P14,1.2,14,-113.99180237141555,646.7866241976848,0.4098291639279322,7.800415747766375,1.2019698936698826,1.195576843397693,1.087
P14,1.2,15,-108.85266991092966,664.5805948521044,0.0,0.0,1.1964960674920317,1.1927410177296125,1.087
P14,1.2,16,-102.3837381820864,676.5798813998314,0.0,0.0,1.1914496965308408,1.1918167587021957,1.087
P14,1.2,17,-94.5150721271187,682.2575930262924,0.0,0.0,1.1902887574201824,1.1938292393668501,1.087
P14,1.2,18,-85.69906985384006,681.3772831166459,0.0,0.0,1.1927466861368015,1.1978359777202254,1.087
P14,1.2,19,-76.81299801876706,673.9032684486823,0.0,0.0,1.197447262030152,1.2014913510926357,1.087
P14,1.2,20,-67.94568305783697,659.8839851178639,1.2585392646613156,0.12634844820883223,1.2016355989426108,1.2030336945469762,1.087
P14,1.2,21,-59.516428785506626,640.112749882371,1.4828027372201635,0.5266169866954056,1.2043497105243457,1.2023741972878463,1.087
P14,1.2,22,-52.27256228129663,616.2997885210808,1.3626839517806946,0.5412057825305223,1.2054380033624346,1.2006178895297672,1.087
P14,1.2,23,-45.740009184213044,590.4542425246733,1.2989048269961758,0.4684275714729813,1.205541508564587,1.198578903309334,1.087
P14,1.2,24,-39.726058493686565,564.0900286434302,1.1925446353024094,0.33756405626187996,1.2056851668386444,1.1977858477432581,1.087
P14,1.2,25,-34.53664287388262,538.6403355920087,1.082136783797,0.24256197360854498,1.2058710526411742,1.1987810729153572,1.087
P14,1.2,26,-29.95651669809715,515.8173466325521,1.509318891247297,0.35178480356385,1.2062267542009337,1.1999653508389683,1.087
P14,1.2,27,-25.732577509253144,496.94646916842777,1.8909321610216312,0.47058091382562955,1.2068569695003883,1.2001974533634872,1.087
P14,1.2,28,-21.737024520714527,482.16072458570846,1.6541463120698103,0.4010327229524024,1.207180871794844,1.1995670555614348,1.087
P14,1.2,29,-17.76156274182829,471.4249251788294,1.3194381667751482,0.2744425156629745,1.206843464245375,1.1992254729662657,1.087
P14,1.2,30,-13.818528900828973,465.2273811576641,1.0776576875876462,0.17090291040691866,1.2055575137679397,1.1997459932581305,1.087
P14,1.2,31,-9.763818416076065,463.56594494002445,0.7982447601037744,0.03990140387292841,1.2041954087148816,1.1999354001473355,1.087
P14,1.2,32,-5.309186282714974,465.7335657702558,0.0,0.0,1.203518432356023,1.1995677067400703,1.087
P14,1.2,33,-0.7083341990925113,471.3396857956251,0.0,0.0,1.2031650262258367,1.1993532374337725,1.087
P14,1.2,34,3.987805056396305,480.33992456577613,0.0,0.0,1.2029915822110475,1.1989992301550423,1.087
P14,1.2,35,8.972633734144699,492.18259919350174,0.0,0.0,1.2026771757737131,1.1988051691675694,1.087
P14,1.2,36,13.976477308475667,506.03500482701077,0.0,0.0,1.202080523488621,1.1992406636059614,1.087
P14,1.2,37,19.08794344947177,521.2808101123267,0.0,0.0,1.2015467830111717,1.2002305155042292,1.087
P14,1.2,38,24.73627169337996,537.639856123005,0.38776692627546894,0.05789058251885679,1.2011600236307254,1.2008705896690695,1.087
P14,1.2,39,30.911289050987204,555.0851340878216,0.39807382670801633,0.16208735099537577,1.201100960926351,1.1999762914569214,1.087
P14,1.2,40,37.85671049670296,573.4939541123907,0.26625235402865777,0.28872401803102143,1.2010893292880256,1.1990674140056183,1.087
P14,1.2,41,45.910091597048606,592.4432072116349,0.06740489869862831,0.28000133298093793,1.2005118846921246,1.1994660377991013,1.087
P14,1.2,42,54.70692211154082,611.7693289855774,0.0,0.0,1.1996387466116514,1.19970983130985,1.087
P14,1.2,43,64.00566262478782,631.625462165151,0.0,0.0,1.1993068982102073,1.1995000935893207,1.087
P14,1.2,44,73.90024142923977,651.5600200203555,0.0,0.0,1.2001083978897575,1.1995814036910721,1.087
P14,1.2,45,83.9084677647568,670.4528450697393,0.0,0.0,1.2014071852837995,1.1996021947952933,1.087
P14,1.2,46,93.87259797625119,687.1754627869415,0.0,0.0,1.2024646621982498,1.199172458661286,1.087
P14,1.2,47,104.10443243942326,700.5697617277763,0.0,0.0,1.2031061347910823,1.198767124360687,1.087
P14,1.2,48,114.30436117136368,708.9712870736666,0.0,0.0,1.2031149287768077,1.1996864448091682,1.087
P14,1.2,49,124.15540773457475,710.341930770162,8.890047845780572,10.619167758564188,1.203144543778401,1.2007557885296698,1.087
P14,1.2,50,133.6547459613463,702.7905367151691,11.36165081304674,39.613617383117614,1.2032728847430203,1.200282921979967,1.087
P14,1.2,51,142.1680611788611,685.0821401768313,9.42044522980648,86.73431243696155,1.2034772412749406,1.199380270569025,1.087
P14,1.2,52,148.6387090966054,656.634796584243,-0.4578042011113242,150.6176367860349,1.2038491687368553,1.1990464089338988,1.087
P14,1.2,53,152.23480983388967,617.0724918188828,-17.85317242022054,225.25910734870033,1.204185165417288,1.1993855146922008,1.087
P14,1.2,54,152.2904539716834,566.179706048779,-38.11549624383817,300.1220235937722,1.205007676138307,1.2002626794990607,1.087
P14,1.2,55,147.7911903511997,504.30586778182567,-56.99550838231742,363.4728731644961,1.2064159794332219,1.2012768406157865,1.087
P14,1.2,56,137.82389495368452,433.30234170152715,-72.45137980640074,410.0174464799857,1.2078090737337688,1.1994137065899142,1.087
P14,1.2,57,122.28617482687751,357.08307528314714,-84.02749758145242,443.6774920527011,1.2087929296040394,1.1893815352675783,1.087
P14,1.2,58,101.71043861487544,280.51327309419975,-92.98009588966302,471.9883581715534,1.2085807279696479,1.1748744307613648,1.087
P14,1.2,59,78.12845147687636,207.95315389663006,-100.5454734268592,499.6627124126369,1.2069189470162769,1.1654870909670867,1.087
P14,1.2,60,54.77305632137922,143.54218752102483,-106.5174636029114,527.9380834443592,1.2052519836490116,1.1675385975805317,1.087
P14,1.2,61,34.04061839211743,91.27227318484408,-110.47355021705503,556.6879483216002,1.2033738175754878,1.181913602730525,1.087
P14,1.2,62,17.466056374938372,52.86318547446036,-112.36071089623744,584.8350637471643,1.2010179789306288,1.1961276759402957,1.087
P14,1.2,63,6.280033450676558,26.74249590020597,-111.84280111833046,610.488629218462,1.1977182316881387,1.201275549432007,1.087
P14,1.2,64,0.27670164818686643,10.231875562284667,-108.85707484199892,632.1236672294726,1.1944025072391693,1.1990424733094724,1.087
P14,1.2,65,-2.0663406382375027,1.226106348778477,-103.83391718139191,648.7426797784494,1.1928965486938667,1.193658764666512,1.087
P14,1.2,66,0.0,0.0,-96.90329352050108,659.2023252365697,1.1935121369916855,1.1899721683916598,1.087
P14,1.2,67,0.0,0.0,-88.56465944985027,662.8814489207329,1.1957307902494618,1.190021518810839,1.087
P14,1.2,68,0.0,0.0,-79.5956841195642,660.2523020131415,1.1986342902019063,1.1932000773814706,1.087
P14,1.2,69,0.0,0.0,-70.36052926577918,651.988130854697,1.2008916948172101,1.1972382988407055,1.087
P14,1.2,70,1.1428708146220867,0.06279879940290038,-61.3745541111372,638.6468737042072,1.2021042791347754,1.2002654157382417,1.087
P14,1.2,71,1.254100452176676,0.459275742746454,-53.101800554538755,621.4198493484013,1.201683919605816,1.2031532332338066,1.087
P14,1.2,72,1.053899769581527,0.5257396261080832,-45.48670336522307,601.8448058250857,1.2000839598004787,1.205690369469646,1.087
P14,1.2,73,0.7914010661677225,0.42559580034535816,-38.5742437109174,581.0508574121253,1.199078066139341,1.2063668845423705,1.087
P14,1.2,74,0.5061516452902747,0.26374565471925115,-32.5788094641916,560.1842900640494,1.1989909562414722,1.2060418443960355,1.087
P14,1.2,75,0.31608383707184445,0.14590984816147193,-27.228812810952768,540.6175158627902,1.199238609371279,1.2058362052533302,1.087
P14,1.2,76,0.26894497651908283,0.10421701297167525,-22.37775967929347,523.1195550012847,1.1993133510101832,1.2059319239089805,1.087
P14,1.2,77,0.24750744507440725,0.09705080600386146,-18.088419128404222,507.9240534407217,1.199136753240074,1.2063090448831728,1.087
P14,1.2,78,0.21388023960246097,0.10423213601166154,-14.037074491631927,495.61162967835924,1.1995058049473075,1.2063385357300904,1.087
P14,1.2,79,0.18279796093254816,0.09944196945012211,-9.991476796827744,486.7668054565256,1.1999831763973727,1.2062360585379606,1.087
P14,1.2,80,0.19561004741205978,0.03334740584308294,-6.016087968807432,481.39325725478994,1.2003367042167978,1.2055351101355798,1.087
P14,1.2,81,0.0,0.0,-1.9260328416795105,479.5112343701751,1.2004051983505128,1.2042194098237824,1.087
P14,1.2,82,0.0,0.0,2.3539680703337256,481.3950392431301,1.1996685297034344,1.2036136295080744,1.087
P14,1.2,83,0.0,0.0,6.665866146266379,486.78341568212744,1.1988987405117866,1.2038097165101522,1.087
P14,1.2,84,0.0,0.0,10.960203072501418,494.91321766404303,1.1989058654889906,1.203576975978873,1.087
P14,1.2,85,0.0,0.0,15.178158610363072,505.30543148236245,1.1989571838254756,1.2027398402175664,1.087
P14,1.2,86,0.0,0.0,19.2338246041829,517.5604134286036,1.1992344002224924,1.201835149895138,1.087
P14,1.2,87,0.09938018620616776,0.05128704400097686,23.367882980259562,530.9445795142998,1.1996485469082092,1.2009152260978913,1.087
P14,1.2,88,0.060380538032915675,0.1708654190105763,27.84817587107865,544.9217277560994,1.1998025054166572,1.2004778545946164,1.087
P14,1.2,89,0.02716918729417726,0.30223596289134264,32.82957258901436,559.4183137603146,1.1997884313614495,1.2006094413845543,1.087
P14,1.2,90,-0.024993651758804362,0.4007604001914123,38.62495236636204,574.3463295470359,1.1995910165079198,1.200814158753579,1.087
P14,1.2,91,-0.12891939856507534,0.35792383947235196,45.36605730461587,589.6897462208073,1.1996252884478213,1.2001271321908162,1.087
P14,1.2,92,0.0,0.0,52.84794716996849,605.7879344658119,1.200142606097031,1.1993894754750054,1.087
P14,1.2,93,0.0,0.0,60.95279271403148,622.7352982902728,1.2001804454233003,1.1996992439201748,1.087
P14,1.2,94,0.0,0.0,69.5060994891803,640.016072334914,1.1995231126055728,1.2004819313444697,1.087
P14,1.2,95,0.0,0.0,78.27608401791979,656.9883654241245,1.1989434833624104,1.2013325078336925,1.087
P14,1.2,96,0.0,0.0,87.37637454896434,672.8802451569042,1.1987110316208291,1.2023270754194035,1.087
P14,1.2,97,0.0,0.0,97.00936521915494,686.1754773098933,1.1991935164700556,1.2028980935415632,1.087
P14,1.2,98,0.0,0.0,107.07985289158503,694.7496769998801,1.1996846781164552,1.2026469776684594,1.087
P14,1.2,99,10.434500837453214,10.988226866388917,117.52897774483822,696.5751286547351,1.1996855383316964,1.202357765993316,1.087
P14,1.4,0,10.428811195649617,11.306633668245382,147.15582918716683,715.4534179047787,1.3989410411498704,1.4046924129630194,1.018
P14,1.4,1,12.465266894605941,47.90395101094015,159.15789560336884,704.4692448222957,1.3989236207728122,1.4048455371039237,1.018
P14,1.4,2,9.390566466801834,107.61304309047458,169.62952827985694,681.237955050575,1.399485667325677,1.4051678019991054,1.018
P14,1.4,3,-4.0011136237524205,188.43177042931717,177.02999859401845,644.0419159636621,1.3998011542377526,1.4058415568178326,1.018
P14,1.4,4,-28.655683596756067,283.0730977921933,179.1153151469327,591.8426953986033,1.399400578357201,1.406373799441581,1.018
P14,1.4,5,-56.92496072154348,379.0148064200923,174.30266293678466,525.3550291542161,1.3993202068654682,1.4070628230923754,1.018
P14,1.4,6,-82.34387967383834,460.09741456285644,162.3100212124266,446.86839003268494,1.4011136116804694,1.4082048628940245,1.018
P14,1.4,7,-102.8209419218836,517.5091394237863,141.3566148771797,360.1731633409495,1.4025872946158484,1.409162341981343,1.018
P14,1.4,8,-117.47541437986703,554.2208803653325,113.41350861948231,272.047434328445,1.3948393317955732,1.4097014570985733,1.018
P14,1.4,9,-127.15269073176552,580.4789658440849,83.48688753687722,190.6982024774974,1.3755172524984018,1.4098712652604761,1.018
P14,1.4,10,-133.56083428527523,604.7107525752978,54.66224913497129,122.57712657863719,1.3571501527663878,1.4090063501504737,1.018
P14,1.4,11,-137.89700127368707,628.8759004706976,30.650930390208405,70.23589182869227,1.350910464548656,1.4056041383695856,1.018
P14,1.4,12,-138.6368192786912,652.4645214358206,13.67342723217349,33.820664978137415,1.3618211931661997,1.399955910631385,1.018
P14,1.4,13,-136.40374035879833,674.9812381517019,3.759305968195835,11.737547227134352,1.3833083724196176,1.3938928489763562,1.018
P14,1.4,14,-132.39709255791433,694.3858436484664,-1.1675138549430601,0.5121834269310741,1.4005291677340272,1.3894932804465596,1.018
P14,1.4,15,-125.9068128118894,707.877708405844,0.0,0.0,1.4063507555883654,1.3881591217831841,1.018
P14,1.4,16,-116.81149865531992,714.1480710136676,0.0,0.0,1.4018766641179254,1.3902502154210075,1.018
P14,1.4,17,-106.86790808452022,713.3646923149151,0.0,0.0,1.3944156775900785,1.3952114066837564,1.018
P14,1.4,18,-96.19525224432024,705.2715691362837,0.0,0.0,1.3902379175342827,1.400266373219129,1.018
P14,1.4,19,-84.65611208648251,689.8634058754064,0.0,0.0,1.3910448485328804,1.4028721905987465,1.018
P14,1.4,20,-73.45916282411048,668.0851615314909,1.4266916568402395,0.0793446416932715,1.3962688141083492,1.4030762467250826,1.018
P14,1.4,21,-63.18237288865147,641.1391411365778,1.403145299180827,0.6861560158967254,1.4029210334775177,1.401922973602497,1.018
P14,1.4,22,-53.61685172204693,610.4073932430645,1.8983611855595683,0.9548882862360099,1.4074216582505918,1.4001558577730289,1.018
P14,1.4,23,-45.31991819335441,577.6155253460653,2.0613139329071317,0.7993858706324077,1.4092329844959397,1.398790704235981,1.018
P14,1.4,24,-38.57273753436145,544.8846816044362,2.0223701567279937,0.523443606343726,1.4096520190415498,1.3986695702288225,1.018
P14,1.4,25,-32.40909287305456,513.7641560119079,2.1659114567119135,0.3290381366863653,1.4097122751705204,1.3992063942446955,1.018
P14,1.4,26,-27.05527720186179,485.29984055888804,2.0193752620863807,0.174654126686864,1.4094093662485077,1.3994777231370576,1.018
P14,1.4,27,-22.6121630421827,460.6399316004795,1.5094177735019847,0.0639503065226953,1.4091457372660985,1.3995897321497532,1.018
P14,1.4,28,-18.604707133144835,440.65451216269764,1.7385994040005,0.12000801355939887,1.4092742716607918,1.3997706617556456,1.018
P14,1.4,29,-14.640564023923904,425.4609205778744,2.1968168765070253,0.24805441690290203,1.409262746950419,1.400161529859729,1.018
P14,1.4,30,-10.815590726227969,414.83472319764667,2.169248033086812,0.2699338353292357,1.4084850769610893,1.400232345125758,1.018
P14,1.4,31,-6.82072567146476,409.2553684398703,2.081402935397548,0.2665899119021748,1.4073412261629499,1.3998520166340385,1.018
P14,1.4,32,-2.5355687958018227,409.40341160942216,1.9831475893388002,0.3149939336569883,1.4063344717875519,1.3995284601878475,1.018
P14,1.4,33,1.8159605335512539,414.9778937481066,1.4681379248108204,0.2825377126765168,1.405226844869743,1.3993918332119122,1.018
P14,1.4,34,6.510809078816437,425.1643161940307,1.0240660343549828,0.06763019849916403,1.4042310526721715,1.399499405267437,1.018
P14,1.4,35,11.511430192031284,439.8294477634714,0.0,0.0,1.4035009954272732,1.39955653075402,1.018
P14,1.4,36,16.553287268416135,459.1011714160888,0.0,0.0,1.4026310086174507,1.3991507996370087,1.018
P14,1.4,37,21.985392133531832,481.9409938824724,0.0,0.0,1.401932803214493,1.398793773493328,1.018
P14,1.4,38,28.23319316627387,506.72879224789455,0.8977669570220421,0.10834879599632027,1.4015741072785848,1.3989456257371111,1.018
P14,1.4,39,35.2735475360084,532.6293376954867,0.6201007297374976,0.2860595075683697,1.4010068744962354,1.3992604610514061,1.018
P14,1.4,40,43.543727910385996,559.2750817573958,0.3203886627563852,0.3697060178964882,1.4000477740244401,1.3994865150193634,1.018
P14,1.4,41,53.31825842406745,586.1089563486512,0.27324092335588807,0.14598923382266726,1.3994559226966525,1.3995888985494436,1.018
P14,1.4,42,64.22878920592035,612.6040514208952,0.0,0.0,1.3995037731288782,1.3998356222015256,1.018
P14,1.4,43,76.04531378769524,638.3046579058876,0.0,0.0,1.399418143939587,1.400090330005386,1.018
P14,1.4,44,88.77903099365533,662.4346841519992,0.0,0.0,1.3990555628327503,1.3997198855367463,1.018
P14,1.4,45,101.82695571171537,684.2559747637707,0.0,0.0,1.399401547959042,1.399474099544033,1.018
P14,1.4,46,114.75046540122536,703.0831127259564,0.0,0.0,1.401100770416347,1.399829981287047,1.018
P14,1.4,47,127.79182791307976,717.3792697439235,0.0,0.0,1.4027099136916648,1.3999090191724923,1.018
P14,1.4,48,140.6537338329814,724.7981435562097,0.0,0.0,1.4039033770531029,1.3993624924159558,1.018
P14,1.4,49,152.68156998414108,723.3049854981037,8.567067430678405,13.615213470635606,1.4052200896374587,1.3992439027362704,1.018
P14,1.4,50,163.5214659630973,711.5867820623592,9.579495007251339,47.07065610501541,1.4062812134079243,1.3997940401121205,1.018
P14,1.4,51,172.35978876939743,688.3663904112053,6.075680445461591,100.33266081727696,1.4062119797629196,1.4000682463527228,1.018
P14,1.4,52,177.7370716814488,652.3280841451636,-5.377882925818799,172.01546334424762,1.40549094199489,1.3996323872520304,1.018
P14,1.4,53,178.48682588972338,602.9859134967062,-25.431204978110035,255.71331552450283,1.40579726543711,1.399341263036424,1.018
P14,1.4,54,173.7970325121535,541.304137305435,-49.83337284016159,340.987416582452,1.4071284563208515,1.399738437071306,1.018
P14,1.4,55,162.9361176883483,469.41047429142867,-73.28575397372036,415.97410938929016,1.4080973556369083,1.399505740081775,1.018
P14,1.4,56,145.4263268385605,390.2852754611285,-93.10180236288252,473.4800707250916,1.408390106802484,1.3962043228163032,1.018
P14,1.4,57,122.22828972088708,308.4397504763517,-108.66144126817461,514.8642602028343,1.408568694110952,1.3860997729174067,1.018
P14,1.4,58,95.60872961062107,229.80691031928595,-120.40228949502867,547.0123271330415,1.4086854894593719,1.3701848197630375,1.018
P14,1.4,59,68.26952292669317,159.9048968326193,-129.3243390667958,576.1191460382787,1.4074908406755178,1.3594017791841053,1.018
P14,1.4,60,43.40059554111174,102.11535945598942,-135.885547674298,604.5851318467063,1.4050165301711326,1.3601834773788568,1.018
P14,1.4,61,23.525776460981252,57.9490709091186,-139.58525818696288,632.2706576311552,1.4022714560564453,1.3723323649571268,1.018
P14,1.4,62,9.619060443264392,27.553897492813086,-140.26952263976375,658.1234092057055,1.3993237305803041,1.3894004028132845,1.018
P14,1.4,63,1.4120719081180324,9.224784108985318,-138.17237898265634,680.3937215593272,1.3955792961806117,1.399933030126478,1.018
P14,1.4,64,0.0,0.0,-133.31360900639177,697.1684006415409,1.3918950544502269,1.4007816943124083,1.018
P14,1.4,65,0.0,0.0,-125.8373217617294,707.2973140940537,1.3901942850900906,1.3961071838530448,1.018
P14,1.4,66,0.0,0.0,-116.4531425321067,710.1739586176498,1.3908249382537852,1.3912015481504496,1.018
P14,1.4,67,0.0,0.0,-105.6640371235503,705.1978009683395,1.3937823919027708,1.3903641816482972,1.018
P14,1.4,68,0.0,0.0,-93.81471819737791,692.4731037556647,1.397797267105567,1.392908947594371,1.018
P14,1.4,69,0.0,0.0,-81.70478029435661,673.3085653960807,1.4010120263663213,1.3979914457485016,1.018
P14,1.4,70,0.6356594424113655,0.02851255318365893,-69.93370401854472,649.2575805190992,1.4027741561031035,1.4034496363067963,1.018
P14,1.4,71,1.1404323228532345,0.8837623390923214,-58.98753903401671,621.4995184228849,1.4028694008394167,1.407029714154085,1.018
P14,1.4,72,1.577647031710483,1.232949434041974,-49.250041893452455,591.5135393850691,1.4015245671461911,1.4089810050050426,1.018
P14,1.4,73,1.6411845407869439,1.1360005104404618,-40.821340767722475,561.286593033737,1.3994630051450685,1.4098408105259919,1.018
P14,1.4,74,1.4428900898733499,0.8637959032688892,-33.52567043046872,532.3784621400287,1.3982549999672105,1.4099376848719316,1.018
P14,1.4,75,1.0589850039787125,0.5843947223003809,-27.366940619781396,505.61038655840343,1.3986406464372159,1.4097118459853937,1.018
P14,1.4,76,0.572455772834503,0.3361138160343958,-22.27835358434478,481.7914122485086,1.3992570831216704,1.4095927356514304,1.018
P14,1.4,77,0.2863294694587407,0.15195468855127886,-17.827659069411666,461.6966328881033,1.3993005572604629,1.4092452339785198,1.018
P14,1.4,78,0.3558557605970754,0.06737776653584121,-13.707240360633484,445.42027147652766,1.3992435623683608,1.408741239463733,1.018
P14,1.4,79,0.5712011865187125,0.05705780536164889,-9.820780809444534,432.7692184485324,1.3995412873141635,1.408248371686207,1.018
P14,1.4,80,0.7291837044474724,0.0643136864847347,-5.822654548099933,424.1121260086883,1.3994689775579072,1.407483558080602,1.018
P14,1.4,81,0.7351231839016613,0.03661931061283189,-1.3721866142893493,420.0302864719817,1.3989706154209156,1.4063230945933995,1.018
P14,1.4,82,0.0,0.0,3.38097818074963,420.68955215425444,1.3991003395765598,1.4050591758023518,1.018
P14,1.4,83,0.0,0.0,8.253989736101959,426.2507144613766,1.399745502265424,1.4040334508887382,1.018
P14,1.4,84,0.0,0.0,13.13385039408083,436.99729276151743,1.3998623899480083,1.4032960905461884,1.018
P14,1.4,85,0.0,0.0,17.883748977069004,452.55092507736316,1.3994310673957413,1.4024229950104063,1.018
P14,1.4,86,0.0,0.0,22.46415747212405,471.71611528806835,1.3994856222827827,1.4019775100428373,1.018
P14,1.4,87,0.5673848215165614,0.08887230168778029,27.149748402894673,493.4189511376031,1.3999555650927515,1.4024236637120862,1.018
P14,1.4,88,0.4721563434679547,0.3333888746737494,32.26113216236215,517.0038678783834,1.4000090021640348,1.4026303911034197,1.018
P14,1.4,89,0.2651623199543739,0.5582234880194422,38.123640680958786,541.6360441279313,1.3998278434388043,1.4016235642358943,1.018
P14,1.4,90,0.011913045659825976,0.6483449111430042,45.153436091793616,566.3738161076683,1.3999964365730333,1.4002010624887722,1.018
P14,1.4,91,-0.184331182077042,0.43730808399452714,53.51847916953022,590.7720722802077,1.400203415220423,1.3992118790756702,1.018
P14,1.4,92,0.0,0.0,63.04547763862594,614.7002176528159,1.3998616692583334,1.3984979180661445,1.018
P14,1.4,93,0.0,0.0,73.59528781403223,637.7519627475158,1.399549784058172,1.3980279107157225,1.018
P14,1.4,94,0.0,0.0,85.0219448900707,659.35193302079,1.3997829410640341,1.398406236319757,1.018
P14,1.4,95,0.0,0.0,96.96396700616309,679.0681108062341,1.3998157800089552,1.3998509639131655,1.018
P14,1.4,96,0.0,0.0,109.22248362108479,696.1783121054924,1.3994975823230489,1.401307263318244,1.018
P14,1.4,97,0.0,0.0,121.78819470451421,709.2312791788809,1.3993165514862824,1.4024360408027499,1.018
P14,1.4,98,0.0,0.0,134.52426977678252,716.3468168242853,1.399282282943268,1.4036738859905822,1.018
P14,1.4,99,10.413599083507973,11.306287933023365,147.1179706782017,715.5208958209257,1.3990515925106217,1.4045417742024109,1.018
P14,1.6,0,8.658574160742841,11.518142955631385,181.807598004261,722.7668599619203,1.5998395411725568,1.6049375509327184,0.976
P14,1.6,1,8.007889707933632,53.54872829498387,193.03674139003985,703.0719659257126,1.5998794463168966,1.606492239520927,0.976
P14,1.6,2,1.8873169364070457,122.89254351076322,200.45585135173314,669.484334086928,1.5998579456420543,1.6069032089829056,0.976
P14,1.6,3,-13.696530199838545,218.0496413375961,202.83357395940004,621.5281912874415,1.5996983847530297,1.6071423318060496,0.976
P14,1.6,4,-41.07904423826396,328.6928367182504,198.36083531996624,558.84549620949,1.5994576074574889,1.6077636787166878,0.976
P14,1.6,5,-74.37637959314382,438.46725147104803,184.83456164544418,482.7905564472464,1.599560289473083,1.6083794395725555,0.976
P14,1.6,6,-103.82802924649417,528.6057477240586,163.54306514749697,397.78782600947636,1.6007249213226258,1.6086132172109715,0.976
P14,1.6,7,-126.16965313090687,589.2548000124754,136.20787031285155,309.4010142192921,1.599339286340315,1.6090480703096017,0.976
P14,1.6,8,-141.61780843745262,624.7101158514195,103.48183813665885,224.2467949252731,1.5863361191389322,1.6095527778073186,0.976
P14,1.6,9,-151.93355416094107,647.9704823944338,71.18854072821199,149.5570128931713,1.5618790869790748,1.6093722090582345,0.976
P14,1.6,10,-157.68321510674903,670.0248303778011,43.46851038850525,91.01977635610142,1.5425304611110082,1.6078634218857997,0.976
P14,1.6,11,-160.472536525243,693.6724421328727,22.12346006386263,49.39008901492712,1.544485854317421,1.604081932071165,0.976
P14,1.6,12,-160.54836469234925,716.5190607785603,7.7056592033658005,21.584026055425007,1.5659732591833198,1.5979962560732512,0.976
P14,1.6,13,-156.58863972170766,736.4886670126498,0.05662897370967262,5.037448162781461,1.5919926594356062,1.5918739548652527,0.976
P14,1.6,14,-149.9157842496787,752.2051197992093,0.0,0.0,1.60891184609369,1.5877941247127798,0.976
P14,1.6,15,-141.63488218796726,761.7088524051702,0.0,0.0,1.6105522648128452,1.5866023992864433,0.976
P14,1.6,16,-131.41990252361063,762.8831303218984,0.0,0.0,1.602270016455819,1.588321063423307,0.976
P14,1.6,17,-118.65329863198141,755.1292999049296,0.0,0.0,1.5936531768922169,1.5927399524548234,0.976
P14,1.6,18,-105.61775128852157,739.196061032305,0.0,0.0,1.590042464019193,1.598836308233951,0.976
P14,1.6,19,-92.46893707755318,715.3408705533964,0.0,0.0,1.5927996659547465,1.6035372319683716,0.976
P14,1.6,20,-79.00704950969396,684.8020481281214,1.6465238621833163,0.623946028636275,1.599553322049277,1.604840764687919,0.976
P14,1.6,21,-66.48315761118323,649.8303934622958,1.8983015007611033,1.0768758993285878,1.6065006929312209,1.603458772828692,0.976
P14,1.6,22,-55.52476385003429,611.9439003476001,1.473583019427978,1.6943087307755604,1.6111573299246063,1.600897070490971,0.976
P14,1.6,23,-45.83756415811995,572.2339227111797,1.7615497752191025,1.9539036166686115,1.6129122436401135,1.5988367782403363,0.976
P14,1.6,24,-37.29367632014502,532.7113108567022,1.9607316561295192,1.5380874616714164,1.6129876424934682,1.5982254301658136,0.976
P14,1.6,25,-30.77543364112531,496.0591098523068,1.739333287738285,1.2245619755608823,1.6125021653709577,1.5984736997646436,0.976
P14,1.6,26,-25.12695712801657,463.4804635661053,1.6832593411811245,1.2924935787524368,1.6115317319215174,1.598765647818673,0.976
P14,1.6,27,-20.056474173706178,435.0065209114839,1.9344042057902675,1.1903813807625467,1.6104453372452197,1.599214359593787,0.976
P14,1.6,28,-16.037269123149937,411.0861329294302,1.2615646855462717,0.7221477696422065,1.6094797191659986,1.5999002653482095,0.976
P14,1.6,29,-12.79812044211958,392.4682393053752,0.4705045694746705,0.39909215173652146,1.6089640295052186,1.6000641555352424,0.976
P14,1.6,30,-9.505926140978193,379.4369701805775,0.5640615719254576,0.42217365101037324,1.6088445900038064,1.5996023106624513,0.976
P14,1.6,31,-6.09299532900351,371.71870103977636,0.5699228266372894,0.3373421664470825,1.608078922824364,1.5991962893143492,0.976
P14,1.6,32,-2.722100538886242,369.3101195681312,0.4958982209520927,0.1751638300226814,1.6068433829473927,1.5989694912569123,0.976
P14,1.6,33,1.4224164878285395,372.5382326659902,0.9899508362226375,0.3302890811645949,1.605637586985682,1.598840393917879,0.976
P14,1.6,34,6.1232812811360136,381.3129449005276,1.4828264906318531,0.6908397829017913,1.6045792282445686,1.5990024329315828,0.976
P14,1.6,35,11.370102547433824,395.12253684071163,0.8308079836789667,0.7705024141184931,1.6035869148210553,1.599272341862652,0.976
P14,1.6,36,17.58375669563839,413.6738625847788,0.17603435128635891,0.5339667280062276,1.6024379872899894,1.5992480430644074,0.976
P14,1.6,37,25.00450984319701,436.95847795325335,0.2500167255994112,0.3444424995219712,1.601744363567252,1.5989994255753757,0.976
P14,1.6,38,33.252507605193045,464.4550454675538,0.4371674965115596,0.3726126765188947,1.6015241868515422,1.5990630375673256,0.976
P14,1.6,39,42.711544811178825,495.0326029209838,0.632112349432367,0.5088578411541812,1.6012097295945407,1.5996156210927335,0.976
P14,1.6,40,53.81672554258118,527.8165078868061,0.9557287228245219,0.6681409650462022,1.600955050539247,1.5997750620408508,0.976
P14,1.6,41,65.91482480818709,562.0474411074762,1.0038495516173862,0.651448260764076,1.6006333125044943,1.5995025483245475,0.976
P14,1.6,42,79.08964775589014,596.4568052957864,0.0,0.0,1.6002720106919355,1.5993216089092026,0.976
P14,1.6,43,93.60911151458373,629.6298000598015,0.0,0.0,1.600523270709252,1.5993299409334245,0.976
P14,1.6,44,109.07441296497225,660.5521283310181,0.0,0.0,1.60147651611097,1.599814595558487,0.976
P14,1.6,45,124.82414403412699,688.0668338122739,0.0,0.0,1.602571572966806,1.6001411381880324,0.976
P14,1.6,46,140.9622815095434,710.247149184218,0.0,0.0,1.6031642604151224,1.5997746701770887,0.976
P14,1.6,47,157.15659728294423,725.2936013052818,0.0,0.0,1.6034439673922316,1.5993853072886837,0.976
P14,1.6,48,172.37096550877297,732.027721637456,0.0,0.0,1.6040744493621357,1.5997674420411394,0.976
P14,1.6,49,186.2428088071228,728.8346327822775,7.781381695248575,10.26467951789568,1.6051969872143241,1.600493314657374,0.976
P14,1.6,50,198.0851963382928,713.386704641284,5.871201500649231,50.11178051556788,1.606767127257179,1.6006361257005262,0.976
P14,1.6,51,206.1275813334188,683.9530900648806,-1.526349091867029,116.0038341573444,1.6078577760922392,1.6002787765186666,0.976
P14,1.6,52,208.8050496939611,640.2595246983809,-17.70725572104036,207.29220089162868,1.6081517442683504,1.5997092542913567,0.976
P14,1.6,53,205.0537548670359,582.650364963923,-43.859536704450406,314.3218376469861,1.6084612449668392,1.5994185532798886,0.976
P14,1.6,54,193.27621235732852,512.0889968226832,-75.40112674173272,420.57397525137736,1.6091957262725334,1.5996174874227709,0.976
P14,1.6,55,173.55343089475497,431.4356249940418,-103.6941797337262,508.4320932817704,1.6100195301975373,1.5996876305766834,0.976
P14,1.6,56,147.5747820810223,345.43045858123304,-123.87503850433696,567.7844959344671,1.609926335771724,1.5986879857770129,0.976
P14,1.6,57,116.67472778996321,260.0225970770758,-136.81501748441022,601.3947573972292,1.6085436082353992,1.5931292659781906,0.976
P14,1.6,58,84.16362853742677,181.76821053726977,-145.0913411051777,620.9841302618252,1.6064584570283373,1.5782001685471871,0.976
P14,1.6,59,54.11376466616617,116.66505110167058,-149.96358704523539,638.2703636971272,1.6036547927515696,1.5565752391167924,0.976
P14,1.6,60,29.43662323932782,67.57360310770679,-152.68878577563686,658.6830142839685,1.6001189724789406,1.541369715937117,0.976
P14,1.6,61,11.725637584407972,33.25987235056371,-154.05896337693548,681.7605396517644,1.5958052007131922,1.5486151928729432,0.976
P14,1.6,62,1.4474404294632275,11.249898357405904,-153.25875965115142,705.2242159598859,1.5909889590929869,1.5737511828996755,0.976
P14,1.6,63,0.0,0.0,-150.07611064989618,726.7510491112358,1.5873255472334153,1.5991510181228386,0.976
P14,1.6,64,0.0,0.0,-144.90836992931162,743.5414014974158,1.586098721710047,1.6139153703644389,0.976
P14,1.6,65,0.0,0.0,-137.56470068191467,752.6336373070018,1.5878261349762095,1.6125971015497005,0.976
P14,1.6,66,0.0,0.0,-127.49746272707397,752.3567959259967,1.5917740478993778,1.6008507482814232,0.976
P14,1.6,67,0.0,0.0,-115.93338286480305,742.7451481127712,1.597075127525421,1.5904050603754825,0.976
P14,1.6,68,-0.17156518464176332,0.10668571543111867,-103.38904128255857,724.3391089189735,1.602444634236252,1.5863981383873476,0.976
P14,1.6,69,0.6180841799065585,0.7513464867636559,-89.51321586295796,698.0724277839957,1.604666597362478,1.5891296602891394,0.976
P14,1.6,70,1.2158276976195455,0.7941442895349079,-75.74789667384115,666.0318536503723,1.6036606658687544,1.5956627361561984,0.976
P14,1.6,71,1.2527890328115994,1.0707216321041515,-63.23131738495567,630.4315475291736,1.6014681043001868,1.6023252026506294,0.976
P14,1.6,72,1.427478095187599,1.4072038910584532,-51.781111867751505,592.5983639735151,1.5991184119739412,1.6078772852424763,0.976
P14,1.6,73,1.5883598149880527,1.1350748145064236,-41.39373034677377,554.042665426531,1.597938529927663,1.6113331847907892,0.976
P14,1.6,74,1.3527361616582882,0.5804867860130697,-32.932369866161736,517.170244151291,1.5982207436070432,1.612847263837056,0.976
P14,1.6,75,1.1186855454915177,0.5679064238155572,-25.99852594406219,483.8163211112984,1.599163744340297,1.6132025480804408,0.976
P14,1.6,76,1.186333848122129,0.8925100846269528,-19.991612858245,454.33436009128985,1.5998383090174002,1.6128624291133247,0.976
P14,1.6,77,1.0096962876385367,0.755351225201574,-15.46008320882514,428.91677640558873,1.5999113520866952,1.6121425444198991,0.976
P14,1.6,78,0.4291804594851074,0.18941411048244675,-12.171123802123937,408.1767214806607,1.5999655974711249,1.6114852929908914,0.976
P14,1.6,79,0.0,0.0,-9.020142018760962,392.1937910860226,1.5998839927760513,1.611068641848264,0.976
P14,1.6,80,0.0,0.0,-5.814166417385347,380.48975062901565,1.599571808350977,1.6101481700422944,0.976
P14,1.6,81,0.0,0.0,-2.6800472839011653,373.17742066246103,1.5995364950554458,1.6085208223655718,0.976
P14,1.6,82,0.7081514971574872,0.026500178324773367,1.4626468515703044,371.13808056153897,1.599622583271917,1.6069973975677179,0.976
P14,1.6,83,0.9206004390354144,0.23845840843081098,6.921000912125,374.84250639652777,1.5995795953074485,1.605840070787633,0.976
P14,1.6,84,0.6455408066399126,0.4357664318844347,12.836958975005462,384.16582069595967,1.5996392277927975,1.6044274824391678,0.976
P14,1.6,85,0.2709364327383334,0.48645252157220953,19.132104473105105,399.2946609235012,1.5998169979294243,1.60323110226721,0.976
P14,1.6,86,0.26849354896129013,0.5491749237806118,26.230270541113086,420.5164476554146,1.5995489142084791,1.602620505941985,0.976
P14,1.6,87,0.3964937067731608,0.8639652717664967,33.61090474674055,447.07352937715075,1.5989870053083823,1.6023048714137955,0.976
P14,1.6,88,0.5532039058345183,1.2724835873325009,40.918015651124776,477.3930678593672,1.598780181594028,1.6025273826086603,0.976
P14,1.6,89,0.8052893399402661,1.4515356512872049,48.887126783784495,510.39510126563493,1.5990359553193163,1.6031029551701612,0.976
P14,1.6,90,0.810371943152497,1.3750187328597059,57.86707640658348,545.2378425969922,1.5993733178964455,1.602921501105472,0.976
P14,1.6,91,0.26755235569427166,1.0514115111817304,67.93801755487297,580.2850006769299,1.5995892315313784,1.6017895682638006,0.976
P14,1.6,92,-0.24654206926700106,0.08273838615288256,79.57523562083261,613.7421993378751,1.599679301036055,1.6006373400469167,0.976
P14,1.6,93,0.0,0.0,92.8841262533022,644.7885187157409,1.599719487502958,1.5997008273455495,0.976
P14,1.6,94,0.0,0.0,107.23055254156385,672.9318778853078,1.5996610827085322,1.598780254843954,0.976
P14,1.6,95,0.0,0.0,122.3317854234781,696.8775402364041,1.5995506931179588,1.5983273585076656,0.976
P14,1.6,96,0.0,0.0,138.05128993592837,715.065012661816,1.5994076051255137,1.598915009413762,0.976
P14,1.6,97,0.0,0.0,153.56712207057782,726.4828871828663,1.598961153254469,1.6004306832877722,0.976
P14,1.6,98,0.0,0.0,168.22098860037786,729.8587220516464,1.5991065025216122,1.6022159229995496,0.976
P14,1.6,99,8.661626838999178,11.511368605897625,181.6865989691631,722.9099215294318,1.5997435931312074,1.6042892444988621,0.976
P14,1.8,0,8.07103486353552,11.795721979911772,199.9747522830361,707.8863906521057,1.7996561099142552,1.8066209312656807,0.913
P14,1.8,1,5.716340770365032,59.147130525529995,209.68671662317576,681.8296885984481,1.799564772103458,1.8088615227497995,0.913
P14,1.8,2,-2.471653003589914,136.75688040735096,213.99430165689884,642.3223949245236,1.7998578662111564,1.810240665320411,0.913
P14,1.8,3,-19.583618488839907,244.2803109978655,211.72429678506194,589.4077471710198,1.8001127517163735,1.810798668570264,0.913
P14,1.8,4,-48.259417697933245,370.8661416860819,201.93695821690096,523.942910455763,1.7996629633138073,1.8111597463983884,0.913
P14,1.8,5,-85.452364798719,497.86200188366655,183.45248174928304,447.82480457605266,1.799111007541366,1.8113374082009437,0.913
P14,1.8,6,-120.83362149424394,605.7128488020354,157.0835496632028,364.7463889346771,1.7989403576874827,1.810953203813012,0.913
P14,1.8,7,-148.48289556388684,682.7265642387106,126.75889464312458,280.0373289564038,1.7995830509873114,1.8102741655099497,0.913
P14,1.8,8,-168.15481762606927,729.277315312215,93.88646032174819,200.13120976733268,1.7982050596604742,1.809052838493628,0.913
P14,1.8,9,-180.3717418411466,755.5619194485387,61.290281772529,131.12775678199134,1.7861640552676903,1.8066812998177135,0.913
P14,1.8,10,-186.15487289394622,773.5330102934756,34.86076333499392,77.22526843904684,1.7615029858191178,1.802922233671385,0.913
P14,1.8,11,-185.69807856284217,789.4858665125785,15.761082511210905,39.3210472318832,1.7380570840443295,1.7974877547470058,0.913
P14,1.8,12,-181.5969533597724,803.5545665966322,3.7238417284347864,15.092621622159706,1.7312152936279404,1.791490788358807,0.913
P14,1.8,13,-174.4949648303709,813.865817668173,-2.4667731899375385,1.3287995261251642,1.745266473331133,1.7870866034570811,0.913
P14,1.8,14,-163.68326343159234,819.2877502230192,0.0,0.0,1.7726864883323428,1.7849290588869708,0.913
P14,1.8,15,-150.69030360193514,818.8894582736932,0.0,0.0,1.7982586195701091,1.7851628613227433,0.913
P14,1.8,16,-136.77464751426658,811.2066332309629,0.0,0.0,1.8116831811798553,1.788489727978153,0.913
P14,1.8,17,-121.7227407011929,794.8221638153209,0.0,0.0,1.8128621960119788,1.7942141964194847,0.913
P14,1.8,18,-104.76477575854548,769.2770789700279,0.19049561295074618,0.04526910026150777,1.8067350023284814,1.800187805075146,0.913
P14,1.8,19,-87.8803919377821,735.2792467809336,0.8834701373155593,1.8453128029276993,1.8004258536335076,1.8043027860992829,0.913
P14,1.8,20,-72.30138474417592,693.8079226767587,1.0021163164369289,3.0809586802945454,1.798382683953445,1.8049776332617868,0.913
P14,1.8,21,-57.316807347662746,646.5727777221554,1.617254694419123,3.7079609470004153,1.800647318017468,1.802966334286729,0.913
P14,1.8,22,-43.86692812507435,596.331066064192,2.2213211952530942,4.076106277391934,1.8058255075492662,1.8006531410860789,0.913
P14,1.8,23,-32.73471301154694,545.4666619998543,1.7428892459630698,4.289336356086549,1.8116532487768715,1.7990362486563045,0.913
P14,1.8,24,-23.766586411962084,495.6827210913002,1.4389758166077282,4.248955134907214,1.8160064412506343,1.7979589636200712,0.913
P14,1.8,25,-16.277629194349025,448.8969706346397,1.8582437943744217,3.9382897825862893,1.8184136204839312,1.7978265020340305,0.913
P14,1.8,26,-10.422909583571807,407.5647568213566,1.877896116732157,3.5610985478956745,1.8189428125168214,1.7986454012769972,0.913
P14,1.8,27,-6.523642124886928,373.4502745960752,1.5887652098590297,3.2347051315918582,1.8182911938712822,1.799711006594402,0.913
P14,1.8,28,-3.5089502675106203,346.77423421157073,1.7960871969893266,2.7947562052886474,1.8169171250410487,1.8002667628368478,0.913
P14,1.8,29,-1.0401029408325433,327.2850791737989,2.151096037032936,2.174921921930289,1.8149317226995136,1.800324049874847,0.913
P14,1.8,30,0.5974188685039982,315.0455306205698,1.5880270329095207,1.5156959766070512,1.8129557027312413,1.79993120277131,0.913
P14,1.8,31,1.8820072701112536,309.9782103240398,0.8499188578040409,0.9401893295706112,1.8113688646092354,1.7993238576323727,0.913
P14,1.8,32,3.61998014234687,311.5853464728361,0.9046081445355265,0.480765283386492,1.8095482199045483,1.7992488192466833,0.913
P14,1.8,33,5.934896226531266,319.29582736906394,0.9766213822686806,0.10581003311892404,1.80755302596205,1.799617818718415,0.913
P14,1.8,34,8.802955032580982,332.7948326081222,0.0,0.0,1.8056978895622355,1.7995930054630986,0.913
P14,1.8,35,12.85430807595538,351.74308479440623,0.0,0.0,1.8042066679565687,1.7993187556878134,0.913
P14,1.8,36,18.232091115176708,375.61962473592604,1.0342563659614652,0.14787590604554965,1.8030198852373336,1.799272985914383,0.913
P14,1.8,37,24.917478200184537,403.79348529119295,0.7113270610527418,0.3770740101510414,1.801925427940352,1.7994424114128826,0.913
P14,1.8,38,33.43817224351118,435.5127911577176,-0.09493512526314571,0.5789932867712205,1.800710229782078,1.7998071485177436,0.913
P14,1.8,39,44.22672185843598,470.11655712303167,-0.3147021226633076,0.7371652013425793,1.799919187669357,1.8000320148445341,0.913
P14,1.8,40,57.05221522492726,507.0851712278793,-0.1572112705743132,0.6708998475337828,1.7993838301607024,1.7996631698005547,0.913
P14,1.8,41,71.47543404090645,545.4568162287948,-0.14349394668762325,0.07650763650458939,1.7989877787195638,1.7992276669857605,0.913
P14,1.8,42,87.56221470812685,583.6758744661294,0.0,0.0,1.7990114502777599,1.7993411742000969,0.913
P14,1.8,43,104.94093206422716,620.1207317813534,0.0,0.0,1.799435713732752,1.7995096252423872,0.913
P14,1.8,44,122.7119008592404,653.369943985379,0.0,0.0,1.8002296561338333,1.799432866774082,0.913
P14,1.8,45,140.58208638047176,681.9713183310608,0.0,0.0,1.801626329373735,1.7992967113557212,0.913
P14,1.8,46,158.44575929154036,704.2165228754866,0.0,0.0,1.8030010864449604,1.7995472545484452,0.913
P14,1.8,47,175.44946273655466,718.2387636839736,0.0,0.0,1.8040130640062881,1.7998708984172707,0.913
P14,1.8,48,190.73662049630974,722.1156523944769,0.0,0.0,1.8052537163463844,1.799934186329576,0.913
P14,1.8,49,203.81018569545532,713.9458059391634,7.674786414519341,6.62271106788643,1.8064893375144149,1.7995975132008717,0.913
P14,1.8,50,213.59580592086303,692.352367302438,5.719946550309718,46.03671679615023,1.8075200954332915,1.7990432004091033,0.913
P14,1.8,51,218.2714338874933,656.8444392759621,-1.4752698502003967,112.71929177789471,1.808341674318267,1.7990117836667943,0.913
P14,1.8,52,216.3461727317545,607.6542023411239,-16.892621362456303,208.5632687970219,1.8086549766172118,1.799418148826267,0.913
P14,1.8,53,207.01367049314982,545.6298212777341,-42.6844363627241,326.87056705002755,1.8090481224793205,1.7996711464032982,0.913
P14,1.8,54,189.38877289912583,472.47776121169665,-77.41441580040421,453.03680237772727,1.8097903593373328,1.7995056798327282,0.913
P14,1.8,55,163.75001640007312,391.42923579656144,-113.83047846577675,569.3644639423751,1.8102381682735713,1.7990695524044442,0.913
P14,1.8,56,133.19245439147448,307.44452462114936,-144.17079513629068,661.2318693630107,1.8102778517841085,1.7981041213606395,0.913
P14,1.8,57,100.69423465593317,226.4383261099915,-165.97718000077072,722.9767793388645,1.8097580794875148,1.7935496103023179,0.913
P14,1.8,58,68.57378665269496,154.22170951235768,-180.34405369603908,758.9994130101916,1.8080321485724027,1.7796828985711495,0.913
P14,1.8,59,40.71327546545687,95.31237404983399,-188.35581902482377,779.0025339822752,1.8053584662150848,1.7555504061214626,0.913
P14,1.8,60,19.924845707792784,51.94683486308155,-190.498217120758,791.6187826583839,1.8016907701393736,1.7349183008918143,0.913
P14,1.8,61,6.545673435445224,23.41022851587358,-188.36215793762392,801.1325948386777,1.7964917920589407,1.7335317082827633,0.913
P14,1.8,62,-0.6255136046729163,6.7532953674223455,-183.0732962707602,808.4031285690182,1.7909415964379085,1.7501038272872347,0.913
P14,1.8,63,0.0,0.0,-174.42930900406057,812.8982424225471,1.7865975253785669,1.776316831018717,0.913
P14,1.8,64,0.0,0.0,-163.01787988678407,813.4549846334764,1.7844722783097957,1.8012007762216435,0.913
P14,1.8,65,0.0,0.0,-150.1922094439101,808.293649821425,1.7850810409602051,1.8130535132117105,0.913
P14,1.8,66,0.0,0.0,-136.31983281699925,795.5202881760755,1.7882175898898756,1.8125223228512435,0.913
P14,1.8,67,-0.4018367735055192,0.1035444982916439,-120.7788533173534,774.1308301904427,1.793664218296783,1.806985150808443,0.913
P14,1.8,68,0.20135225361064257,0.8440008374373287,-104.46883717598168,744.2981439597822,1.7999877476825135,1.8013211721276006,0.913
P14,1.8,69,0.31276426312702665,1.2306649931282874,-88.60041345549199,706.7674270265417,1.8042663462107509,1.7986850554349112,0.913
P14,1.8,70,0.3934514259681683,1.2832970764522447,-72.93416281562038,662.8336960402404,1.805153550959043,1.800490185434466,0.913
P14,1.8,71,0.6987153478717859,0.987774425324622,-57.90541493762507,614.741339197264,1.8035670901274197,1.8047460917371523,0.913
P14,1.8,72,0.6407313773036092,0.5883375145346604,-44.69991871572856,565.18229295947,1.8008043033687366,1.809792690274898,0.913
P14,1.8,73,0.3595992151369076,0.30233971336636034,-33.571225997432734,516.3748620139539,1.7987595217460508,1.8144643035507324,0.913
P14,1.8,74,0.4275691319260872,0.11397418215800792,-23.978045978452734,470.0357112816727,1.7980175119058033,1.8175862361210318,0.913
P14,1.8,75,0.0,0.0,-16.003082421247637,427.89091739919144,1.7978452023172498,1.819276223235914,0.913
P14,1.8,76,0.0,0.0,-10.10258539493468,391.53806914246485,1.7984275237175837,1.8196555179388263,0.913
P14,1.8,77,0.0,0.0,-5.698337939118652,361.74760032979873,1.799530199242473,1.8184661250313208,0.913
P14,1.8,78,0.0,0.0,-2.1113550711500135,338.5228957393468,1.8002965303667338,1.8163542054194302,0.913
P14,1.8,79,0.0,0.0,0.5663182452099886,321.91534748985424,1.8005462227162872,1.8144481006536817,0.913
P14,1.8,80,0.0,0.0,2.6892673530138183,312.19913408535734,1.8001293333229553,1.8127946667031956,0.913
P14,1.8,81,0.0,0.0,5.228750516807834,309.328815032872,1.7996070437038898,1.8107570999209375,0.913
P14,1.8,82,0.0,0.0,8.436907829068428,312.8032199537818,1.7995652826875184,1.8083811132322858,0.913
P14,1.8,83,0.0,0.0,12.000572630854075,322.28085836384236,1.7995281205987363,1.8059833314954494,0.913
P14,1.8,84,0.0,0.0,16.26776007442307,337.8755526704842,1.799362631622265,1.8042112755329707,0.913
P14,1.8,85,0.0,0.0,21.647161429897178,359.5831216549146,1.7993979293994948,1.803102425068284,0.913
P14,1.8,86,-0.12447413181210391,0.2885012448718158,27.789266943185964,386.85894473746316,1.7993972375079603,1.802128716206838,0.913
P14,1.8,87,-0.5199327358061556,0.6556144492688748,34.50192385235141,418.870122724846,1.7995749883711865,1.8012462570778838,0.913
P14,1.8,88,-0.8055972160417971,0.9587715229472776,42.28209251006001,454.72981150903837,1.7999517720186797,1.8006411908870061,0.913
P14,1.8,89,-0.7656549364538185,1.0811341271306012,51.45704916614184,493.28393670275824,1.7999728608758228,1.8003899443867621,0.913
P14,1.8,90,-0.6455207274073903,0.8774060364494978,61.887373667331815,532.9305913199772,1.7997157249035525,1.8001172234379683,0.913
P14,1.8,91,-0.4598795457705161,0.09966265199020105,73.77822703498886,571.9755761702355,1.799438284110516,1.7994708052753488,0.913
P14,1.8,92,0.0,0.0,87.50972592722007,609.0748690736035,1.7993037128250955,1.798998636941591,0.913
P14,1.8,93,0.0,0.0,102.83249683377623,643.0934394609422,1.7994471272758794,1.799026077974704,0.913
P14,1.8,94,0.0,0.0,119.30634736679148,672.7655579310937,1.7995558513673917,1.7992926475708775,0.913
P14,1.8,95,0.0,0.0,136.74905040149534,696.7142091395891,1.799444370423331,1.7998405019969914,0.913
P14,1.8,96,0.0,0.0,154.65941791291263,713.6071068411449,1.7994732945828402,1.8006095581789983,0.913
P14,1.8,97,0.0,0.0,172.03887692779927,722.0648811473394,1.7995849130733161,1.8016193073318978,0.913
P14,1.8,98,0.0,0.0,187.9349501183632,720.5039811429581,1.7996966385390374,1.8033275592213234,0.913
P14,1.8,99,8.068668915700078,11.78936139622565,201.45638813989828,707.3223064169548,1.7997285081203889,1.8057849233143892,0.913
P15,1.0,0,14.485455763720664,10.896415533401846,81.90934036061753,750.1811676079379,0.9997161922967757,1.0006827079183522,1.167
P15,1.0,1,25.004920290495047,41.27241611837265,88.25038300540756,743.860874666959,0.9999215431622201,1.0003452896058946,1.167
P15,1.0,2,32.12375222957949,90.07889591129216,95.94506392996257,731.3781654726921,0.9998389501626468,1.0004108079965064,1.167
P15,1.0,3,27.456903115987306,154.2649174035938,104.31761735769389,711.1937852151292,0.9995029397036027,1.0013454844590643,1.167
P15,1.0,4,10.564188202207793,228.10232143299615,112.18903143405903,681.5420926693992,0.9992039275270721,1.0025288922909261,1.167
P15,1.0,5,-11.820222060129048,302.69815069231123,119.6440053394778,641.0990143962817,1.0005973399203147,1.0036370898286537,1.167
P15,1.0,6,-35.524135888129784,367.1013635537719,124.72179758038385,587.8958795138126,1.0050630888332401,1.004961708746451,1.167
P15,1.0,7,-57.17324064599034,415.09309865324195,124.83390442117208,520.6353297594361,1.0042298469108848,1.0059952704218644,1.167
P15,1.0,8,-73.34510451109432,448.52533019989596,119.1565702280487,441.39889485917524,0.9905953737132469,1.0071316133933,1.167
P15,1.0,9,-84.89137737843575,474.4732110225843,105.70487474046611,354.9981088388669,0.9731785001502334,1.008494052594443,1.167
P15,1.0,10,-92.58102958545103,499.78064151815744,84.58811507845094,267.93010723720647,0.9658699567825016,1.0092438158058639,1.167
P15,1.0,11,-96.16848344178997,529.4010330453631,59.842569353920645,188.75689406360058,0.9704084497143907,1.0093241318118549,1.167
P15,1.0,12,-97.41169717800722,565.0134040255376,35.25539659370866,124.72043288311454,0.9826112751893569,1.009079532436438,1.167
P15,1.0,13,-96.64482375074552,603.7598000821771,16.00199828529051,77.70427984116894,0.993884454297267,1.007964704982125,1.167
P15,1.0,14,-93.37488829360593,641.4498955549512,4.158096246529574,45.690071653585946,0.9993757527326497,1.0050876108319957,1.167
P15,1.0,15,-89.2838893687607,675.4349305326874,-2.352885642358605,25.526776425297754,0.9984737468196201,1.0001912532332127,1.167
P15,1.0,16,-84.35938630284811,703.8413654733869,-4.359452586831605,13.214886394974727,0.9947918133376713,0.9946740955927152,1.167
P15,1.0,17,-78.56759140349676,725.057241933865,-3.619295411019196,5.460662362867947,0.9922098531726843,0.9922864389479613,1.167
P15,1.0,18,-72.92479356379538,738.2447699781981,-2.310675237409919,0.9764568139776005,0.9925946618484277,0.9945262911049895,1.167
P15,1.0,19,-66.88786334637108,743.728594878648,0.0,0.0,0.9951961443757423,0.9986253351949379,1.167
P15,1.0,20,-60.91228354048114,742.7133466173298,0.0,0.0,0.9982561163852816,1.0018945969486426,1.167
P15,1.0,21,-55.43684597332064,736.0926437124373,0.0,0.0,1.0006028450812188,1.0026506837511284,1.167
P15,1.0,22,-49.59992729330523,724.5470612398162,0.0,0.0,1.0017191617244199,1.0020332145829316,1.167
P15,1.0,23,-43.84935437428407,709.6366889302702,0.0,0.0,1.002010353017093,1.0013709315783428,1.167
P15,1.0,24,-38.501182272964584,693.4347845405696,0.0,0.0,1.001989022837544,1.000796172977636,1.167
P15,1.0,25,-33.00259283128074,677.4047679662248,0.0,0.0,1.0022486219351214,1.0002068073044035,1.167
P15,1.0,26,-27.80934888617774,662.4392209148684,0.0,0.0,1.0031268854972466,0.9997180073841135,1.167
P15,1.0,27,-22.817393759768773,649.4086407789271,0.0,0.0,1.0040555779351203,0.9991818361330311,1.167
P15,1.0,28,-17.98989025016625,639.2085582561659,0.0,0.0,1.004521274296546,0.9991221125164509,1.167
P15,1.0,29,-13.828078971688567,631.8463134530284,0.0,0.0,1.0046024294112803,0.9994162679570803,1.167
P15,1.0,30,-9.83032684292563,626.6444541302359,0.0,0.0,1.0045887730194476,0.9999165776696665,1.167
P15,1.0,31,-6.032594755477088,623.6724576519717,0.0,0.0,1.0040408136339058,1.0002591510809662,1.167
P15,1.0,32,-2.6702115376593043,623.4601516288542,0.0,0.0,1.003206094309085,0.9999223816668591,1.167
P15,1.0,33,0.8295745528606375,625.7803053496261,0.0,0.0,1.0027114603853726,0.9992979749481831,1.167
P15,1.0,34,4.299580107951514,629.9417035506553,0.0,0.0,1.0025198324131646,0.998930759838232,1.167
P15,1.0,35,7.671671945049512,635.3852287225169,0.0,0.0,1.002169260543791,0.9991406037032482,1.167
P15,1.0,36,11.337333425706236,641.7830767253911,0.0,0.0,1.001313001780155,0.9996344046033304,1.167
P15,1.0,37,14.984486799187419,648.6634802769669,0.0,0.0,1.0008559498425407,1.0001175170098204,1.167
P15,1.0,38,18.931234422253294,655.1419392788047,0.0,0.0,1.0009748965510286,1.000349525406527,1.167
P15,1.0,39,23.539160305984343,661.0811213599956,0.0,0.0,1.0007534540207002,0.9998031570197292,1.167
P15,1.0,40,28.387579551312633,667.615385545652,0.0,0.0,1.0004658629736367,0.9994374515145219,1.167
P15,1.0,41,33.609585386189366,675.5457521481983,0.0,0.0,1.0006181523667994,0.9992713708276492,1.167
P15,1.0,42,38.95812893638051,684.7695777023921,0.4211779093275323,0.004451500351233534,1.000877002712942,0.999371305980534,1.167
P15,1.0,43,43.68811055989696,695.3124482470055,0.0,0.0,1.0008028426115612,0.9999174334679916,1.167
P15,1.0,44,47.77682978554815,707.2814595429346,0.0,0.0,1.0008515760962688,1.0001461207187683,1.167
P15,1.0,45,51.149977930700196,720.1017391438317,0.0,0.0,1.0012331053386787,0.9999763750918468,1.167
P15,1.0,46,54.04235823107207,732.7794070275758,0.0,0.0,1.0019562290514143,0.9995491417188669,1.167
P15,1.0,47,57.47730499113354,744.5704538777784,0.0,0.0,1.002461831813596,0.9990491579258773,1.167
P15,1.0,48,61.92002908984644,754.8265155585627,0.0,0.0,1.001917165505565,0.9992831466109221,1.167
P15,1.0,49,67.76438549932948,762.3995694387629,0.0,0.0,1.000843778869445,0.9999348500015203,1.167
P15,1.0,50,75.50215731197056,765.4912523349619,16.216364947964166,15.083947984229658,1.000154516987132,1.0000605325884204,1.167
P15,1.0,51,84.92102939555878,762.0858662199594,27.01470723931289,44.14975134567701,1.0000191949066823,0.9998323682962416,1.167
P15,1.0,52,95.67473556045948,750.3943708165369,33.93792180141826,87.9955067978474,1.000277918846624,0.9994730643005171,1.167
P15,1.0,53,106.84211181799189,728.5718056563265,30.163892657306242,144.26722597127915,1.0015060084319374,0.9992815679450101,1.167
P15,1.0,54,117.17226866601227,694.5360125520648,15.424245794939479,210.45267039669125,1.0031302846397268,0.9992747696939182,1.167
P15,1.0,55,125.92194905682474,646.5803570238443,-4.816328864228437,282.7871180425161,1.0047844022587695,1.0012730951774966,1.167
P15,1.0,56,130.71622485033203,583.5825335706195,-26.9163055645157,353.59841731538427,1.005971338410677,1.0050264170965426,1.167
P15,1.0,57,128.9300904194571,505.6935893021389,-48.03442177704899,414.30205909791886,1.006774832013223,1.0035430155769136,1.167
P15,1.0,58,119.24704649849136,416.4493174139134,-65.07939649535632,461.12515166172295,1.0080807893100079,0.99344434744381,1.167
P15,1.0,59,100.60704873974986,322.9733850777075,-77.89973293740022,496.5465632459089,1.009378728203556,0.9786428343829001,1.167
P15,1.0,60,75.12063609952625,233.78131513540131,-86.66426522654665,526.048359360058,1.0102098214601494,0.9694250972884308,1.167
P15,1.0,61,48.124537333133084,157.23454585537417,-91.42425479509478,555.0073672559323,1.0103491068776682,0.9698215647481859,1.167
P15,1.0,62,24.49701019616171,98.79511035476216,-93.52813521289261,586.0098645607824,1.0096248812998712,0.977475548515315,1.167
P15,1.0,63,7.769443716214928,58.275025352598426,-92.9953714809924,617.7848133217018,1.0073214534934258,0.987384696394803,1.167
P15,1.0,64,-1.9675265987818964,32.199302602755246,-89.9793057353239,647.948067990538,1.0022970741635397,0.9948923371773637,1.167
P15,1.0,65,-6.879137347550595,17.01990668088658,-85.69324134937897,675.190208147876,0.9955879190233807,0.9980872774164788,1.167
P15,1.0,66,-8.105778551957773,8.79958526398789,-79.97331321559179,698.5123519638886,0.9907819368446932,0.9963116603349526,1.167
P15,1.0,67,-6.8797177189723175,3.9515283749948265,-73.29924226302467,716.8657624159127,0.9914886719874408,0.9938820081646468,1.167
P15,1.0,68,-4.521465697707567,1.0222748370540347,-66.51167953634886,729.5321607888158,0.996225796949839,0.9932707735581922,1.167
P15,1.0,69,0.0,0.0,-59.35622154307112,735.7073457667572,1.0009222893800167,0.9951474015452255,1.167
P15,1.0,70,0.0,0.0,-52.533843068252125,734.6314689490099,1.0028021110206307,0.9983682073018182,1.167
P15,1.0,71,0.0,0.0,-46.27794944981794,726.5049731936526,1.0017174029721754,1.0009866875640723,1.167
P15,1.0,72,0.0,0.0,-40.09853963883748,712.7372061111548,1.0005132298848451,1.0023318797528467,1.167
P15,1.0,73,0.0,0.0,-34.58284811615588,695.3326143623522,1.0012556422834622,1.0022297425406583,1.167
P15,1.0,74,0.0,0.0,-29.461894588458325,676.6977061895027,1.0022509306615286,1.0018675931868806,1.167
P15,1.0,75,0.0,0.0,-24.324717662802723,659.0835545078231,1.0013989329523645,1.0022528040928735,1.167
P15,1.0,76,0.0,0.0,-19.624401250602215,643.800072106445,1.000051769129543,1.0038122258473643,1.167
P15,1.0,77,0.0,0.0,-15.02850157415106,631.6254376498506,0.9989929625239088,1.0049935174650035,1.167
P15,1.0,78,0.0,0.0,-10.383044157967586,622.9932014484039,0.9987735913023191,1.005350892349117,1.167
P15,1.0,79,0.0,0.0,-5.984221390124708,617.6560405595029,0.9993829477033764,1.0051733342346512,1.167
P15,1.0,80,0.0,0.0,-1.5323534442492666,615.4021498094345,0.9997508864273373,1.0043205750704265,1.167
P15,1.0,81,0.0,0.0,2.8776621715525117,616.2425091272431,0.9999871099598558,1.003514671603087,1.167
P15,1.0,82,0.0,0.0,7.122577198888541,619.7018152805065,1.000108526694272,1.0030154386635075,1.167
P15,1.0,83,0.0,0.0,11.525191015336995,625.0613803738665,0.9998480814937379,1.0028260299359053,1.167
P15,1.0,84,0.0,0.0,15.736841136934741,631.7885468816211,0.9990507165683209,1.0026245651514518,1.167
P15,1.0,85,0.0,0.0,19.752149048773116,639.2758752435439,0.9990598138267929,1.0025740089755075,1.167
P15,1.0,86,0.0,0.0,23.7798998909433,646.8281773845174,0.9995330530031793,1.0016221260737512,1.167
P15,1.0,87,0.0,0.0,27.515656859920085,654.0806878578653,0.9998341167607918,1.0007179473059427,1.167
P15,1.0,88,0.0,0.0,31.180763244883266,660.9872376950516,1.0000438544535077,1.0007163553356766,1.167
P15,1.0,89,0.0,0.0,35.16028977411399,667.7266900437951,0.9997378705407003,1.0006352057167238,1.167
P15,1.0,90,0.7303557328356866,0.01352145635331473,39.42499818401835,675.020168502238,0.999598828620127,1.0008239558795804,1.167
P15,1.0,91,0.48585980737949297,0.10349237679043027,44.27156861974561,683.7433831806629,0.9996746194126478,1.0009015134861396,1.167
P15,1.0,92,0.0,0.0,49.60589031759794,694.1307310195281,0.9994706878915465,1.000523628149562,1.167
P15,1.0,93,0.0,0.0,54.91045365260334,705.8562283096436,0.9993694860319975,1.000068608709366,1.167
P15,1.0,94,0.0,0.0,60.03072447493735,718.1949215857609,0.9996626028584942,1.0000276315195362,1.167
P15,1.0,95,0.0,0.0,64.64124133551002,729.9869170900653,0.9996935576924442,1.0006327361105594,1.167
P15,1.0,96,0.0,0.0,68.6578918757353,740.0438286807585,0.9994907759696495,1.001778383115351,1.167
P15,1.0,97,0.0,0.0,72.62703511418835,747.355343591015,0.9994900304863619,1.0025265499891927,1.167
P15,1.0,98,0.0,0.0,76.91099730014979,750.9622578896805,0.9995675707116582,1.0017157781842485,1.167
P15,1.0,99,14.475654700574802,10.893280849465523,81.9476015728772,749.950173033477,0.9996832838034951,1.000782159603327,1.167
P15,1.2,0,16.886573218787863,10.938529714407219,96.53028483512726,784.7643120054626,1.199885351865843,1.2002489508119465,1.1
P15,1.2,1,27.10401683233069,41.99879723984153,103.47726445158139,777.1028431381386,1.1994242352220714,1.2009404691736798,1.1
P15,1.2,2,33.95925182230762,91.90776938833832,112.52423215239983,762.7177723916493,1.199266515925989,1.2007363309865045,1.1
P15,1.2,3,28.872307196909013,158.11001696411967,122.41369353025459,739.609986924035,1.1995337864751536,1.2013445044802589,1.1
P15,1.2,4,10.28309261903073,235.3204178861215,131.75510173695815,705.4288776982878,1.1996817589909958,1.2032156587893204,1.1
P15,1.2,5,-14.965168381430459,315.9486472873333,140.031431370236,658.8015952985272,1.2017088435717258,1.2048927546257981,1.1
P15,1.2,6,-41.73406250994728,388.8654396137429,145.16734717580036,598.3264129772022,1.2061921487433316,1.2061276097491151,1.1
P15,1.2,7,-66.79542222881295,445.48205737613455,143.70244836925716,523.0681928811221,1.2038738878542221,1.2077097412678623,1.1
P15,1.2,8,-86.53156067156655,484.8566773798922,134.05961740774333,436.12397962963166,1.1883415303515545,1.2095412877661826,1.1
P15,1.2,9,-100.75461248839153,513.1455900754052,115.89629122690368,344.3946271699393,1.169678546583218,1.2102775443604892,1.1
P15,1.2,10,-111.04397905385262,538.297452565451,89.85997209179973,255.6375695899767,1.1599206030261109,1.2105831971212146,1.1
P15,1.2,11,-117.16065770260396,565.7576077338819,61.152165915603135,177.62741338791028,1.1635097473370266,1.211334006958224,1.1
P15,1.2,12,-119.32661215899188,597.7990013926574,35.4724377152175,116.56600906676574,1.1760126553731731,1.2104943712069698,1.1
P15,1.2,13,-119.11865309896746,632.8697985927257,16.41890129365776,73.55268094676032,1.1903614316754798,1.206975092045368,1.1
P15,1.2,14,-115.92836691696232,667.0105903494787,5.418659110874898,45.15078307613199,1.1994565428410853,1.201246810316126,1.1
P15,1.2,15,-110.10046255978764,697.3667708020012,0.3214181989633465,27.111443795499667,1.2001744669220433,1.1944768645610646,1.1
P15,1.2,16,-103.22017001002939,722.5725401146331,-1.5405250745921495,16.366193384821337,1.1961636937788764,1.1891450216914028,1.1
P15,1.2,17,-95.32226139624595,741.2500038014748,-0.8268851739760092,10.375146514194276,1.1921132313558251,1.1888861368309223,1.1
P15,1.2,18,-86.77852437616289,752.2010316351955,0.6963258925828989,7.180868541575731,1.1919516523564357,1.1942032685195645,1.1
P15,1.2,19,-78.59940141384284,754.8664632760044,1.658120327996949,5.744280944693252,1.195328946188114,1.2006858974079164,1.1
P15,1.2,20,-70.39215485901431,749.578772535972,2.458340767242872,5.223116593686564,1.199542122654656,1.2039495435178633,1.1
P15,1.2,21,-62.45007053359185,737.6604968377746,2.9572029460564115,4.888846972102743,1.2026352663943694,1.2040826893678036,1.1
P15,1.2,22,-55.25793814788708,720.6535137511095,2.9906909837917413,4.44127731119248,1.2041280811439996,1.2031015553786986,1.1
P15,1.2,23,-48.07341337245885,699.9362700916234,3.146794973689347,3.9002694685416315,1.2044708738104195,1.2015269956206251,1.1
P15,1.2,24,-40.876982181425504,676.9994618409406,3.1064982370395495,3.183079553915918,1.2040062009665846,1.1999094333525326,1.1
P15,1.2,25,-34.27936180811223,653.7184742261246,2.6829542983215746,2.265204190456397,1.2035951114443812,1.198743499469181,1.1
P15,1.2,26,-28.019456737692405,631.9544984266323,2.4898512439938747,1.317971179173726,1.2043428962500415,1.1983801911427245,1.1
P15,1.2,27,-22.14454826470319,612.7330853088221,2.298070998007092,0.4657037572931002,1.2057530572876858,1.199210302626202,1.1
P15,1.2,28,-16.856636226988517,596.375253169166,0.0,0.0,1.2067988527757307,1.2003907630802204,1.1
P15,1.2,29,-11.928665560701225,583.6753605770559,0.0,0.0,1.2068040782852434,1.2008336595006814,1.1
P15,1.2,30,-7.432216880854345,575.4873980726322,0.0,0.0,1.2059974148417578,1.2002045853684709,1.1
P15,1.2,31,-3.387112163561992,571.3590713937475,0.0,0.0,1.205150128276296,1.1994919735224103,1.1
P15,1.2,32,0.6434810430296141,570.434484509463,0.0,0.0,1.2042064363879257,1.1992511920517672,1.1
P15,1.2,33,4.448869133325191,572.8140972385672,0.0,0.0,1.203499216050308,1.1989876490631726,1.1
P15,1.2,34,8.146275539036315,578.6394885555709,0.0,0.0,1.2031439549400735,1.1994844068850476,1.1
P15,1.2,35,12.197513365805971,587.1038289866889,0.0,0.0,1.202536335583623,1.200043122433883,1.1
P15,1.2,36,16.52694827627834,597.2167513590396,0.0,0.0,1.2019290266772797,1.199365532926037,1.1
P15,1.2,37,21.300154502985432,608.3951250062155,0.0,0.0,1.2014861023961576,1.1991322511777296,1.1
P15,1.2,38,26.81691924212779,620.4094122463878,0.0,0.0,1.2009201699987035,1.1997850044250162,1.1
P15,1.2,39,32.68807890281849,633.36063464568,0.0,0.0,1.2008622485985805,1.1999990286714795,1.1
P15,1.2,40,38.977137070988896,647.338245369317,0.0,0.0,1.2008266032216595,1.1997045384057436,1.1
P15,1.2,41,45.83338940094328,662.4025387742106,0.0,0.0,1.2005073941747602,1.199609406513379,1.1
P15,1.2,42,52.514318705037,679.2021317973552,0.0,0.0,1.2003319619419452,1.1999520332033031,1.1
P15,1.2,43,58.725184648745675,698.2678448382376,0.0,0.0,1.200424374197699,1.1996412783815522,1.1
P15,1.2,44,64.44551589360427,718.5887004957368,0.0,0.0,1.201171926470366,1.1990557754477318,1.1
P15,1.2,45,69.21552860023527,738.4358820693693,0.0,0.0,1.201707247987056,1.1995672899906926,1.1
P15,1.2,46,73.42559479274244,756.9715697652721,0.0,0.0,1.201737571349074,1.2001342689272514,1.1
P15,1.2,47,77.8505150577372,773.8125919920456,0.0,0.0,1.201721777993287,1.1996985649421885,1.1
P15,1.2,48,82.72132876958209,787.8388272195737,0.0,0.0,1.2013767106238382,1.1993903219638438,1.1
P15,1.2,49,88.85015959090984,797.3112457538948,0.0,0.0,1.2009247862886332,1.1995452624357292,1.1
P15,1.2,50,97.14670037699541,800.6249400940859,13.985886796433629,11.591876822471997,1.201082507600217,1.199531217241828,1.1
P15,1.2,51,107.4276755527383,796.3963919141808,24.093878656811196,41.84833179684752,1.2011578875636875,1.1996051701635952,1.1
P15,1.2,52,119.53227927581756,782.8384578416768,32.31042979298801,90.00466925147336,1.2014959228084834,1.2000652617059218,1.1
P15,1.2,53,132.7899204428322,757.3160786032646,30.613940471484472,152.903427914746,1.2022438274755394,1.2000985009056384,1.1
P15,1.2,54,144.62470718487262,716.9480250092867,14.682380719759484,225.2925428031088,1.2033841521419701,1.19926452454381,1.1
P15,1.2,55,153.28482136323527,660.1317807734962,-9.658464771183413,303.2254826307168,1.204873006634737,1.1999196716276705,1.1
P15,1.2,56,156.80063362782116,587.0311069881918,-35.695024143436086,380.88074803385126,1.2066112175796933,1.203408062919428,1.1
P15,1.2,57,150.77102739071276,499.11549476880265,-61.15995768502861,450.03946401249215,1.2088228314985492,1.204193157829626,1.1
P15,1.2,58,133.9468378814807,401.17612382271625,-82.79621563713167,504.95679672684446,1.2108063779508718,1.1946074557722903,1.1
P15,1.2,59,108.37670925878824,302.7748151926956,-98.46912340996533,545.9350792955513,1.212103879611797,1.1768788612713277,1.1
P15,1.2,60,76.94399810716648,214.30889459881305,-109.96048120723552,577.5591292252645,1.2128950231060527,1.1633144422694195,1.1
P15,1.2,61,46.455312479821266,142.19366400653968,-117.10945765711772,604.5249582779353,1.2126782475127478,1.16091190397199,1.1
P15,1.2,62,23.366495656857587,89.111649904247,-119.80406097301093,630.0306181389884,1.2098301227025468,1.169206516321893,1.1
P15,1.2,63,8.080103832558363,54.574896387317416,-120.22763113295639,654.8636401672751,1.2036683176515415,1.1825606574667362,1.1
P15,1.2,64,-0.27051939734413677,33.95509183410028,-117.91024040332528,677.4865459781788,1.1948147851991902,1.193506955183161,1.1
P15,1.2,65,-3.2032067736336574,21.467666114728353,-112.19517225866753,696.5268889977107,1.1872072901473525,1.1993866615213717,1.1
P15,1.2,66,-3.435027680045919,14.057661080100335,-105.31379578073631,711.8008657555941,1.184873583892709,1.1989755687286783,1.1
P15,1.2,67,-1.8886210760590423,9.872392691421293,-97.04989234242944,722.8951765178242,1.189881073328985,1.1952084430524414,1.1
P15,1.2,68,0.6879211557474509,7.173668285422034,-87.06253559516111,729.0020489963387,1.1985842848011028,1.1936606787424802,1.1
P15,1.2,69,2.2114017760567934,5.390082304840573,-77.33330491458574,729.8495018521586,1.2043840299285191,1.1955688842902212,1.1
P15,1.2,70,3.0204652270997907,4.474730245869533,-67.65770496574069,725.060896568465,1.2053257864168305,1.1991531810375817,1.1
P15,1.2,71,3.786728908008525,4.075240287268274,-57.623684385146134,714.1001086100322,1.2030890785492299,1.2026403949067266,1.1
P15,1.2,72,3.6843926209712263,3.6769704136684234,-48.94017341924386,697.6536829511261,1.2008734054259478,1.2047895639938768,1.1
P15,1.2,73,3.2816929867215388,3.318761596505245,-40.89993189339086,677.5280349793723,1.1997109739918366,1.205583068450876,1.1
P15,1.2,74,3.41139704695292,3.168668027969927,-33.03719040047738,655.3192463202669,1.1992713394209698,1.2056187604271504,1.1
P15,1.2,75,3.3716158921960195,3.0323692559112514,-26.73004149780412,632.7617904551028,1.1992733631210364,1.2057873008073883,1.1
P15,1.2,76,3.1600704540686175,2.690864548537708,-21.09488927640899,612.1581909550639,1.1994266845536217,1.2063736949887,1.1
P15,1.2,77,2.9685985346183443,2.126774758977001,-15.370579999777002,595.0261945965386,1.1995380669781297,1.2065219408074206,1.1
P15,1.2,78,2.801698820490919,1.406831308110519,-10.832132773622938,581.67687217032,1.1995339990955338,1.2062031627445682,1.1
P15,1.2,79,3.0848869586054546,0.5266232919742126,-6.792385862790508,572.3887025197266,1.1996272256966658,1.2062481437138557,1.1
P15,1.2,80,0.0,0.0,-2.573332478967086,567.3207662215507,1.2001175250249394,1.2060635030286706,1.1
P15,1.2,81,0.0,0.0,1.0068050985155679,565.8388561942753,1.2003981451008578,1.2055624071414481,1.1
P15,1.2,82,0.0,0.0,4.532419439059521,567.5089383216848,1.1999081630167518,1.2043636458920401,1.1
P15,1.2,83,0.0,0.0,8.581412254168558,572.5066184149555,1.1993493677494262,1.2030588619546578,1.1
P15,1.2,84,0.0,0.0,12.468672750199785,580.2667297299498,1.1991506509389014,1.2025132330306474,1.1
P15,1.2,85,0.0,0.0,16.98712366731385,589.7012569513602,1.1994015025830396,1.2021060684876501,1.1
P15,1.2,86,0.0,0.0,22.336183663706752,600.5845093203527,1.199582731846211,1.2017550801055872,1.1
P15,1.2,87,0.0,0.0,27.72474992079402,612.8197226571242,1.1995082419763208,1.2013690627214617,1.1
P15,1.2,88,0.0,0.0,33.84874545201597,625.7269083922371,1.1994395582933857,1.2007318117589705,1.1
P15,1.2,89,0.0,0.0,40.73182885642383,639.4367635341498,1.1991975024558832,1.2003877447971263,1.1
P15,1.2,90,0.0,0.0,47.412018300587604,655.1575081008461,1.1991801457256925,1.2000458413169575,1.1
P15,1.2,91,0.0,0.0,54.33412439898886,673.4448590063726,1.1998992061758371,1.199886057023957,1.1
P15,1.2,92,0.0,0.0,61.38069956710783,693.8835239687504,1.2003755440014814,1.2007300984657223,1.1
P15,1.2,93,0.0,0.0,67.66651470296972,715.8072710210878,1.2000163594060056,1.2014356646641944,1.1
P15,1.2,94,0.0,0.0,73.50384501281374,737.6550669438394,1.1994682191611872,1.2013818529767029,1.1
P15,1.2,95,0.0,0.0,78.77961375111083,756.9322658946968,1.199195150811046,1.2012189288389696,1.1
P15,1.2,96,0.0,0.0,82.97376641305685,771.8125814441922,1.1994276404392823,1.2012926751471238,1.1
P15,1.2,97,0.0,0.0,87.04540782993347,781.6536063725625,1.1995589742250903,1.200912962737854,1.1
P15,1.2,98,0.0,0.0,91.506925011458,786.0168155709919,1.1996679820859755,1.1999898464443421,1.1
P15,1.2,99,16.747102178312865,10.939834053559474,96.55515927920382,784.4960403173897,1.1998933010596762,1.1999964031111996,1.1
P15,1.4,0,15.229090384678964,11.265661782310122,128.87621778716624,818.8719232660928,1.3996788881105051,1.4015922100445273,1.051
P15,1.4,1,23.173225627256436,48.755146686986755,139.84052544253527,808.3562398379001,1.3993916808616453,1.4021813681205377,1.051
P15,1.4,2,28.349451779631583,110.14093182150096,150.8343241217011,786.8742900668784,1.3994026577214012,1.4033495832448375,1.051
P15,1.4,3,23.231176501192042,192.12635432862544,161.51217357033752,752.9026381134806,1.3993612591740465,1.404964441190762,1.051
P15,1.4,4,2.675856308556071,285.1887932852514,169.69383762370606,704.4679339659867,1.3993727080253247,1.4063277214910492,1.051
P15,1.4,5,-27.600549835274556,378.20107714702795,172.43733681288973,640.1224177853635,1.4019429886739003,1.40714988152173,1.051
P15,1.4,6,-58.573803254670416,458.95010861996553,169.28231812560205,560.6246182133837,1.4048688243291274,1.4082783532676484,1.051
P15,1.4,7,-86.60528293444669,518.4483342265203,157.37584288211323,468.74853872177886,1.3960602497706673,1.4098992109648747,1.051
P15,1.4,8,-109.71403086917849,556.4830479363886,134.67236176068678,370.1542182740215,1.3739179988123793,1.4113327146684902,1.051
P15,1.4,9,-126.21535094382816,581.5768338798424,105.02255993314851,273.93344630581834,1.3548197243693938,1.411934692448821,1.051
P15,1.4,10,-137.5746124443964,604.7860374527706,73.03093025070028,189.86087451577396,1.3513076951957534,1.4109452725525553,1.051
P15,1.4,11,-145.30801969790076,631.847459358011,43.466573921958435,123.40798422094392,1.3635883863485385,1.4082877155814704,1.051
P15,1.4,12,-148.06334762982837,662.4945577173443,22.046481470635936,75.07744697286803,1.3824719772111276,1.4035150323316254,1.051
P15,1.4,13,-145.84631403110097,694.3981118920674,9.179226998526417,42.919445347749864,1.3979869802353972,1.3963357558184633,1.051
P15,1.4,14,-141.0982308072466,724.7891157397337,1.9966963174197159,23.241810558990657,1.4035625674194752,1.3880638855209264,1.051
P15,1.4,15,-132.83568119595017,750.4790937285504,-0.5262831800071138,11.609274497424229,1.3991437837222367,1.3848478823313108,1.051
P15,1.4,16,-121.62838330693157,769.0884330391087,0.12314521968918463,5.031195479372728,1.3924942706948389,1.3897150417860178,1.051
P15,1.4,17,-109.99283224441129,779.382353955648,0.9835926093923236,2.1486775692686213,1.3902521328606035,1.3977605083550602,1.051
P15,1.4,18,-97.8623958435598,780.3254668411147,2.220225698739121,1.507727986988117,1.3935709361731827,1.403731672555285,1.051
P15,1.4,19,-85.10878676713641,771.7236261120013,3.5145621484290808,1.6870747750593131,1.3993599236289722,1.4057097899034876,1.051
P15,1.4,20,-73.75706420289438,754.7515504910892,3.947620451920629,1.9992165304897154,1.404653286074487,1.4046276633107748,1.051
P15,1.4,21,-63.44975946935585,731.1104307670489,4.2748022209420915,2.1978082316513174,1.4084094124578475,1.4016973158228736,1.051
P15,1.4,22,-53.48659188705824,703.0843516793155,4.768717165856809,2.045929560046586,1.4097785451837566,1.3987270307964053,1.051
P15,1.4,23,-44.8213464080618,673.1668137164775,4.367742657700791,1.4876799291148544,1.4089478704074747,1.3978197823255756,1.051
P15,1.4,24,-37.19698013983577,643.1606626453361,3.938790737040501,0.8948530537120378,1.4076793417249498,1.3985049689840934,1.051
P15,1.4,25,-29.52442368553048,614.2233107537058,4.045621588746563,0.3691856333682902,1.4076748720645518,1.3992026944505955,1.051
P15,1.4,26,-22.8123160581678,587.6578463853252,0.0,0.0,1.4082438476618209,1.3993461586968516,1.051
P15,1.4,27,-17.161615623031217,564.8203108904146,0.0,0.0,1.4082527090846477,1.3998712649814986,1.051
P15,1.4,28,-11.741339395809822,546.5097616763368,0.0,0.0,1.4078065913270497,1.400679469420883,1.051
P15,1.4,29,-7.106577106730701,532.8532913879195,0.0,0.0,1.40767678163986,1.4005297637726573,1.051
P15,1.4,30,-3.3498055919693805,523.7923149726756,0.0,0.0,1.407328136671837,1.399384108639771,1.051
P15,1.4,31,0.3305590867556346,519.7632178691865,0.0,0.0,1.4064602236459502,1.3989863556228572,1.051
P15,1.4,32,3.625757976103679,520.8369818882018,0.0,0.0,1.4050874723706697,1.3996351151176027,1.051
P15,1.4,33,6.465632223237391,526.0143679532184,0.0,0.0,1.403624880753164,1.4001624155431363,1.051
P15,1.4,34,9.806422881643522,534.5378768063593,0.0,0.0,1.4027392204495988,1.4001979889343974,1.051
P15,1.4,35,13.484884921344845,546.4695591225911,0.0,0.0,1.4020359777882931,1.3998943507693573,1.051
P15,1.4,36,17.518973098482764,561.4215405676298,0.0,0.0,1.400932844777266,1.399569794754195,1.051
P15,1.4,37,22.628956643094263,578.5121223658449,0.0,0.0,1.4003313807165976,1.3993541707193013,1.051
P15,1.4,38,28.737869089809898,597.2760471253945,0.0,0.0,1.4004019605685334,1.3991965677540088,1.051
P15,1.4,39,35.71817086680405,617.447588057017,0.0,0.0,1.4003131550349572,1.3995598998022891,1.051
P15,1.4,40,44.05561736686669,638.9167230282275,0.0,0.0,1.3997172818962271,1.4001312204176946,1.051
P15,1.4,41,53.110899607291024,662.2155286784848,0.0,0.0,1.3997763294281271,1.3997843582903287,1.051
P15,1.4,42,62.20220332689411,687.7274536754067,0.0,0.0,1.4007921852519054,1.398980565276991,1.051
P15,1.4,43,71.34868756205125,714.8186116133279,0.0,0.0,1.4014681614153064,1.3991496751634154,1.051
P15,1.4,44,80.01603468699321,742.5088164808781,0.0,0.0,1.4016651305873402,1.4000503376838778,1.051
P15,1.4,45,87.74968380139326,769.7850927530947,0.0,0.0,1.4025847864991103,1.4003042741432816,1.051
P15,1.4,46,95.32672483974734,794.7670120486695,0.0,0.0,1.4040480637631658,1.3996970011718666,1.051
P15,1.4,47,102.97096107689022,815.0319891118264,0.0,0.0,1.4041365544899964,1.3990459927146621,1.051
P15,1.4,48,110.74886279004534,828.8635635569616,0.0,0.0,1.4026555828615208,1.3994198854551914,1.051
P15,1.4,49,119.68947722577273,835.19707446053,0.0,0.0,1.4013936929559716,1.400274966818243,1.051
P15,1.4,50,130.2154218814117,832.6595421153673,16.416851625780158,17.60513539833746,1.4015915607584484,1.3999544658680856,1.051
P15,1.4,51,141.99887422679444,819.4442669540562,24.570013199912243,59.25924575891531,1.402552975282705,1.3993837812197034,1.051
P15,1.4,52,154.97823847879943,793.5659412773964,29.78793759588058,123.78426747440177,1.403584483273654,1.3997062401417284,1.051
P15,1.4,53,167.61504490097664,752.6176468830232,24.37867520903939,205.78543076878688,1.4048858082942215,1.3995484770646611,1.051
P15,1.4,54,176.0230639173183,694.0120071799712,3.336313907186375,295.3312366829211,1.4064454125707484,1.3991964914003376,1.051
P15,1.4,55,177.52529209729644,616.8967990893203,-26.892397961723713,384.6839880754599,1.4078969128070236,1.4016980218714168,1.051
P15,1.4,56,170.45473525436452,523.8933289564887,-57.214584198708756,466.90703841024975,1.4093643706084267,1.4040643068077632,1.051
P15,1.4,57,151.45188915802242,420.68647691562364,-84.69980897191037,534.5430310257651,1.411343416926064,1.3957953403226644,1.051
P15,1.4,58,121.50422501312866,315.95752034595216,-107.43640529922752,583.9239319396644,1.4134996565396465,1.3763505850839242,1.051
P15,1.4,59,86.86996553763902,220.62900176907002,-122.95350184054264,617.8759806291536,1.4142029053859906,1.358643582507413,1.051
P15,1.4,60,53.50171376945821,143.55865173811776,-133.04979477598553,642.9176141605277,1.4117873212417897,1.352596498201269,1.051
P15,1.4,61,26.598928292197638,87.04709174770153,-139.22156804008173,664.1528825776337,1.4057096853645592,1.3600592026186775,1.051
P15,1.4,62,9.600634256543083,48.76365233380247,-140.52969820301104,684.1628501915945,1.3962412305139775,1.3754737847689333,1.051
P15,1.4,63,0.435355966731696,25.631079539257094,-138.35042724455903,703.7451161682743,1.3859980632900137,1.3916162910287442,1.051
P15,1.4,64,-3.6138913870223286,13.377756116247289,-134.0223299218825,721.3148194113741,1.380587606755119,1.4022376064811246,1.051
P15,1.4,65,-3.3432753695204878,6.71176260675923,-126.17932003095103,734.4482649290838,1.3834733141765192,1.403345344176131,1.051
P15,1.4,66,-1.0873933621796628,2.758069677838081,-115.93582876594388,742.3623112653712,1.392761416333965,1.3992134531443456,1.051
P15,1.4,67,0.8528232423859979,1.5393330379845769,-104.95354745499652,745.1028157858476,1.40226351569478,1.395602264800944,1.051
P15,1.4,68,2.764029113397126,2.153566799784939,-92.4292937510432,741.7378218751923,1.4065333836594642,1.3951830835699592,1.051
P15,1.4,69,4.177193375369528,2.8011804589028517,-79.29462194260458,731.602810012536,1.4056306777315015,1.3979550134434846,1.051
P15,1.4,70,4.263270438729631,3.066195972270441,-67.18171359887455,715.5031548260092,1.402997806294731,1.402633009106585,1.051
P15,1.4,71,4.340835343938166,3.353700762342776,-55.36127657671378,694.5759079270897,1.4005850651373781,1.4069305853459648,1.051
P15,1.4,72,4.625794850650979,3.6419137529578514,-44.25883742970723,669.9913229162306,1.398784201860754,1.4091210401930356,1.051
P15,1.4,73,4.2322833299897775,3.7094606302765136,-35.28539645170165,643.6283643012079,1.3984613269029653,1.4091832112220275,1.051
P15,1.4,74,4.027639079505207,3.7032174377916998,-27.19796441356567,617.599457848502,1.3992362834372218,1.4085477601307368,1.051
P15,1.4,75,4.413806596793158,3.7798029465421643,-19.77418305593537,593.1294873810193,1.3997215080194803,1.4088647937023633,1.051
P15,1.4,76,4.397888279808489,3.8616427090494043,-14.256227835805673,571.1723627426384,1.39960827610453,1.409446784189372,1.051
P15,1.4,77,4.318334621643463,3.7973531510785734,-9.565218071708472,553.0997789616778,1.3997663308760422,1.4087789608596355,1.051
P15,1.4,78,4.381510279135196,3.496288216523238,-4.844746796329187,539.5005305692775,1.4001130009525597,1.4075556877124942,1.051
P15,1.4,79,4.290982098141355,2.928524089640306,-1.3099349133724982,529.9982249991083,1.3999694946219843,1.4068214200302336,1.051
P15,1.4,80,4.482510682596286,2.1636381054579967,1.6795415226355388,524.7239114028519,1.3993299523877052,1.4062720593462832,1.051
P15,1.4,81,5.185927474188474,1.5063293885731963,4.937459923264126,524.135642578223,1.398995590000935,1.4054406518302927,1.051
P15,1.4,82,5.330824772821786,1.129063375496033,7.767994802948777,527.6802790743894,1.3994439024507608,1.4041023835194084,1.051
P15,1.4,83,5.101234847468156,0.7169270555910674,10.50560534520076,534.5398041195797,1.3998176775270696,1.4026165423166999,1.051
P15,1.4,84,5.107292743311655,0.15807553590037884,14.05057653611261,544.8156943073927,1.3998145107281597,1.401663194257471,1.051
P15,1.4,85,0.0,0.0,17.849227025886133,558.4039296123553,1.3997340255375919,1.40115308999319,1.051
P15,1.4,86,0.0,0.0,22.209585801684934,574.1694276506352,1.3996735086897334,1.4005250797165991,1.051
P15,1.4,87,0.0,0.0,27.96644931641766,591.2683167514642,1.3995416419755191,1.3998874482881427,1.051
P15,1.4,88,0.0,0.0,34.31080125954409,609.7810647571359,1.3995607682781621,1.3993868139340109,1.051
P15,1.4,89,0.0,0.0,41.10517617858667,629.7634693093916,1.3997777165866867,1.3987970451207354,1.051
P15,1.4,90,0.0,0.0,49.125941347256564,651.2579785971973,1.4000135134052851,1.398754575833283,1.051
P15,1.4,91,0.0,0.0,57.62821694437847,674.953921930461,1.3998018522674451,1.3996796107628129,1.051
P15,1.4,92,0.0,0.0,66.1011182523231,701.2053299150997,1.3992260359944801,1.400702714541503,1.051
P15,1.4,93,0.0,0.0,75.06039272089426,728.7524582676718,1.3993773100790425,1.4009743554904572,1.051
P15,1.4,94,0.0,0.0,83.92414218449787,755.5608839016606,1.3999922744187348,1.4011737057244846,1.051
P15,1.4,95,0.0,0.0,92.29811326680726,779.9023879654143,1.3999087803554209,1.4019525874857817,1.051
P15,1.4,96,0.0,0.0,100.91676696014858,799.9963808764459,1.3992464432385554,1.4025292946427534,1.051
P15,1.4,97,0.0,0.0,109.75051364136027,814.056982485035,1.3990391803129925,1.4024178621340722,1.051
P15,1.4,98,0.0,0.0,118.6806759157224,820.974553192144,1.399498188841345,1.4017646632258443,1.051
P15,1.4,99,15.156737396614977,11.260631489172114,128.6985128830799,819.9165586634341,1.3997402664134468,1.4014073718186322,1.051
P15,1.6,0,14.186106834927731,11.60411017621171,152.20144012430708,845.9081195091873,1.5997961398905416,1.6018328790770664,0.979
P15,1.6,1,19.57433230197843,55.144427990947335,164.2013924349294,828.6184015576264,1.5998983367524244,1.6023817548840755,0.979
P15,1.6,2,22.385806837451938,125.79145308440494,175.20073918168566,797.2536672189391,1.5996437657842086,1.6039756829966867,0.979
P15,1.6,3,16.9162852975216,221.42596851348847,183.62411683513136,751.1508786943433,1.599184377598662,1.6056197377548689,0.979
P15,1.6,4,-2.787463706385653,330.62079983299344,187.81281243284158,689.8785114487996,1.5988227469757954,1.607195443041698,0.979
P15,1.6,5,-34.804079559360424,437.56399539540865,184.31729135668527,613.0774883347434,1.5993327999111333,1.6090238506183632,0.979
P15,1.6,6,-69.19710570279119,528.1056466810536,171.58049209940125,523.2479962492289,1.6012683471871219,1.6105155224481817,0.979
P15,1.6,7,-99.35126126961174,593.0493542495345,150.73384778123173,426.51908085941056,1.599634390822976,1.611309817572967,0.979
P15,1.6,8,-123.72454469578399,631.484218849761,121.83935884575452,330.34618469897003,1.5855220638443528,1.6119433392817024,0.979
P15,1.6,9,-141.41953713393718,651.5090062200261,88.51762237863868,242.17504851936044,1.5617166975303929,1.6124667979020681,0.979
P15,1.6,10,-152.32993056938554,665.3756420105325,57.97375625373227,168.56781513218064,1.5444629362396363,1.6111182986811579,0.979
P15,1.6,11,-157.76646768794484,682.1683679499491,33.85104474287639,112.78721792285745,1.546368032062038,1.6066568939043502,0.979
P15,1.6,12,-159.7904318903236,703.6756007991346,16.86237963991503,73.15336490093077,1.564097690673442,1.5988493115066063,0.979
P15,1.6,13,-157.1297362219422,727.061693595267,6.485401394617375,45.579978963153316,1.586510605839844,1.5898435462541765,0.979
P15,1.6,14,-149.86566894087866,749.7231711092363,1.9095311673828892,27.040706653506515,1.6036015310927567,1.5841152940940588,0.979
P15,1.6,15,-140.49524974836265,769.8042971594558,0.46108666570416085,15.565085771668127,1.6079016741124474,1.5847283196478235,0.979
P15,1.6,16,-129.37484432272535,784.3353418043164,0.9210244730849003,8.998023340842641,1.602609158764902,1.591079371220772,0.979
P15,1.6,17,-115.94725719823478,790.2475014555122,2.8186620647573934,5.19439837134087,1.5957210991717041,1.5984260257937832,0.979
P15,1.6,18,-102.04269200269871,786.4416374971561,3.9377634816215235,3.260262410574186,1.5927474949759968,1.6033701619692244,0.979
P15,1.6,19,-88.87407246571769,772.9414560318003,4.18621632074959,2.699555058568102,1.5953574665263504,1.6057648665046411,0.979
P15,1.6,20,-75.46013488707797,750.0843722668144,4.539523613343376,2.317799863658778,1.6011799968828389,1.6053508789317321,0.979
P15,1.6,21,-62.76129205104144,719.8339827088643,4.556686123587,1.6263411806889059,1.6068437131858992,1.602652351128502,0.979
P15,1.6,22,-51.82742748984726,685.479143752395,3.755378272606102,1.3218024629613665,1.610251054856227,1.599786314665426,0.979
P15,1.6,23,-41.937894312773935,649.9065803032375,3.58358167930408,1.7602265771907424,1.6116359239079288,1.5982698202147418,0.979
P15,1.6,24,-32.43920117640159,614.7618892710086,3.890151926930152,2.08141385146168,1.611891393806648,1.5980886344213672,0.979
P15,1.6,25,-24.637859581854688,581.579950646118,3.6626064898753534,1.818456752048708,1.6115246503835845,1.5987068707770808,0.979
P15,1.6,26,-18.440871097323686,552.3193346423564,3.6385946553185207,1.56056783899003,1.6107723842165644,1.5995519638654905,0.979
P15,1.6,27,-12.783723284851895,528.0377791435487,4.30225041422062,1.4876470965929935,1.610163864160608,1.600101329102033,0.979
P15,1.6,28,-8.389970429417067,508.47473383390627,4.3387746634858955,0.8772005654054242,1.6098882313065124,1.600292189605417,0.979
P15,1.6,29,-5.382011786304234,493.35416343138013,0.0,0.0,1.6090573755192998,1.6005011637290298,0.979
P15,1.6,30,-2.9342090144122475,483.30843194056644,0.0,0.0,1.607775859612288,1.600263955933272,0.979
P15,1.6,31,-0.6828200057348571,478.8588204604361,0.0,0.0,1.606736900031921,1.5995025045181097,0.979
P15,1.6,32,0.933745687982779,479.4031567988009,0.0,0.0,1.6055152862931668,1.59918523168809,0.979
P15,1.6,33,2.71888981008344,484.291161589383,0.0,0.0,1.6041010253595993,1.5994911208349898,0.979
P15,1.6,34,5.29134248347724,493.5863739112644,0.0,0.0,1.6027842117514939,1.5994917655967533,0.979
P15,1.6,35,8.363179097062075,507.08868294282735,0.0,0.0,1.6016336906788968,1.599170518631744,0.979
P15,1.6,36,12.475574552151695,524.1035703348135,0.0,0.0,1.6006146198057538,1.5993377735607124,0.979
P15,1.6,37,18.274404786672996,544.5906148910983,0.0,0.0,1.599885670135854,1.5995647792316752,0.979
P15,1.6,38,25.409925111457895,569.0085217102562,0.0,0.0,1.5995664395845812,1.5993155214031105,0.979
P15,1.6,39,33.77487605136662,596.9277359581134,0.0,0.0,1.5996301360684104,1.599122816370864,0.979
P15,1.6,40,43.86649197841237,627.4021335195024,0.0,0.0,1.5998544872102718,1.5992334150561387,0.979
P15,1.6,41,55.039989511167406,660.2234681332626,0.0,0.0,1.6002240258130949,1.5991319219080926,0.979
P15,1.6,42,66.515596897905,695.1824452502924,0.0,0.0,1.6005124120112952,1.5990055080352796,0.979
P15,1.6,43,78.14553395250564,731.0111797990913,0.0,0.0,1.6008239280783272,1.5992839531959224,0.979
P15,1.6,44,89.59647778661304,766.0397244827583,0.0,0.0,1.6015983980767554,1.5995794065852702,0.979
P15,1.6,45,100.32193420525171,798.7400041563798,0.0,0.0,1.602596689910086,1.5996151737105233,0.979
P15,1.6,46,110.71243220084568,826.9508612715167,0.0,0.0,1.6034407539683,1.5995734207471186,0.979
P15,1.6,47,121.33692480194819,847.9946613495665,0.0,0.0,1.6038768583791831,1.5995569686710056,0.979
P15,1.6,48,132.01263821549412,860.0447855398736,0.0,0.0,1.603862938232496,1.5994471196354088,0.979
P15,1.6,49,143.23422924006607,862.0782853447365,0.0,0.0,1.6035211959122866,1.599352370813645,0.979
P15,1.6,50,155.50297775061352,852.5426995823406,13.64368639218953,17.6008308989681,1.6031165652205848,1.5994692478377832,0.979
P15,1.6,51,167.96382204503823,829.1666335709934,18.64530479807132,64.04902385400393,1.603320115344041,1.5995763368952105,0.979
P15,1.6,52,179.1307183557858,790.0537026653924,20.514154139515238,136.00299473210256,1.6043660549714351,1.5996541264969693,0.979
P15,1.6,53,187.2365113865209,734.1293843991749,14.179775480519162,229.57260504564468,1.6057396205574603,1.5998311961737284,0.979
P15,1.6,54,188.79940930852598,660.9082472309337,-5.590914511772425,332.6592113787226,1.6072166039310563,1.5996936726527586,0.979
P15,1.6,55,179.9509522020486,571.6952870192537,-36.660198445083985,432.63114134661396,1.6089792649105785,1.5995538980129762,0.979
P15,1.6,56,160.78726096274156,471.82066288213053,-69.45012966254691,521.3552067602901,1.611007783383652,1.600274405854008,0.979
P15,1.6,57,133.16077864744594,369.92878947014566,-97.65054918553798,593.0791429290967,1.6129517517292893,1.5980656383288696,0.979
P15,1.6,58,99.32839896377024,274.8736307971406,-120.75287206422146,644.4897000479982,1.6141713815629144,1.5859106840571089,0.979
P15,1.6,59,65.70828933044069,193.8398931047929,-137.74865269963698,677.2870379035604,1.613395372400731,1.5648955599326735,0.979
P15,1.6,60,38.69375980225198,131.3288179749183,-147.32882781447165,698.0624590239983,1.608860523767961,1.5490142258417545,0.979
P15,1.6,61,19.148228045684874,87.54893346863079,-151.61256994479905,713.6208084961555,1.6001648474460652,1.5485227439018459,0.979
P15,1.6,62,6.127875055079181,58.06552894082924,-152.5048595642734,726.8077302227704,1.589442651396773,1.5614984957977072,0.979
P15,1.6,63,-0.19556061893693719,37.9710307544265,-149.0257651743385,738.1498542784643,1.5811781884995508,1.5813428619350907,0.979
P15,1.6,64,-1.5129914898809522,25.14741920604169,-141.85726271227986,748.129988669034,1.580313419667435,1.598557796579494,0.979
P15,1.6,65,-0.6947699974985416,18.142731080446378,-133.32587835238624,755.7236847972162,1.5867225714777644,1.6068659913329093,0.979
P15,1.6,66,1.2083245183654712,14.210583421744085,-122.85554897208952,758.2512185952879,1.595841517003894,1.6071130501990463,0.979
P15,1.6,67,3.4865904741145513,11.266612939099582,-110.03899144084357,754.268189548061,1.6028178803411541,1.6027596127265318,0.979
P15,1.6,68,4.658439037130154,9.515360370138934,-96.99069696897149,744.1421258153073,1.605854014740815,1.5986976295183801,0.979
P15,1.6,69,4.86839871155637,9.005168925318246,-83.93530304649924,727.8129526967724,1.6061327983162348,1.5978046496193257,0.979
P15,1.6,70,5.259545136358937,8.437208648252472,-70.09746759358862,704.8878281066936,1.6043618072259151,1.6001300473953892,0.979
P15,1.6,71,5.262435904716233,7.481276625277314,-56.9711285809721,676.984920680132,1.6013301911087852,1.6040837265260601,0.979
P15,1.6,72,4.694354360751821,7.032062410642292,-45.607220443942644,646.9518950632369,1.5987472287278404,1.6077250826852976,0.979
P15,1.6,73,4.725193083932987,7.13473465521513,-35.08413958548572,616.4903378933371,1.5976324872956986,1.6105207858523647,0.979
P15,1.6,74,5.025089418828149,6.841056661227584,-25.81301257688826,586.5603072519273,1.597868244983132,1.6120336045964194,0.979
P15,1.6,75,4.591756181938529,6.060193315425379,-18.86292730824746,558.9340899016975,1.598910556876853,1.6119931081338055,0.979
P15,1.6,76,4.270160801174967,5.5485848982221295,-13.146025845375323,535.3476561148727,1.5998259240721284,1.611176127250778,0.979
P15,1.6,77,4.5918691748156695,5.334114645439031,-7.980046779464087,515.9260606126871,1.6000738492980864,1.6103918748901442,0.979
P15,1.6,78,4.6463446249973535,4.824374258873407,-4.574790124137533,500.3236716291371,1.6001189479425022,1.6093355001203196,0.979
P15,1.6,79,4.448040150742725,4.0105612105028845,-2.4055563289759454,489.30374834619954,1.6000673771798362,1.6079755489656153,0.979
P15,1.6,80,4.55290303155187,3.283893048326537,0.05571354826253203,483.459884106952,1.599638008146688,1.6067669407913723,0.979
P15,1.6,81,4.466369320204649,2.6472383628758887,2.16692505846635,482.1073829974114,1.5991972976810973,1.6056350790580833,0.979
P15,1.6,82,3.974016679704416,1.8300696160873557,3.7221767825339636,484.72190315378487,1.599181098100199,1.6043784007745607,0.979
P15,1.6,83,3.880933489689788,0.9954848599040115,6.132287553822633,491.7812492892471,1.599485471939916,1.6032278319899143,0.979
P15,1.6,84,3.9595704913433423,0.4846461345631602,9.672511134309307,503.3239539126456,1.5997253955425454,1.602387843715386,0.979
P15,1.6,85,3.589911506765548,0.09557306835278602,13.73024810697094,518.3540000986919,1.5998606405130906,1.6015449949882414,0.979
P15,1.6,86,0.0,0.0,18.856254628747646,536.3462877160099,1.6000422016879319,1.6005583847559606,0.979
P15,1.6,87,0.0,0.0,25.569218838220138,557.7276771908544,1.5999316542233402,1.5998205016896212,0.979
P15,1.6,88,0.0,0.0,33.171083413259446,582.3520628366848,1.5997104726553597,1.5995656756869336,0.979
P15,1.6,89,0.0,0.0,41.608148917733686,609.2719112381893,1.599722700813401,1.5994962187843378,0.979
P15,1.6,90,0.0,0.0,51.339583934577874,638.3025713084326,1.5995763676265289,1.5997771935721017,0.979
P15,1.6,91,0.0,0.0,61.6813580419805,669.9916471111569,1.5990546991967869,1.6001949448779689,0.979
P15,1.6,92,0.0,0.0,72.08060397722217,703.8595924947915,1.5988150752816677,1.6004733302913443,0.979
P15,1.6,93,0.0,0.0,82.91335749103126,738.143956320367,1.5991488868630581,1.60104076411215,0.979
P15,1.6,94,0.0,0.0,93.84025352116682,771.0757468656585,1.5994766606299393,1.6019125387965716,0.979
P15,1.6,95,0.0,0.0,104.36951731553059,800.9242775812664,1.5997146986878676,1.6025011188884086,0.979
P15,1.6,96,0.0,0.0,115.13895979610042,825.126539688313,1.6000507637305263,1.6025024492595148,0.979
P15,1.6,97,0.0,0.0,126.54551958878523,841.0103753548477,1.6001728170196425,1.6024098979295178,0.979
P15,1.6,98,0.0,0.0,138.14475551868284,847.0917083880855,1.5998954179550722,1.6022838397934245,0.979
P15,1.6,99,13.962213637548942,11.592197492680855,149.92831559540963,842.3910486151115,1.599770958174827,1.6019152739589646,0.979
P15,1.8,0,8.297863839744732,12.070852868620438,174.6288808097601,813.0740106243979,1.7999138938157095,1.804391996125506,0.884
P15,1.8,1,9.87109781445294,63.29089023388806,181.6997259053694,778.7387907688402,1.799917494372051,1.8043093356777278,0.884
P15,1.8,2,9.23217198903961,146.48758936953882,184.92781961929208,728.0812653709488,1.7995511652968115,1.8042752018934933,0.884
P15,1.8,3,3.398061438730797,262.1964593931533,182.7600999120666,661.9284540829132,1.7991693459760285,1.8048773961224853,0.884
P15,1.8,4,-12.8212999147946,399.9327751398173,173.79538945006468,582.8918486952907,1.7990879334317282,1.8060120715511014,0.884
P15,1.8,5,-42.25809449322615,538.3369721556985,156.92803262993147,494.82535039936533,1.7985956414440059,1.8076826078789385,0.884
P15,1.8,6,-78.07071207901336,655.1165809856262,132.15385396337746,402.26393066811306,1.7973849092856484,1.8096739668553208,0.884
P15,1.8,7,-110.00844570009826,736.813616508213,103.13046361131224,311.4127963409042,1.7970156583981238,1.8113629742537092,0.884
P15,1.8,8,-134.8352924722756,780.7274890404635,74.57043557842294,229.18230412706285,1.7960860182267162,1.812163528544753,0.884
P15,1.8,9,-152.29566714399814,795.0537550886478,48.267415751321906,159.76247821705144,1.7863882363658674,1.8114626973886712,0.884
P15,1.8,10,-162.7143280329032,793.7820412312127,26.840011922721203,104.40908756546033,1.7636378115779199,1.8086743361178457,0.884
P15,1.8,11,-165.98095440498275,788.7735119122862,11.906225096075813,62.69608923559874,1.738973591506603,1.8033617081544107,0.884
P15,1.8,12,-162.898764946933,786.6297167234668,2.5270977259040723,33.31100592141854,1.7305381028419298,1.796464702643317,0.884
P15,1.8,13,-156.28859345618687,789.0984894622993,-2.3583546398475033,14.051476983489316,1.7440969057289606,1.7904520469839103,0.884
P15,1.8,14,-146.24602282082324,794.1141930301626,-4.038313138779158,2.2005953657471347,1.771275534382371,1.7873079530885942,0.884
P15,1.8,15,-132.5757647257485,798.3621283832528,0.0,0.0,1.7991493905233182,1.788135103489848,0.884
P15,1.8,16,-117.27282545741731,799.3731683392116,0.0,0.0,1.8162189509401925,1.7923457981284914,0.884
P15,1.8,17,-102.39761221119268,795.2036890761162,0.0,0.0,1.8190672717589056,1.7977362498306173,0.884
P15,1.8,18,-87.44562549986985,784.1414627769889,0.0,0.0,1.8129986196699608,1.802306783259075,0.884
P15,1.8,19,-71.61100185217282,765.1989049328286,0.0,0.0,1.805322258725799,1.8051738052390698,0.884
P15,1.8,20,-57.086389448583176,738.8859814646086,0.0,0.0,1.8006610121329074,1.8057404301407267,0.884
P15,1.8,21,-44.49173052228185,706.8542151093011,0.0,0.0,1.8007604111112765,1.8041716674354298,0.884
P15,1.8,22,-32.83962505729594,671.123337525906,0.0,0.0,1.8041343616938166,1.8015427465206526,0.884
P15,1.8,23,-22.454465122691108,634.1012129430399,0.0,0.0,1.8086433135918831,1.7991364840334247,0.884
P15,1.8,24,-14.068690380777273,597.9480597837759,0.0,0.0,1.8127856774442566,1.7975144488070296,0.884
P15,1.8,25,-8.012594874444277,564.1765111617725,0.0,0.0,1.8151887962667421,1.7970637293178362,0.884
P15,1.8,26,-3.137088456966948,534.2582802201196,0.0,0.0,1.815454785143388,1.7981025250372078,0.884
P15,1.8,27,0.6279492878919288,509.56218813236745,0.0,0.0,1.8144976326215587,1.7994953374617089,0.884
P15,1.8,28,2.340647067354072,490.69299093931227,0.0,0.0,1.8130033797894185,1.8002638194970682,0.884
P15,1.8,29,3.12186772516518,477.682068443379,0.0,0.0,1.8113437235667011,1.8003267134515604,0.884
P15,1.8,30,3.8395909186758828,470.4328476103299,0.0,0.0,1.809573232629979,1.7999545076002732,0.884
P15,1.8,31,4.269936667794948,468.70888477126,0.0,0.0,1.8076516674861012,1.799379347397041,0.884
P15,1.8,32,4.613129034962347,472.1409668768349,0.0,0.0,1.805767968065446,1.7990336050671112,0.884
P15,1.8,33,5.651639086361713,480.5474994336242,0.0,0.0,1.804081774406664,1.799143765274382,0.884
P15,1.8,34,8.084663462310365,494.0051441827165,0.0,0.0,1.8025614421686746,1.7993946022975102,0.884
P15,1.8,35,11.826014620424695,512.1853441866334,0.0,0.0,1.8012636710258452,1.7995453902547844,0.884
P15,1.8,36,17.08024974641768,534.2706560232074,0.0,0.0,1.8002586145399164,1.7996730908405174,0.884
P15,1.8,37,24.349452984263294,559.9363862341099,0.0,0.0,1.79935620412741,1.7998708230502003,0.884
P15,1.8,38,33.48294702671216,589.3547152717607,0.0,0.0,1.7986611999813722,1.7996791737731046,0.884
P15,1.8,39,44.143153902571484,622.194419479609,0.0,0.0,1.798488185244226,1.7992325783967842,0.884
P15,1.8,40,56.26308531891461,657.3565657628939,0.0,0.0,1.7988706265195458,1.7992372163619375,0.884
P15,1.8,41,69.53856964215129,693.4917612404878,0.0,0.0,1.7997037464577363,1.7995956114045277,0.884
P15,1.8,42,82.96500498083985,729.3818996170879,0.0,0.0,1.8007424587670977,1.799743581135034,0.884
P15,1.8,43,95.83389449265961,763.6604604968371,0.0,0.0,1.8017984501024253,1.7996129178186506,0.884
P15,1.8,44,108.0732470643419,794.4647856605918,0.0,0.0,1.80281413469221,1.79933813806177,0.884
P15,1.8,45,119.45881221060776,819.6469874426352,0.0,0.0,1.803862883906962,1.7990386614779765,0.884
P15,1.8,46,130.00136940514074,836.9487217418618,0.0,0.0,1.804644340377479,1.7991910234274735,0.884
P15,1.8,47,140.1896326690877,844.0126461851022,0.0,0.0,1.8051868597028007,1.7995918590342719,0.884
P15,1.8,48,150.2437103203088,838.5781415276746,0.0,0.0,1.8056001515534645,1.799602417792273,0.884
P15,1.8,49,159.6010951273089,818.7794025887349,6.367203638890989,5.008434963811251,1.8054385922024454,1.7994911245772776,0.884
P15,1.8,50,167.20564944276813,783.3452417198429,8.386891175487794,46.79685987309067,1.8049057523877303,1.7996517413161155,0.884
P15,1.8,51,171.90068492896302,731.7354872189145,9.484829169578342,116.58694688968974,1.80451582232546,1.7998798310587711,0.884
P15,1.8,52,171.93933913710512,664.4489866830974,7.7922358565044805,216.1312650743898,1.8041855501035087,1.799835512630016,0.884
P15,1.8,53,165.14165593879375,583.6146176023138,-0.9397785635433316,338.4613995269703,1.8044810277722587,1.7995970070297693,0.884
P15,1.8,54,149.95859259488878,493.11785843511706,-21.05903209220273,467.859227260655,1.8061340659693557,1.7991279559841418,0.884
P15,1.8,55,126.24501717600808,398.1997138703103,-50.93086144227206,586.7644702527641,1.8085369536506455,1.7982705526337022,0.884
P15,1.8,56,96.70523578112713,305.4227120579513,-82.80549815859538,682.8390225581427,1.8108281242544433,1.797222299327512,0.884
P15,1.8,57,66.10533959853845,221.6444164976586,-110.22390883674228,750.1329504733653,1.8125726659524475,1.7959941763356304,0.884
P15,1.8,58,38.07891858683412,151.60199905300368,-131.27736980324107,788.7600541957831,1.812899324556755,1.7911336938514488,0.884
P15,1.8,59,15.34697257300099,96.86702902927493,-145.8634857331903,804.8031917604852,1.8107184629865138,1.7777846881331494,0.884
P15,1.8,60,0.07186139893683978,56.85196369930797,-153.58148033832975,807.8732513880905,1.8053502689831424,1.7580791204786779,0.884
P15,1.8,61,-7.89551568794416,29.922949263160497,-154.78848749237136,806.9960630429731,1.7970724539418148,1.742180280559196,0.884
P15,1.8,62,-10.252835052996101,13.347528312490759,-151.50579249444542,807.0174125426764,1.7884789543095299,1.7399732304804258,0.884
P15,1.8,63,-8.916675735727823,3.4641727835599734,-144.8058359147927,807.9328438824837,1.7827636890148233,1.7538285421105124,0.884
P15,1.8,64,0.0,0.0,-134.5178163424797,807.7354296253205,1.7821864564907735,1.7773347623608242,0.884
P15,1.8,65,0.0,0.0,-121.7683055936468,805.1007085614207,1.7869492955167123,1.7996008749732622,0.884
P15,1.8,66,0.0,0.0,-108.31533559559448,799.023603272252,1.7947948179550341,1.8135436366748503,0.884
P15,1.8,67,0.0,0.0,-94.44204390210075,787.9720100803548,1.8027521016183505,1.8168460437244875,0.884
P15,1.8,68,0.0,0.0,-79.80736827434949,770.7299935089682,1.8084407507900317,1.8121531229016876,0.884
P15,1.8,69,0.0,0.0,-65.44483566378793,747.5080453117807,1.810274687011272,1.8056771283533501,0.884
P15,1.8,70,0.0,0.0,-52.43956774979055,719.5681809409904,1.8084011791658974,1.802101396980683,0.884
P15,1.8,71,0.0,0.0,-40.35929368868297,688.0184347545367,1.8044172007252646,1.8022205137977998,0.884
P15,1.8,72,0.0,0.0,-29.114542511460737,653.9119619413286,1.8000673327314534,1.80506122793216,0.884
P15,1.8,73,0.0,0.0,-19.677735927997958,619.1622545658014,1.7969159494673876,1.8088972478496073,0.884
P15,1.8,74,0.0,0.0,-12.300988875499536,586.1020541211395,1.7960265241573088,1.8116076441644269,0.884
P15,1.8,75,0.0,0.0,-6.321738885473674,556.2573472372974,1.7969304758348776,1.8131344061019883,0.884
P15,1.8,76,0.0,0.0,-1.7053487233434446,530.1903769671983,1.7984635243308886,1.8139057302712918,0.884
P15,1.8,77,0.0,0.0,1.0562708013520357,508.32435020439897,1.8000560247082622,1.8135612105589527,0.884
P15,1.8,78,0.0,0.0,2.4935365214207654,491.300864001041,1.801182369469994,1.8124164060727659,0.884
P15,1.8,79,0.0,0.0,3.6563013674327123,479.39991253083167,1.801398510621613,1.811155155411088,0.884
P15,1.8,80,0.0,0.0,4.520505553351294,472.3310346588254,1.8009806127937804,1.8095196074024391,0.884
P15,1.8,81,0.0,0.0,4.868066093986083,469.98903320751714,1.800213328644659,1.8074626738805302,0.884
P15,1.8,82,0.0,0.0,5.634443061642675,472.6763241996913,1.7993222298189642,1.8054411353467434,0.884
P15,1.8,83,0.0,0.0,7.674316645993581,480.31440692693144,1.7988999223194084,1.803798719385549,0.884
P15,1.8,84,0.0,0.0,10.78540203849357,492.1901586743612,1.799036176626148,1.802414554129176,0.884
P15,1.8,85,0.0,0.0,14.97932721680022,507.7890787753745,1.7993844464182325,1.8012775994963917,0.884
P15,1.8,86,0.0,0.0,20.89863631744141,527.305075187481,1.7997833244559807,1.8003320139941732,0.884
P15,1.8,87,0.0,0.0,28.71402405595506,550.9599654000099,1.7999050295973698,1.7995373317467949,0.884
P15,1.8,88,0.0,0.0,37.99851379007382,578.3346760440587,1.7998873329771765,1.7991460838964757,0.884
P15,1.8,89,0.0,0.0,48.59765233295714,608.7420256762159,1.7999107847534492,1.799339548868166,0.884
P15,1.8,90,0.0,0.0,60.60211068037536,641.7801203689081,1.799914054566227,1.7998163994734793,0.884
P15,1.8,91,0.0,0.0,73.60132074400909,676.9611922054127,1.7997402576093826,1.8004368315480268,0.884
P15,1.8,92,0.0,0.0,86.9721339670137,712.9902262678812,1.7993737847008324,1.801251154596736,0.884
P15,1.8,93,0.0,0.0,100.55148312139023,747.8709543777903,1.7991679395549667,1.8019127643430755,0.884
P15,1.8,94,0.0,0.0,114.21822825390475,779.5505927228279,1.7993809427350842,1.8022246256414405,0.884
P15,1.8,95,0.0,0.0,127.50906799681408,806.0459084668919,1.7997006309381736,1.802631168091306,0.884
P15,1.8,96,0.0,0.0,140.23212611589543,825.0180792479194,1.7996972360880115,1.8034031734028062,0.884
P15,1.8,97,0.0,0.0,152.52864389358484,833.7385878711995,1.7996268544054679,1.8040101828194246,0.884
P15,1.8,98,0.0,0.0,164.02044589703786,829.7102232188207,1.799724804638184,1.8042280489205886,0.884
P15,1.8,99,8.2495207132742,12.088886558131513,173.76602050722514,811.1355723175168,1.7998596543403937,1.804339635457638,0.884
